total_fga,rim_attempt_rate,corner_3_rate,non_corner_3_rate,pullup_3_rate,catch_shoot_3_rate,short_mid_rate,long_mid_rate,mid_range_rate,ftr,shooting_fouls_per_100,and1_rate,assisted_2pt_rate,assisted_3pt_rate,assists_per_100,turnovers_per_100,ast_to_ratio,steals_per_100,blocks_per_100,def_reb_share,total_fouls_per_100,total_possessions,games_played,season,max_date,player_name
108,0.4537037037037037,0.1388888888888889,0.28703703703703703,0.009259259259259259,0.4166666666666667,0.12037037037037036,0.0,0.12037037037037036,0.19444444444444445,2.5817555938037864,0.0,0.5714285714285714,1.0,3.098106712564544,2.2375215146299485,1.3846153846153846,1.7211703958691909,0.5163511187607573,0.07032967032967033,3.614457831325301,581,41,2023-2024,2024-04-13,A.J. Lawson
196,0.04081632653061224,0.1326530612244898,0.7295918367346939,0.17857142857142858,0.6836734693877551,0.04591836734693878,0.05102040816326531,0.09693877551020408,0.09693877551020408,2.099737532808399,0.0,0.8571428571428571,0.9420289855072463,2.6246719160104988,1.0498687664041995,2.5,0.7874015748031495,0.3499562554680665,0.06264236902050115,4.286964129483815,1143,56,2023-2024,2024-04-13,AJ Green
710,0.6661971830985915,0.04929577464788732,0.14507042253521127,0.07042253521126761,0.12394366197183099,0.1267605633802817,0.01267605633802817,0.13943661971830987,0.3676056338028169,1.9756489777165174,0.0,0.6412429378531074,0.85,5.835056283023202,2.3891569032850906,2.4423076923076925,1.286469101768895,1.0107971513898462,0.09136109384711001,3.354008729611762,4353,72,2023-2024,2024-04-13,Aaron Gordon
407,0.19164619164619165,0.07125307125307126,0.45454545454545453,0.16461916461916462,0.36117936117936117,0.23832923832923833,0.044226044226044224,0.28255528255528256,0.1547911547911548,2.4348568987612134,0.0,0.25252525252525254,0.8072289156626506,5.89491670226399,2.135839384878257,2.76,1.751388295600171,0.25630072618539085,0.05218317358892439,5.339598462195643,2341,77,2023-2024,2024-04-13,Aaron Holiday
642,0.32554517133956384,0.11526479750778816,0.411214953271028,0.11838006230529595,0.40809968847352024,0.13862928348909656,0.009345794392523364,0.14797507788161993,0.21962616822429906,3.685439916947833,0.0,0.6931818181818182,0.9857142857142858,2.8030106410589153,1.6869971450817545,1.6615384615384616,1.6869971450817545,1.2717363093693226,0.07295988934993085,6.384635349078641,3853,72,2023-2024,2024-04-13,Aaron Nesmith
369,0.5013550135501355,0.0948509485094851,0.24390243902439024,0.06504065040650407,0.27371273712737126,0.14905149051490515,0.01084010840108401,0.15989159891598917,0.18699186991869918,2.493438320209974,0.0,0.6666666666666666,0.9666666666666667,3.718285214348206,2.4496937882764653,1.5178571428571428,2.405949256342957,0.8311461067366579,0.070267131242741,3.937007874015748,2286,77,2023-2024,2024-04-13,Aaron Wiggins
419,0.2577565632458234,0.1360381861575179,0.48448687350835323,0.07159904534606205,0.548926014319809,0.10978520286396182,0.011933174224343675,0.12171837708830549,0.07159904534606205,1.609538002980626,0.0,0.7264150943396226,1.0,5.007451564828614,1.4307004470938898,3.5,1.1326378539493294,1.8479880774962745,0.12638411607483774,2.8017883755588677,3355,65,2023-2024,2024-04-13,Al Horford
569,0.1265377855887522,0.1054481546572935,0.4833040421792619,0.22495606326889278,0.36379613356766255,0.22671353251318102,0.05799648506151142,0.28471001757469244,0.29349736379613356,1.685649202733485,0.17574692442882248,0.4880952380952381,0.7857142857142857,4.009111617312073,2.1867881548974943,1.8333333333333333,1.275626423690205,0.5466970387243736,0.0728744939271255,3.462414578587699,2195,66,2023-2024,2024-04-13,Alec Burks
114,0.2894736842105263,0.07894736842105263,0.37719298245614036,0.09649122807017543,0.35964912280701755,0.19298245614035087,0.06140350877192982,0.2543859649122807,0.34210526315789475,1.195814648729447,0.0,0.7586206896551724,1.0,4.783258594917788,2.391629297458894,2.0,2.092675635276532,1.9431988041853512,0.11879432624113476,2.9895366218236172,669,27,2023-2024,2024-04-13,Aleksej Pokusevski
533,0.24202626641651032,0.10318949343339587,0.5196998123827392,0.1294559099437148,0.49343339587242024,0.1200750469043152,0.0150093808630394,0.1350844277673546,0.17636022514071295,2.1875854525567404,0.0,0.43859649122807015,0.8805970149253731,6.535411539513262,2.7071369975389663,2.414141414141414,3.1446540880503147,1.9141372709871478,0.07137907137907137,4.949412086409626,3657,70,2023-2024,2024-04-13,Alex Caruso
80,0.625,0.0,0.05,0.0,0.05,0.3125,0.0125,0.325,0.375,4.161712247324614,0.0,0.7142857142857143,1.0,5.826397146254459,3.2104637336504163,1.8148148148148149,1.3079667063020213,3.804994054696789,0.12735849056603774,7.609988109393578,841,47,2023-2024,2024-04-13,Alex Len
982,0.5010183299389002,0.0010183299389002036,0.11507128309572301,0.007128309572301426,0.10896130346232179,0.3564154786150713,0.026476578411405296,0.38289205702647655,0.35845213849287166,3.0801357347950926,0.0,0.6260162601626016,0.9714285714285714,8.144087705559906,4.22866092404072,1.9259259259259258,1.9838162359697205,1.2007308796658835,0.1313915857605178,5.690420255807883,3831,63,2023-2024,2024-04-13,Alperen Sengun
437,0.6567505720823799,0.02745995423340961,0.12128146453089245,0.032036613272311214,0.11670480549199085,0.16933638443935928,0.02517162471395881,0.1945080091533181,0.34782608695652173,2.3603461841070024,0.0,0.4864864864864865,0.8888888888888888,6.018882769472856,3.4225019669551533,1.7586206896551724,2.9504327301337527,1.3768686073957515,0.12699203187250996,5.350118017309206,2542,61,2023-2024,2024-04-13,Amen Thompson
335,0.21194029850746268,0.14925373134328357,0.37910447761194027,0.050746268656716415,0.47761194029850745,0.2298507462686567,0.029850746268656716,0.25970149253731345,0.2,2.1961378265808404,0.0,0.797752808988764,0.9714285714285714,2.8019689511548656,1.21166224914805,2.3125,1.5145778114350625,0.4922377887163953,0.05835010060362173,3.8621734191594093,2641,69,2023-2024,2024-04-13,Amir Coffey
480,0.8145833333333333,0.0,0.00625,0.0,0.00625,0.17916666666666667,0.0,0.17916666666666667,0.45416666666666666,2.166064981949458,0.0,0.5580524344569289,0.0,1.4841556357801846,3.2490974729241873,0.4567901234567901,2.9281989570798235,1.9253910950661854,0.24089178901576944,5.816285599679102,2493,79,2023-2024,2024-04-13,Andre Drummond
100,0.31,0.13,0.34,0.08,0.39,0.21,0.01,0.22,0.11,3.3866415804327374,0.0,0.5,1.0,4.609595484477893,2.539981185324553,1.8148148148148149,1.4111006585136407,0.5644402634054563,0.08657465495608532,8.748824082784571,1063,56,2023-2024,2024-04-13,Andre Jackson Jr.
517,0.2495164410058027,0.04448742746615087,0.2862669245647969,0.11605415860735009,0.21470019342359767,0.3597678916827853,0.059961315280464215,0.4197292069632495,0.10831721470019343,2.0344287949921753,0.0,0.41836734693877553,0.9166666666666666,8.607198748043817,3.1298904538341157,2.75,1.9405320813771518,0.18779342723004694,0.04256198347107438,4.381846635367762,3195,67,2023-2024,2024-04-13,Andrew Nembhard
769,0.30299089726918077,0.04161248374512354,0.28738621586475943,0.053315994798439535,0.2756827048114434,0.2886866059817945,0.07932379713914174,0.3680104031209363,0.23797139141742524,2.0303194369247426,0.0,0.5930232558139535,0.898876404494382,3.140227395776936,2.328099621007038,1.3488372093023255,1.0828370330265296,1.1099079588521927,0.07553956834532374,3.9252842447211695,3694,70,2023-2024,2024-04-13,Andrew Wiggins
837,0.20908004778972522,0.022700119474313024,0.4647550776583035,0.3022700119474313,0.18518518518518517,0.23894862604540024,0.06451612903225806,0.3034647550776583,0.2126642771804062,1.9732205778717407,0.0,0.1625615763546798,0.6178343949044586,8.985200845665963,4.439746300211417,2.0238095238095237,0.810429880197322,0.1761804087385483,0.06531531531531531,3.558844256518675,2838,46,2023-2024,2024-04-13,Anfernee Simons
244,0.38934426229508196,0.10245901639344263,0.2827868852459016,0.06967213114754098,0.3155737704918033,0.18032786885245902,0.045081967213114756,0.22540983606557377,0.32786885245901637,2.9885057471264367,0.4098360655737705,0.7272727272727273,0.9444444444444444,4.183908045977011,2.528735632183908,1.6545454545454545,1.6091954022988506,0.9655172413793104,0.06422018348623854,5.103448275862069,2175,68,2023-2024,2024-04-13,Anthony Black
1290,0.4883720930232558,0.011627906976744186,0.07674418604651163,0.017054263565891473,0.07131782945736434,0.3558139534883721,0.06744186046511629,0.4232558139534884,0.4069767441860465,2.1256759276524333,0.0,0.6671532846715329,0.967741935483871,4.997203057989931,2.9834048107402573,1.675,1.6595189259742682,3.3936229722170426,0.17896543270409415,3.300391571881409,5363,76,2023-2024,2024-04-13,Anthony Davis
1551,0.2907801418439716,0.017408123791102514,0.33784655061250807,0.2437137330754352,0.11154094132817537,0.26692456479690524,0.08704061895551257,0.3539651837524178,0.32108317214700194,1.1246664125047654,0.06447453255963895,0.3352601156069364,0.5459183673469388,7.64391917651544,4.498665650019062,1.6991525423728813,1.9062142584826536,0.7815478459778878,0.09440647937231081,2.8974456728936335,5246,78,2023-2024,2024-04-13,Anthony Edwards
148,0.5337837837837838,0.05405405405405406,0.1891891891891892,0.006756756756756757,0.23648648648648649,0.22297297297297297,0.0,0.22297297297297297,0.23648648648648649,2.6589595375722546,0.0,0.6885245901639344,1.0,3.5838150289017343,2.6589595375722546,1.3478260869565217,1.5028901734104045,1.2716763005780347,0.08553654743390357,5.317919075144509,865,49,2023-2024,2024-04-13,Anthony Gill
480,0.5208333333333334,0.05625,0.18958333333333333,0.03125,0.21458333333333332,0.19166666666666668,0.041666666666666664,0.23333333333333334,0.24791666666666667,2.488387524883875,0.0,0.6698564593301436,0.9565217391304348,3.981420039814201,2.78699402786994,1.4285714285714286,2.2561380225613803,1.9575315195753153,0.11701671667381054,5.839416058394161,3014,63,2023-2024,2024-04-13,Ausar Thompson
943,0.2492046659597031,0.03499469777306469,0.4135737009544008,0.1951219512195122,0.25344644750795337,0.2492046659597031,0.053022269353128315,0.3022269353128314,0.2990455991516437,1.6663399333464026,0.10604453870625664,0.4131147540983607,0.6666666666666666,8.841403646343855,3.391491864340326,2.606936416184971,1.274259949029602,0.4704959811801608,0.07547169811320754,2.9994118800235245,5101,82,2023-2024,2024-04-13,Austin Reaves
719,0.38386648122392214,0.1070931849791377,0.3101529902642559,0.08205841446453407,0.33518776077885953,0.16968011126564672,0.02920723226703755,0.19888734353268428,0.14603616133518776,1.9743336623889436,0.0,0.542016806722689,0.8934426229508197,5.972359328726555,2.541954590325765,2.349514563106796,1.678183613030602,0.8884501480750246,0.05056179775280899,4.096742349457058,4052,76,2023-2024,2024-04-13,Ayo Dosunmu
1007,0.3326713008937438,0.0009930486593843098,0.039721946375372394,0.007944389275074478,0.03277060575968222,0.576961271102284,0.04965243296921549,0.6266137040714995,0.3833167825223436,1.8730976352142357,0.09930486593843098,0.5700197238658777,1.0,6.462186841489112,3.6993678295481147,1.7468354430379747,1.8262701943338795,1.5218918286115664,0.16238350748376165,3.816436431749005,4271,70,2023-2024,2024-04-13,Bam Adebayo
223,0.21524663677130046,0.19730941704035873,0.48878923766816146,0.13901345291479822,0.547085201793722,0.08968609865470852,0.008968609865470852,0.09865470852017937,0.11659192825112108,3.3112582781456954,0.0,0.6410256410256411,0.9791666666666666,3.377483443708609,0.9933774834437087,3.4,2.119205298013245,0.13245033112582782,0.06451612903225806,5.76158940397351,1510,57,2023-2024,2024-04-13,Ben Sheppard
674,0.38427299703264095,0.03115727002967359,0.3056379821958457,0.20178041543026706,0.13501483679525222,0.2433234421364985,0.03560830860534125,0.2789317507418398,0.3456973293768546,2.233502538071066,0.0,0.5825688073394495,0.7590361445783133,4.0270727580372245,3.282571912013536,1.2268041237113403,1.2182741116751268,0.5076142131979695,0.08054919908466819,4.16243654822335,2955,60,2023-2024,2024-04-13,Bennedict Mathurin
432,0.4097222222222222,0.1597222222222222,0.27314814814814814,0.05555555555555555,0.3773148148148148,0.12731481481481483,0.03009259259259259,0.1574074074074074,0.30324074074074076,2.159896840747905,0.0,0.6209677419354839,0.953125,3.546099290780142,2.804642166344294,1.264367816091954,1.83752417794971,1.5473887814313347,0.07936507936507936,4.4165054803352675,3102,63,2023-2024,2024-04-13,Bilal Coulibaly
127,0.5984251968503937,0.0,0.0,0.0,0.0,0.4015748031496063,0.0,0.4015748031496063,0.3937007874015748,2.968960863697706,0.0,0.7638888888888888,0.0,3.576248313090418,2.834008097165992,1.2619047619047619,0.7422402159244265,2.42914979757085,0.12412587412587413,6.005398110661268,1482,38,2023-2024,2024-04-13,Bismack Biyombo
206,0.5145631067961165,0.06796116504854369,0.2087378640776699,0.05825242718446602,0.21844660194174756,0.19902912621359223,0.009708737864077669,0.2087378640776699,0.3640776699029126,3.1269942565411615,0.0,0.5595238095238095,1.0,10.274409700063817,3.446075303126994,2.9814814814814814,1.6592214422463305,0.574345883854499,0.05401234567901234,5.615826419910657,1567,60,2023-2024,2024-04-13,Blake Wesley
909,0.26732673267326734,0.07150715071507151,0.20242024202420242,0.0187018701870187,0.2552255225522552,0.38283828382838286,0.07590759075907591,0.45874587458745875,0.1342134213421342,2.467811158798283,0.0,0.5487465181058496,0.9702970297029703,2.7628755364806867,2.3605150214592276,1.1704545454545454,1.7703862660944207,0.8583690987124464,0.1579861111111111,5.123390557939914,3728,81,2023-2024,2024-04-13,Bobby Portis
1085,0.17511520737327188,0.07004608294930875,0.5271889400921659,0.17972350230414746,0.41751152073732717,0.19447004608294932,0.03317972350230415,0.22764976958525346,0.14838709677419354,2.0786767992847563,0.0,0.5475113122171946,0.860655737704918,5.498435404559678,2.5033527045149757,2.1964285714285716,2.1010281627179257,0.581135449262405,0.0622478386167147,3.9785426911041575,4474,78,2023-2024,2024-04-13,Bogdan Bogdanovic
672,0.18601190476190477,0.08779761904761904,0.40327380952380953,0.15476190476190477,0.33630952380952384,0.26785714285714285,0.05505952380952381,0.3229166666666667,0.21875,1.932367149758454,0.0,0.6457142857142857,0.8692307692307693,3.5674470457079153,3.753251579338536,0.9504950495049505,1.1148272017837235,0.18580453363062058,0.062196307094266275,3.6417688591601634,2691,56,2023-2024,2024-04-13,Bojan Bogdanovic
148,0.23648648648648649,0.13513513513513514,0.22297297297297297,0.0472972972972973,0.3108108108108108,0.3716216216216216,0.033783783783783786,0.40540540540540543,0.12837837837837837,3.135135135135135,0.0,0.7794117647058824,1.0,1.8378378378378377,1.8378378378378377,1.0,1.0810810810810811,2.7027027027027026,0.15226939970717424,4.648648648648648,925,41,2023-2024,2024-04-13,Bol Bol
251,0.2151394422310757,0.043824701195219126,0.4940239043824701,0.2948207171314741,0.24302788844621515,0.21115537848605578,0.035856573705179286,0.24701195219123506,0.09163346613545817,1.4213197969543148,0.0,0.3018867924528302,0.5,9.441624365482234,4.467005076142132,2.1136363636363638,2.6395939086294415,0.40609137055837563,0.06369426751592357,5.380710659898477,985,37,2023-2024,2024-04-13,Bones Hyland
714,0.29831932773109243,0.05322128851540616,0.2703081232492997,0.09523809523809523,0.22829131652661064,0.2703081232492997,0.10784313725490197,0.37815126050420167,0.18487394957983194,2.045656685443226,0.0,0.45149253731343286,0.8736842105263158,7.708271568336793,3.8541357841683963,2.0,1.4823599169878445,0.7708271568336793,0.07154538021259199,3.765194189149126,3373,52,2023-2024,2024-04-13,Bradley Beal
590,0.27627118644067794,0.05254237288135593,0.3423728813559322,0.13220338983050847,0.2627118644067797,0.3050847457627119,0.023728813559322035,0.3288135593220339,0.13389830508474576,1.5682174594877154,0.1694915254237288,0.5561797752808989,0.7555555555555555,7.083115525352849,2.300052273915316,3.0795454545454546,1.5420805018295871,0.36591740721380034,0.10714285714285714,3.2409827496079457,3826,73,2023-2024,2024-04-13,Brandin Podziemski
145,0.25517241379310346,0.027586206896551724,0.296551724137931,0.15862068965517243,0.16551724137931034,0.36551724137931035,0.05517241379310345,0.4206896551724138,0.2,4.270462633451958,0.0,0.6041666666666666,0.75,1.7793594306049825,3.202846975088968,0.5555555555555556,1.2455516014234875,1.4234875444839856,0.06502242152466367,6.761565836298933,562,31,2023-2024,2024-04-13,Brandon Boston Jr.
1008,0.18551587301587302,0.016865079365079364,0.22420634920634921,0.09126984126984126,0.1498015873015873,0.42956349206349204,0.14384920634920634,0.5734126984126984,0.30456349206349204,1.824087956021989,0.0992063492063492,0.4166666666666667,0.7674418604651163,9.070464767616192,4.022988505747127,2.2546583850931676,1.249375312343828,0.9995002498750625,0.09212283044058744,3.6231884057971016,4002,63,2023-2024,2024-04-13,Brandon Ingram
1083,0.18005540166204986,0.05355493998153278,0.40443213296398894,0.1394275161588181,0.3185595567867036,0.30655586334256696,0.055401662049861494,0.3619575253924284,0.15974145891043398,2.430555555555556,0.09233610341643582,0.4948453608247423,0.9027027027027027,4.050925925925926,3.0555555555555554,1.3257575757575757,1.5277777777777777,0.9722222222222222,0.07434402332361516,4.328703703703703,4320,74,2023-2024,2024-04-13,Brandon Miller
203,0.1330049261083744,0.10344827586206896,0.42857142857142855,0.1477832512315271,0.3842364532019704,0.3054187192118227,0.029556650246305417,0.33497536945812806,0.2019704433497537,2.399232245681382,0.0,0.48936170212765956,0.8125,5.278310940499041,4.030710172744722,1.3095238095238095,1.1516314779270633,0.5758157389635317,0.10796915167095116,3.8387715930902107,1042,31,2023-2024,2024-04-13,Brice Sensabaugh
746,0.30160857908847183,0.04423592493297587,0.4932975871313673,0.040214477211796246,0.4973190348525469,0.14209115281501342,0.01876675603217158,0.16085790884718498,0.1769436997319035,2.3658639628221376,0.13404825737265416,0.7441860465116279,1.0,2.6827207435572453,1.6476552598225602,1.6282051282051282,0.9083227714406422,3.929024081115336,0.07770360480640855,4.07689057879172,4734,78,2023-2024,2024-04-13,Brook Lopez
586,0.3532423208191126,0.06484641638225255,0.22696245733788395,0.06996587030716724,0.22184300341296928,0.33447098976109213,0.020477815699658702,0.35494880546075086,0.24061433447098976,2.1604938271604937,0.0,0.6216216216216216,0.9090909090909091,5.4152637485970825,2.3849607182940513,2.2705882352941176,1.711560044893378,0.5050505050505051,0.08961538461538461,4.1806958473625135,3564,67,2023-2024,2024-04-13,Bruce Brown
182,0.7472527472527473,0.0,0.02197802197802198,0.0,0.02197802197802198,0.22527472527472528,0.005494505494505495,0.23076923076923078,0.4945054945054945,4.966887417218543,0.0,0.8113207547169812,0.0,3.7251655629139075,3.5596026490066226,1.0465116279069768,2.06953642384106,2.3178807947019866,0.14285714285714285,8.69205298013245,1208,44,2023-2024,2024-04-13,Bruno Fernando
216,0.39351851851851855,0.08796296296296297,0.35648148148148145,0.06944444444444445,0.375,0.12037037037037036,0.041666666666666664,0.16203703703703703,0.375,2.562373567093729,0.0,0.47619047619047616,0.96875,3.169251517194875,2.0229265003371544,1.5666666666666667,1.416048550236008,0.6068779501011463,0.06672025723472669,5.057316250842886,1483,58,2023-2024,2024-04-13,Bryce McGowens
846,0.20803782505910165,0.08037825059101655,0.5981087470449172,0.2919621749408983,0.38652482269503546,0.08037825059101655,0.03309692671394799,0.11347517730496454,0.06619385342789598,2.360462257192033,0.0,0.6643835616438356,0.9144144144144144,5.778214900417999,2.5571674452913697,2.2596153846153846,1.7211703958691909,1.0327022375215147,0.06755874673629243,4.229161544135727,4067,84,2023-2024,2024-04-13,Buddy Hield
1036,0.1554054054054054,0.03571428571428571,0.4951737451737452,0.25965250965250963,0.27123552123552125,0.2693050193050193,0.0444015444015444,0.3137065637065637,0.1303088803088803,1.636904761904762,0.0,0.39748953974895396,0.7415254237288136,7.390873015873016,2.6537698412698414,2.7850467289719627,1.5376984126984126,1.0168650793650793,0.07926237463604012,3.075396825396825,4032,65,2023-2024,2024-04-13,CJ McCollum
1167,0.2930591259640103,0.021422450728363324,0.26649528706083975,0.11139674378748929,0.17652099400171378,0.3341902313624679,0.08483290488431877,0.4190231362467866,0.23479005998286204,2.011922503725782,0.0,0.2617283950617284,0.7058823529411765,11.525086934923001,5.265772478887233,2.188679245283019,1.3909587680079483,0.546448087431694,0.07825507825507826,3.8748137108792844,4026,62,2023-2024,2024-04-13,Cade Cunningham
205,0.03414634146341464,0.18048780487804877,0.7609756097560976,0.1902439024390244,0.751219512195122,0.01951219512195122,0.004878048780487805,0.024390243902439025,0.11707317073170732,2.0338983050847457,0.0,0.5,0.9859154929577465,1.966101694915254,1.0847457627118644,1.8125,0.9491525423728813,0.2033898305084746,0.04770017035775128,4.135593220338983,1475,58,2023-2024,2024-04-13,Caleb Houstan
547,0.3126142595978062,0.07861060329067641,0.3546617915904936,0.07861060329067641,0.3546617915904936,0.20109689213893966,0.05301645338208409,0.25411334552102377,0.1809872029250457,1.8357487922705313,0.0,0.5761589403973509,0.9058823529411765,4.541062801932367,2.4476650563607083,1.855263157894737,1.4814814814814816,0.9017713365539453,0.08052360174533915,4.090177133655395,3105,63,2023-2024,2024-04-13,Caleb Martin
241,0.37344398340248963,0.15767634854771784,0.3153526970954357,0.07468879668049792,0.3983402489626556,0.11618257261410789,0.03734439834024896,0.15352697095435686,0.22406639004149378,1.900950475237619,0.0,0.7368421052631579,1.0,2.451225612806403,1.7008504252126064,1.4411764705882353,2.351175587793897,0.8504252126063032,0.04882943143812709,3.5017508754377187,1999,49,2023-2024,2024-04-13,Cam Reddish
1178,0.199490662139219,0.027164685908319185,0.31069609507640067,0.1960950764006791,0.14176570458404075,0.3760611205432937,0.0865874363327674,0.4626485568760611,0.27843803056027167,1.8419647624132407,0.0,0.4350132625994695,0.6805555555555556,5.072076882007474,3.2835024025627337,1.5447154471544715,1.2012813667912439,0.42712226374799783,0.060656281073914485,3.7907100907634814,3746,65,2023-2024,2024-04-13,Cam Thomas
450,0.36444444444444446,0.042222222222222223,0.44,0.17777777777777778,0.30444444444444446,0.12,0.03333333333333333,0.15333333333333332,0.24222222222222223,2.082018927444795,0.0,0.5887096774193549,0.9240506329113924,1.7665615141955835,2.8391167192429023,0.6222222222222222,1.8927444794952681,1.0094637223974765,0.10497237569060773,4.037854889589906,1585,46,2023-2024,2024-04-13,Cam Whitmore
619,0.2197092084006462,0.11308562197092084,0.45718901453957994,0.1567043618739903,0.4135702746365105,0.1583198707592892,0.051696284329563816,0.210016155088853,0.17609046849757673,1.808066759388039,0.0,0.6014492753623188,0.9565217391304348,4.798331015299027,1.9819193324061197,2.4210526315789473,1.7037552155771907,0.521557719054242,0.08252631578947368,3.68567454798331,2876,58,2023-2024,2024-04-13,Cameron Johnson
472,0.20127118644067796,0.057203389830508475,0.4957627118644068,0.211864406779661,0.3411016949152542,0.21610169491525424,0.029661016949152543,0.2457627118644068,0.1419491525423729,2.622673434856176,0.0,0.44554455445544555,0.7766990291262136,8.544839255499154,2.7495769881556686,3.1076923076923078,1.7343485617597292,0.4653130287648054,0.05115778136779752,5.414551607445008,2364,77,2023-2024,2024-04-13,Cameron Payne
820,0.3207317073170732,0.05365853658536585,0.35365853658536583,0.17926829268292682,0.2280487804878049,0.2634146341463415,0.00853658536585366,0.27195121951219514,0.2451219512195122,1.7660044150110374,0.0,0.4152542372881356,0.7614678899082569,9.547461368653423,3.2284768211920527,2.9572649572649574,2.097130242825607,0.9381898454746136,0.0854004252303331,3.3940397350993377,3624,68,2023-2024,2024-04-13,Caris LeVert
436,0.26376146788990823,0.18807339449541285,0.35091743119266056,0.16055045871559634,0.37844036697247707,0.15137614678899083,0.045871559633027525,0.19724770642201836,0.08486238532110092,2.2300095571838168,0.0,0.6521739130434783,0.9587628865979382,3.7910162472124878,1.4335775724753106,2.6444444444444444,2.421153233513858,1.1468620579802484,0.056231640788921525,4.07773176170755,3139,81,2023-2024,2024-04-13,Cason Wallace
384,0.2786458333333333,0.078125,0.4973958333333333,0.10677083333333333,0.46875,0.1328125,0.013020833333333334,0.14583333333333334,0.13541666666666666,2.2344013490725128,0.26041666666666663,0.7244897959183674,0.9651162790697675,5.016863406408095,1.981450252951096,2.5319148936170213,1.5177065767284992,0.463743676222597,0.0813221406086044,4.5109612141652615,2372,72,2023-2024,2024-04-13,Cedi Osman
945,0.3724867724867725,0.02857142857142857,0.3470899470899471,0.042328042328042326,0.3333333333333333,0.22328042328042327,0.02857142857142857,0.2518518518518518,0.28994708994708995,2.6749411512946715,0.0,0.6494565217391305,0.9770992366412213,4.279905842071474,2.760539268136101,1.550387596899225,1.1341750481489408,4.065910549967901,0.14566145092460883,4.194307725230044,4673,81,2023-2024,2024-04-13,Chet Holmgren
235,0.37872340425531914,0.06382978723404255,0.3276595744680851,0.05531914893617021,0.33617021276595743,0.2127659574468085,0.01702127659574468,0.2297872340425532,0.2723404255319149,2.911978821972204,0.0,0.7362637362637363,0.9285714285714286,3.044341495698213,3.044341495698213,1.0,2.71343481138319,1.0589013898080741,0.12908777969018934,4.698874917273329,1511,50,2023-2024,2024-04-13,Chimezie Metu
217,0.45622119815668205,0.08294930875576037,0.3548387096774194,0.06912442396313365,0.3686635944700461,0.0967741935483871,0.009216589861751152,0.10599078341013825,0.423963133640553,3.5034272658035035,0.0,0.5949367088607594,1.0,1.7517136329017517,2.1325209444021325,0.8214285714285714,1.0662604722010662,1.827875095201828,0.14676113360323886,5.407463823305408,1313,50,2023-2024,2024-04-13,Chris Boucher
207,0.19806763285024154,0.0821256038647343,0.5314009661835749,0.19806763285024154,0.41545893719806765,0.14009661835748793,0.04830917874396135,0.18840579710144928,0.15942028985507245,2.7966742252456536,0.0,0.6666666666666666,0.8863636363636364,3.325774754346183,1.889644746787604,1.76,2.1164021164021163,0.6046863189720333,0.0772238514173998,5.971277399848828,1323,58,2023-2024,2024-04-13,Chris Duarte
457,0.04157549234135667,0.03282275711159737,0.4223194748358862,0.19693654266958424,0.25820568927789933,0.35667396061269147,0.14660831509846828,0.5032822757111597,0.1137855579868709,1.4961725817675715,0.0,0.1693548387096774,0.6708860759493671,13.465553235908143,2.6096033402922756,5.16,2.4356297842727903,0.20876826722338201,0.09214707217430776,3.8622129436325676,2874,57,2023-2024,2024-04-13,Chris Paul
469,0.4626865671641791,0.0767590618336887,0.27078891257995735,0.09808102345415778,0.24946695095948826,0.17270788912579957,0.017057569296375266,0.18976545842217485,0.27292110874200426,2.2106631989596877,0.0,0.7032258064516129,0.9508196721311475,4.128738621586476,1.7555266579973992,2.3518518518518516,1.3003901170351104,1.1378413524057216,0.09261576971214018,4.388816644993498,3076,81,2023-2024,2024-04-13,Christian Braun
264,0.36363636363636365,0.07196969696969698,0.35984848484848486,0.026515151515151516,0.4053030303030303,0.16287878787878787,0.041666666666666664,0.20454545454545456,0.3560606060606061,2.7988338192419824,0.0,0.7613636363636364,0.9714285714285714,2.857142857142857,2.9154518950437316,0.98,0.9329446064139941,1.9241982507288629,0.16589506172839505,4.256559766763848,1715,50,2023-2024,2024-04-13,Christian Wood
111,0.17117117117117117,0.08108108108108109,0.6576576576576577,0.16216216216216217,0.5765765765765766,0.07207207207207207,0.018018018018018018,0.09009009009009009,0.06306306306306306,1.0752688172043012,0.0,0.7647058823529411,0.9565217391304348,2.6881720430107525,2.0161290322580645,1.3333333333333333,1.2096774193548387,0.9408602150537635,0.09642301710730948,2.553763440860215,744,46,2023-2024,2024-04-13,Chuma Okeke
618,0.8284789644012945,0.0,0.003236245954692557,0.0016181229773462784,0.0016181229773462784,0.16666666666666666,0.0016181229773462784,0.16828478964401294,0.3333333333333333,2.3776610450649707,0.16181229773462785,0.6798866855524079,0.0,2.51589715233619,2.045894387614045,1.2297297297297298,1.1888305225324853,2.9306054741498477,0.15663937344250622,4.534144318495991,3617,73,2023-2024,2024-04-13,Clint Capela
1191,0.2804366078925273,0.03526448362720403,0.44080604534005036,0.16624685138539042,0.30982367758186397,0.20906801007556675,0.03442485306465155,0.2434928631402183,0.21662468513853905,1.881359186024189,0.0,0.2848101265822785,0.8215962441314554,7.698214628527548,3.1483970051833365,2.4451219512195124,0.998272221155692,0.34555576886158573,0.07662082514734773,3.6091380303321174,5209,78,2023-2024,2024-04-13,Coby White
215,0.2930232558139535,0.08372093023255814,0.33488372093023255,0.12093023255813953,0.29767441860465116,0.2,0.08837209302325581,0.28837209302325584,0.15348837209302327,2.2238695329873983,0.0,0.42592592592592593,0.7142857142857143,7.70941438102298,3.261675315048184,2.3636363636363638,2.3721275018532246,1.3343217197924389,0.08042895442359249,3.558191252779837,1349,28,2023-2024,2024-04-13,Cody Martin
62,0.7580645161290323,0.0,0.06451612903225806,0.016129032258064516,0.04838709677419355,0.1774193548387097,0.0,0.1774193548387097,0.6129032258064516,3.9800995024875623,0.0,0.56,1.0,6.301824212271974,2.4875621890547266,2.533333333333333,1.4925373134328357,0.8291873963515755,0.13675213675213677,7.2968490878938645,603,41,2023-2024,2024-04-13,Cody Zeller
68,0.29411764705882354,0.04411764705882353,0.27941176470588236,0.014705882352941176,0.3088235294117647,0.36764705882352944,0.014705882352941176,0.38235294117647056,0.1323529411764706,4.848484848484849,0.0,0.5652173913043478,1.0,5.757575757575758,3.0303030303030303,1.9,2.1212121212121215,1.2121212121212122,0.08029197080291971,8.787878787878787,330,29,2023-2024,2024-04-13,Colby Jones
753,0.20849933598937584,0.03718459495351926,0.3293492695883134,0.07569721115537849,0.2908366533864542,0.37317397078353254,0.05179282868525897,0.4249667994687915,0.2868525896414343,2.689486552567237,0.13280212483399734,0.27350427350427353,0.8924731182795699,7.090464547677261,3.8202933985330074,1.856,1.8948655256723717,1.13080684596577,0.09955120359037127,5.3178484107579465,3272,80,2023-2024,2024-04-13,Cole Anthony
1038,0.3111753371868979,0.038535645472061654,0.27552986512524086,0.13776493256262043,0.17630057803468208,0.34104046242774566,0.03371868978805395,0.37475915221579964,0.35645472061657035,1.757910597689603,0.09633911368015415,0.41798941798941797,0.8046875,9.618282270215971,4.143646408839778,2.3212121212121213,1.55700652938222,0.45203415369161226,0.046143250688705235,3.89251632345555,3982,78,2023-2024,2024-04-13,Collin Sexton
785,0.2585987261146497,0.09554140127388536,0.5095541401273885,0.15286624203821655,0.45222929936305734,0.13121019108280255,0.005095541401273885,0.13630573248407643,0.19745222929936307,2.1665361524406164,0.0,0.7487437185929648,0.967391304347826,3.86322109109893,2.5580788305925344,1.510204081632653,1.044113808405116,0.41764552336204647,0.06254071661237785,3.6805011746280343,3831,79,2023-2024,2024-04-13,Corey Kispert
64,0.09375,0.109375,0.546875,0.078125,0.578125,0.1875,0.0625,0.25,0.109375,2.6362038664323375,0.0,0.6,0.9230769230769231,7.381370826010544,2.10896309314587,3.5,0.7029876977152899,0.5272407732864675,0.05555555555555555,4.393673110720562,569,26,2023-2024,2024-04-13,Cory Joseph
162,0.3395061728395062,0.012345679012345678,0.15432098765432098,0.12345679012345678,0.043209876543209874,0.4012345679012346,0.09259259259259259,0.49382716049382713,0.20987654320987653,2.338530066815145,0.0,0.38571428571428573,0.8888888888888888,9.57683741648107,3.6748329621380846,2.606060606060606,1.447661469933185,1.0022271714922049,0.09923664122137404,2.783964365256125,898,39,2023-2024,2024-04-13,Craig Porter Jr.
1082,0.18576709796672827,0.036044362292051754,0.4658040665434381,0.23290203327171904,0.2689463955637708,0.2643253234750462,0.04805914972273567,0.3123844731977819,0.17744916820702403,1.5497553017944536,0.0,0.376865671641791,0.7276785714285714,9.88988580750408,3.2218597063621535,3.069620253164557,1.4070146818923328,0.734094616639478,0.056451612903225805,3.262642740619902,4904,76,2023-2024,2024-04-13,D'Angelo Russell
474,0.34810126582278483,0.03164556962025317,0.35864978902953587,0.1350210970464135,0.2552742616033755,0.229957805907173,0.03164556962025317,0.2616033755274262,0.24050632911392406,2.1058315334773217,0.0,0.34558823529411764,0.8333333333333334,6.479481641468683,3.8876889848812093,1.6666666666666667,1.6198704103671708,1.079913606911447,0.09331476323119778,3.4017278617710582,1852,53,2023-2024,2024-04-13,Dalano Banton
150,0.4066666666666667,0.1,0.38,0.06666666666666667,0.41333333333333333,0.11333333333333333,0.0,0.11333333333333333,0.28,3.251387787470262,0.0,0.46938775510204084,0.9411764705882353,6.3441712926249005,2.4583663758921492,2.5806451612903225,2.0618556701030926,1.26883425852498,0.08733624454148471,6.3441712926249005,1261,58,2023-2024,2024-04-13,Dalen Terry
68,0.5735294117647058,0.04411764705882353,0.1323529411764706,0.0,0.17647058823529413,0.22058823529411764,0.029411764705882353,0.25,0.3088235294117647,2.857142857142857,0.0,0.7948717948717948,1.0,3.296703296703297,2.857142857142857,1.1538461538461537,1.5384615384615385,2.857142857142857,0.11570247933884298,5.714285714285714,455,38,2023-2024,2024-04-13,Damian Jones
1263,0.26128266033254155,0.021377672209026127,0.47743467933491684,0.3388756927949327,0.15993665874901028,0.16468725257323832,0.07521773555027712,0.23990498812351543,0.39667458432304037,1.1562998405103668,0.0,0.19488817891373802,0.504424778761062,10.087719298245613,3.807814992025518,2.649214659685864,1.4154704944178629,0.3588516746411483,0.07179356157383751,2.7312599681020733,5016,72,2023-2024,2024-04-13,Damian Lillard
480,0.8229166666666666,0.0,0.0,0.0,0.0,0.175,0.0020833333333333333,0.17708333333333334,0.3645833333333333,4.486455981941309,0.0,0.7614942528735632,0.0,3.2449209932279914,2.08803611738149,1.554054054054054,1.8340857787810385,4.317155756207676,0.13345454545454546,6.433408577878104,3544,74,2023-2024,2024-04-13,Daniel Gafford
281,0.5124555160142349,0.021352313167259787,0.2099644128113879,0.017793594306049824,0.21352313167259787,0.2491103202846975,0.0071174377224199285,0.25622775800711745,0.1708185053380783,4.086140254003314,0.3558718861209964,0.8015873015873016,1.0,3.2578685808945336,2.2639425731639977,1.4390243902439024,1.0491441192711208,2.70568746548868,0.10724431818181818,6.957482054113749,1811,59,2023-2024,2024-04-13,Daniel Theis
190,0.18947368421052632,0.042105263157894736,0.46842105263157896,0.10526315789473684,0.4052631578947368,0.23684210526315788,0.06315789473684211,0.3,0.5157894736842106,2.657218777679362,0.0,0.5490196078431373,0.8125,4.871567759078831,2.0372010628875112,2.391304347826087,1.2400354295837024,0.5314437555358724,0.09606986899563319,4.517271922054915,1129,49,2023-2024,2024-04-13,Danilo Gallinari
302,0.4470198675496689,0.06622516556291391,0.2980132450331126,0.04304635761589404,0.3211920529801324,0.17549668874172186,0.013245033112582781,0.18874172185430463,0.2251655629139073,1.764425369575584,0.0,0.5277777777777778,0.9811320754716981,7.48688602765856,2.336671435383882,3.204081632653061,1.0491177873152122,0.2384358607534573,0.0766852195423624,4.0534096328087745,2097,55,2023-2024,2024-04-13,Dante Exum
105,0.4,0.10476190476190476,0.38095238095238093,0.18095238095238095,0.3047619047619048,0.08571428571428572,0.02857142857142857,0.11428571428571428,0.4380952380952381,3.3185840707964607,0.0,0.71875,0.9333333333333333,3.0973451327433628,2.101769911504425,1.4736842105263157,1.6592920353982303,0.5530973451327433,0.05652759084791386,5.0884955752212395,904,34,2023-2024,2024-04-13,Danuel House Jr.
382,0.2486910994764398,0.04450261780104712,0.4712041884816754,0.041884816753926704,0.4738219895287958,0.20418848167539266,0.031413612565445025,0.2356020942408377,0.23298429319371727,3.6302032913843174,0.2617801047120419,0.6504854368932039,1.0,6.9215876089060995,3.6302032913843174,1.9066666666666667,1.5004840271055178,0.43562439496611816,0.13226837060702876,5.469506292352372,2066,63,2023-2024,2024-04-13,Dario Saric
841,0.22473246135552913,0.0356718192627824,0.3947681331747919,0.26040428061831156,0.1700356718192628,0.28894173602853745,0.0558858501783591,0.3448275862068966,0.2080856123662307,1.0160880609652836,0.11890606420927466,0.3389121338912134,0.6544117647058824,10.527801298334746,4.967541631385831,2.1193181818181817,2.088625458650861,0.19757267852102736,0.04540379605508001,2.822466836014677,3543,57,2023-2024,2024-04-13,Darius Garland
409,0.41075794621026895,0.07090464547677261,0.3374083129584352,0.04645476772616137,0.36185819070904646,0.17603911980440098,0.004889975550122249,0.18092909535452323,0.16625916870415647,1.7037387600567913,0.0,0.5982905982905983,0.9791666666666666,3.7387600567912918,2.6975863700899194,1.3859649122807018,1.2778040700425934,0.5205868433506862,0.08976558033161806,3.3601514434453383,2113,64,2023-2024,2024-04-13,David Roddy
312,0.25,0.07692307692307693,0.4166666666666667,0.10576923076923077,0.38782051282051283,0.19230769230769232,0.0641025641025641,0.2564102564102564,0.1346153846153846,2.042850024912805,0.3205128205128205,0.45977011494252873,0.9636363636363636,6.527154957648232,2.092675635276532,3.119047619047619,0.8470353761833582,0.14947683109118087,0.045998739760554505,4.235176880916791,2007,71,2023-2024,2024-04-13,Davion Mitchell
234,0.0811965811965812,0.11965811965811966,0.7435897435897436,0.20085470085470086,0.6623931623931624,0.02564102564102564,0.029914529914529916,0.05555555555555555,0.14102564102564102,1.9834710743801653,0.0,0.9375,0.9605263157894737,2.8925619834710745,1.487603305785124,1.9444444444444444,2.1487603305785123,0.9917355371900827,0.052899287894201424,4.710743801652892,1210,43,2023-2024,2024-04-13,Davis Bertans
294,0.8027210884353742,0.006802721088435374,0.04421768707482993,0.0,0.05102040816326531,0.14285714285714285,0.003401360544217687,0.14625850340136054,0.41836734693877553,3.526734926052332,0.0,0.6158536585365854,1.0,4.835039817974971,3.981797497155859,1.2142857142857142,1.3651877133105803,2.502844141069397,0.17155756207674944,7.451649601820249,1758,61,2023-2024,2024-04-13,Day'Ron Sharpe
1535,0.20195439739413681,0.031270358306188926,0.3543973941368078,0.22866449511400652,0.15700325732899023,0.36351791530944627,0.048859934853420196,0.41237785016286643,0.2742671009771987,1.7363851617995265,0.06514657980456026,0.1947261663286004,0.6221198156682027,8.18863456985004,3.8082083662194157,2.150259067357513,2.920284135753749,0.5919494869771112,0.06915029344220465,3.9857932123125495,5068,73,2023-2024,2024-04-13,De'Aaron Fox
657,0.2100456621004566,0.0669710806697108,0.4033485540334855,0.1339421613394216,0.3363774733637747,0.2480974124809741,0.0715372907153729,0.319634703196347,0.289193302891933,2.018229166666667,0.0,0.6756756756756757,0.8991596638655462,2.799479166666667,2.669270833333333,1.048780487804878,1.3020833333333335,0.5208333333333333,0.08022071307300509,4.8828125,3072,56,2023-2024,2024-04-13,De'Andre Hunter
360,0.26666666666666666,0.07777777777777778,0.5222222222222223,0.24722222222222223,0.3527777777777778,0.09722222222222222,0.03611111111111111,0.13333333333333333,0.21944444444444444,1.7423442449841606,0.2777777777777778,0.47540983606557374,0.7948717948717948,6.019007391763464,2.0591341077085534,2.923076923076923,3.167898627243928,0.8447729672650475,0.07692307692307693,4.435058078141499,1894,38,2023-2024,2024-04-13,De'Anthony Melton
93,0.8817204301075269,0.0,0.0,0.0,0.0,0.11827956989247312,0.0,0.11827956989247312,0.5698924731182796,4.336043360433604,0.0,0.7241379310344828,0.0,3.523035230352303,3.116531165311653,1.1304347826086956,0.8130081300813009,2.168021680216802,0.1782006920415225,7.994579945799458,738,36,2023-2024,2024-04-13,DeAndre Jordan
1331,0.23516153268219384,0.027047332832456798,0.17054845980465816,0.05709992486851991,0.14049586776859505,0.39368895567242673,0.17355371900826447,0.5672426746806912,0.45379413974455296,1.643680332514642,0.0,0.27355072463768115,0.8390804597701149,7.8594369922539205,2.5127526922350274,3.1278195488721803,1.6247874551294161,0.8312866049499339,0.06991676575505351,3.1551105233327035,5293,78,2023-2024,2024-04-13,DeMar DeRozan
232,0.07758620689655173,0.22844827586206898,0.6422413793103449,0.09913793103448276,0.771551724137931,0.02586206896551724,0.02586206896551724,0.05172413793103448,0.11206896551724138,2.5493025493025496,0.0,0.6470588235294118,0.9873417721518988,2.068302068302068,0.9620009620009621,2.15,1.9240019240019242,1.2025012025012025,0.10838323353293414,4.473304473304474,2079,54,2023-2024,2024-04-13,Dean Wade
749,0.35113484646194926,0.0026702269692923898,0.01602136181575434,0.004005340453938585,0.014686248331108143,0.5153538050734312,0.11481975967957277,0.630173564753004,0.1054739652870494,2.308402585410896,0.0,0.7476415094339622,1.0,2.7700831024930745,3.0470914127423825,0.9090909090909091,1.7236072637734685,1.2927054478301014,0.17114624505928855,3.3856571252693137,3249,55,2023-2024,2024-04-13,Deandre Ayton
1444,0.22506925207756232,0.05955678670360111,0.32271468144044324,0.17590027700831026,0.20637119113573407,0.3268698060941828,0.06578947368421052,0.3926592797783934,0.1793628808864266,1.077752117013087,0.13850415512465375,0.26247288503253796,0.696969696969697,9.603541185527328,3.810623556581986,2.5202020202020203,2.117013086989992,0.4618937644341801,0.08833124215809285,2.7136258660508084,5196,77,2023-2024,2024-04-13,Dejounte Murray
181,0.3370165745856354,0.06629834254143646,0.292817679558011,0.11602209944751381,0.2430939226519337,0.27071823204419887,0.03314917127071823,0.30386740331491713,0.24861878453038674,1.3740458015267176,0.0,0.425531914893617,0.8260869565217391,8.778625954198473,0.9923664122137404,8.846153846153847,3.816793893129771,0.7633587786259541,0.061669829222011384,2.366412213740458,1310,46,2023-2024,2024-04-13,Delon Wright
792,0.476010101010101,0.05176767676767677,0.24494949494949494,0.08964646464646464,0.20707070707070707,0.2058080808080808,0.021464646464646464,0.22727272727272727,0.3409090909090909,2.1688432835820897,0.0,0.5718849840255591,0.8444444444444444,6.6231343283582085,3.7080223880597014,1.7861635220125787,1.3992537313432836,0.816231343283582,0.13370720188902008,4.361007462686567,4288,74,2023-2024,2024-04-13,Deni Avdija
927,0.267529665587918,0.05393743257820928,0.34627831715210355,0.09816612729234088,0.30204962243797195,0.25782092772384035,0.0744336569579288,0.33225458468176916,0.2297734627831715,1.2213740458015268,0.0,0.3333333333333333,0.8057553956834532,10.64340239912759,3.336968375136314,3.189542483660131,1.3740458015267176,0.3707742639040349,0.05604638321369409,3.6859323882224646,4585,80,2023-2024,2024-04-13,Dennis Schroder
338,0.45857988165680474,0.05917159763313609,0.27218934911242604,0.07692307692307693,0.25443786982248523,0.15976331360946747,0.05029585798816568,0.21005917159763313,0.17159763313609466,2.9625779625779627,0.0,0.4298245614035088,0.8484848484848485,10.550935550935552,3.5343035343035343,2.985294117647059,3.4823284823284824,0.6237006237006237,0.07620320855614973,6.4449064449064455,1924,56,2023-2024,2024-04-13,Dennis Smith Jr.
296,0.8614864864864865,0.006756756756756757,0.0,0.0,0.006756756756756757,0.12837837837837837,0.0033783783783783786,0.13175675675675674,0.27364864864864863,3.662420382165605,0.0,0.8099547511312217,0.0,2.388535031847134,1.9904458598726114,1.2,1.4331210191082804,3.0652866242038215,0.1274252753015207,5.772292993630574,2512,55,2023-2024,2024-04-13,Dereck Lively II
495,0.4121212121212121,0.15353535353535352,0.3292929292929293,0.03434343434343434,0.4484848484848485,0.10303030303030303,0.00202020202020202,0.10505050505050505,0.27474747474747474,1.9871420222092344,0.0,0.7643312101910829,0.9878048780487805,2.1917007597895966,1.8994739918176504,1.1538461538461537,1.548801870251315,1.4903565166569257,0.06231454005934718,3.5943892460549387,3422,76,2023-2024,2024-04-13,Derrick Jones Jr.
839,0.1799761620977354,0.07866507747318235,0.5113230035756854,0.19785458879618595,0.39213349225268174,0.2133492252681764,0.0166865315852205,0.2300357568533969,0.18116805721096543,1.7040552200172563,0.0,0.418848167539267,0.8010204081632653,8.132010353753236,2.4158757549611733,3.3660714285714284,1.5962036238136326,1.8766177739430543,0.07136952328465142,3.278688524590164,4636,73,2023-2024,2024-04-13,Derrick White
776,0.27963917525773196,0.04252577319587629,0.43943298969072164,0.28994845360824745,0.19201030927835053,0.17654639175257733,0.061855670103092786,0.23840206185567012,0.20747422680412372,2.1173848439821694,0.0,0.4090909090909091,0.6,8.543833580980683,4.160475482912332,2.0535714285714284,1.5973254086181277,0.8172362555720655,0.06898148148148148,4.49479940564636,2692,42,2023-2024,2024-04-13,Desmond Bane
1289,0.18851823118696664,0.019394879751745538,0.30799069045771915,0.22032583397982933,0.10705973622963538,0.3669511249030256,0.11714507370054306,0.4840961986035687,0.3467804499612102,1.872340425531915,0.0,0.37888198757763975,0.5882352941176471,9.893617021276595,3.765957446808511,2.6271186440677967,1.276595744680851,0.5957446808510638,0.0722334585379948,4.468085106382979,4700,67,2023-2024,2024-04-13,Devin Booker
1056,0.19696969696969696,0.052083333333333336,0.375,0.21496212121212122,0.21212121212121213,0.27178030303030304,0.10416666666666667,0.3759469696969697,0.1903409090909091,0.7890461824089116,0.0,0.603030303030303,0.8333333333333334,6.42840566256672,2.5063819911812484,2.564814814814815,1.6941285681132512,0.5337665351589695,0.06929227124666865,1.717335808772337,4309,68,2023-2024,2024-04-13,Devin Vassell
768,0.2552083333333333,0.052083333333333336,0.4348958333333333,0.15494791666666666,0.33203125,0.234375,0.0234375,0.2578125,0.19140625,2.994445786042019,0.0,0.5846153846153846,0.9626865671641791,2.8737020043467765,2.100941801497223,1.367816091954023,1.5455204056991065,0.24148756339048538,0.05822021116138763,6.157932866457378,4141,72,2023-2024,2024-04-13,Dillon Brooks
1058,0.6219281663516069,0.001890359168241966,0.07939508506616257,0.004725897920604915,0.07655954631379962,0.2741020793950851,0.022684310018903593,0.29678638941398866,0.388468809073724,2.228664613154557,0.0945179584120983,0.6043771043771043,0.9090909090909091,12.031165066135168,4.874071389744519,2.4684014869888475,1.3408226127921725,0.869722775865193,0.19079869219990658,4.529806124297879,5519,81,2023-2024,2024-04-13,Domantas Sabonis
113,0.49557522123893805,0.05309734513274336,0.02654867256637168,0.0,0.07964601769911504,0.3805309734513274,0.04424778761061947,0.4247787610619469,0.37168141592920356,3.937007874015748,0.0,0.6981132075471698,1.0,4.724409448818897,1.1811023622047243,4.0,1.574803149606299,1.837270341207349,0.11258278145695365,6.167979002624672,762,33,2023-2024,2024-04-13,Dominick Barlow
1089,0.26078971533516987,0.015610651974288337,0.4563820018365473,0.3149678604224059,0.15702479338842976,0.1928374655647383,0.0743801652892562,0.26721763085399447,0.29201101928374656,1.4761137949543746,0.0,0.2523961661341853,0.5421052631578948,8.937198067632849,4.13311862587225,2.1623376623376624,2.7106816961889426,0.8051529790660225,0.08122179798681013,3.2742887815351582,3726,55,2023-2024,2024-04-13,Donovan Mitchell
983,0.1963377416073245,0.1017293997965412,0.6012207527975585,0.15666327568667346,0.5462868769074263,0.09053916581892167,0.01017293997965412,0.10071210579857579,0.11597151576805696,1.7794427534535238,0.0,0.6369426751592356,0.9172661870503597,5.01053617419808,2.552095527979396,1.963302752293578,2.458440646218684,0.8194802154062282,0.07165206508135169,3.9100913135097164,4271,80,2023-2024,2024-04-13,Donte DiVincenzo
511,0.26614481409001955,0.14481409001956946,0.5146771037181996,0.09980430528375733,0.5596868884540117,0.06653620352250489,0.007827788649706457,0.07436399217221135,0.09001956947162426,2.048470859780727,0.0,0.7448979591836735,0.9743589743589743,3.087132140796307,1.7022504327755337,1.8135593220338984,1.6156953260242353,1.0963646855164455,0.07219715376605346,4.356607039815349,3466,68,2023-2024,2024-04-13,Dorian Finney-Smith
275,0.10909090909090909,0.09090909090909091,0.7236363636363636,0.16727272727272727,0.6472727272727272,0.05818181818181818,0.01818181818181818,0.07636363636363637,0.06909090909090909,2.1662763466042154,0.36363636363636365,0.9230769230769231,0.978021978021978,4.039812646370024,1.639344262295082,2.4642857142857144,0.936768149882904,0.117096018735363,0.03720577069096431,3.747072599531616,1708,63,2023-2024,2024-04-13,Doug McDermott
372,0.41397849462365593,0.06720430107526881,0.27956989247311825,0.005376344086021506,0.34139784946236557,0.23118279569892472,0.008064516129032258,0.239247311827957,0.1989247311827957,2.7519893899204244,0.0,0.7686567164179104,0.9411764705882353,11.007957559681698,4.476127320954907,2.4592592592592593,1.823607427055703,1.5583554376657824,0.1414141414141414,5.769230769230769,3016,55,2023-2024,2024-04-13,Draymond Green
251,0.6374501992031872,0.00796812749003984,0.00398406374501992,0.0,0.01195219123505976,0.32669322709163345,0.02390438247011952,0.350597609561753,0.3705179282868526,2.632816173013634,0.0,0.8053691275167785,1.0,2.914903620122238,2.8678890456041373,1.0163934426229508,1.2693935119887165,2.8678890456041373,0.13610938471100062,5.500705218617771,2127,74,2023-2024,2024-04-13,Drew Eubanks
675,0.16148148148148148,0.1259259259259259,0.5777777777777777,0.24592592592592594,0.4577777777777778,0.13037037037037036,0.0044444444444444444,0.1348148148148148,0.13333333333333333,2.6399767914128227,0.0,0.7521367521367521,0.9144385026737968,5.57006092254134,2.7560197272991007,2.0210526315789474,1.3635044966637655,0.4641717435451117,0.0568140956490471,4.757760371337395,3447,68,2023-2024,2024-04-13,Duncan Robinson
487,0.3326488706365503,0.03285420944558522,0.459958932238193,0.028747433264887063,0.46406570841889117,0.16837782340862423,0.006160164271047228,0.17453798767967146,0.1868583162217659,4.521404521404522,0.0,0.6906474820143885,0.9883720930232558,3.222703222703223,2.4531024531024532,1.3137254901960784,1.443001443001443,1.7797017797017798,0.09365372766481823,7.6479076479076475,2079,67,2023-2024,2024-04-13,Duop Reath
104,0.9038461538461539,0.0,0.019230769230769232,0.0,0.019230769230769232,0.07692307692307693,0.0,0.07692307692307693,0.8557692307692307,4.679144385026738,0.0,0.6285714285714286,1.0,5.548128342245989,2.072192513368984,2.6774193548387095,1.6711229946524064,1.2700534759358288,0.09551986475063398,7.419786096256685,1496,62,2023-2024,2024-04-13,Dwight Powell
307,0.30618892508143325,0.09446254071661238,0.3355048859934853,0.03908794788273615,0.39087947882736157,0.25732899022801303,0.006514657980456026,0.26384364820846906,0.17263843648208468,2.0572811617587736,0.0,0.5208333333333334,1.0,6.575231948366277,2.3799919322307383,2.76271186440678,3.4288019362646227,1.008471157724889,0.09028871391076115,4.074223477208552,2479,60,2023-2024,2024-04-13,Dyson Daniels
618,0.22653721682847897,0.07281553398058252,0.5711974110032363,0.11650485436893204,0.5275080906148867,0.12297734627831715,0.006472491909385114,0.12944983818770225,0.10355987055016182,1.2651265126512652,0.16181229773462785,0.6532258064516129,0.9333333333333333,3.822882288228823,2.0077007700770078,1.904109589041096,1.8151815181518154,0.825082508250825,0.039865871833084945,2.2277227722772275,3636,68,2023-2024,2024-04-13,Eric Gordon
150,0.5466666666666666,0.03333333333333333,0.23333333333333334,0.04,0.22666666666666666,0.17333333333333334,0.013333333333333334,0.18666666666666668,0.32666666666666666,4.341317365269461,0.0,0.6229508196721312,1.0,4.491017964071856,3.143712574850299,1.4285714285714286,4.04191616766467,0.7485029940119761,0.08990825688073395,9.131736526946108,668,42,2023-2024,2024-04-13,Eugene Omoruyi
213,0.08450704225352113,0.12206572769953052,0.4788732394366197,0.22065727699530516,0.38028169014084506,0.26291079812206575,0.051643192488262914,0.3145539906103286,0.1643192488262911,2.747791952894995,0.0,0.627906976744186,0.8484848484848485,4.612365063788027,2.060843964671246,2.238095238095238,2.747791952894995,0.6869479882237487,0.06004618937644342,4.808635917566241,1019,31,2023-2024,2024-04-13,Evan Fournier
539,0.5658627087198516,0.025974025974025976,0.08163265306122448,0.0018552875695732839,0.10575139146567718,0.3042671614100185,0.022263450834879406,0.32653061224489793,0.3098330241187384,3.380476026215937,0.0,0.7303754266211604,1.0,5.346671265953777,3.104518799586064,1.7222222222222223,1.552259399793032,2.483615039668851,0.15810629745422064,4.622283546050363,2899,49,2023-2024,2024-04-13,Evan Mobley
1076,0.45817843866171004,0.026022304832713755,0.28066914498141265,0.1087360594795539,0.1979553903345725,0.21654275092936803,0.01858736059479554,0.23513011152416358,0.29275092936802977,1.6992551210428304,0.0,0.4235294117647059,0.7849462365591398,6.191806331471136,3.1890130353817505,1.9416058394160585,1.6992551210428304,0.6517690875232774,0.09312977099236641,3.9571694599627563,4296,71,2023-2024,2024-04-13,Franz Wagner
1018,0.13850687622789784,0.02848722986247544,0.5697445972495089,0.35854616895874264,0.23968565815324164,0.16011787819253437,0.1031434184675835,0.2632612966601179,0.224950884086444,1.7099175216254276,0.0,0.22043010752688172,0.5527426160337553,11.848722591027961,2.5347012673506337,4.674603174603175,2.031784349225508,1.1868839267752966,0.06099078914612895,3.8422852544759607,4971,73,2023-2024,2024-04-13,Fred VanVleet
76,0.23684210526315788,0.02631578947368421,0.5,0.13157894736842105,0.39473684210526316,0.17105263157894737,0.06578947368421052,0.23684210526315788,0.2631578947368421,2.3297491039426523,0.0,0.75,0.7142857142857143,4.480286738351254,1.7921146953405016,2.5,2.5089605734767026,0.5376344086021506,0.06280193236714976,3.046594982078853,558,35,2023-2024,2024-04-13,Furkan Korkmaz
527,0.31688804554079697,0.06072106261859583,0.4686907020872865,0.13851992409867173,0.3908918406072106,0.127134724857685,0.026565464895635674,0.15370018975332067,0.27703984819734345,1.675977653631285,0.0,0.6048387096774194,0.87,2.700186219739292,2.8864059590316575,0.9354838709677419,1.2104283054003724,1.0707635009310987,0.07887161773172136,2.97951582867784,2148,47,2023-2024,2024-04-13,GG Jackson
70,0.42857142857142855,0.14285714285714285,0.35714285714285715,0.11428571428571428,0.38571428571428573,0.04285714285714286,0.02857142857142857,0.07142857142857142,0.22857142857142856,3.0991735537190084,0.0,0.47058823529411764,1.0,4.338842975206612,2.6859504132231407,1.6153846153846154,2.479338842975207,0.6198347107438017,0.06878306878306878,5.371900826446281,484,26,2023-2024,2024-04-13,Garrett Temple
221,0.058823529411764705,0.13574660633484162,0.7149321266968326,0.17647058823529413,0.6742081447963801,0.07239819004524888,0.01809954751131222,0.09049773755656108,0.19004524886877827,4.154969118472769,0.0,0.7222222222222222,0.9759036144578314,2.0774845592363844,1.0668163952835485,1.9473684210526316,1.0668163952835485,0.39303761931499154,0.05380200860832138,6.625491297024144,1781,65,2023-2024,2024-04-13,Garrison Mathews
293,0.17747440273037543,0.14334470989761092,0.5426621160409556,0.11945392491467577,0.5665529010238908,0.10580204778156997,0.030716723549488054,0.13651877133105803,0.15358361774744028,1.810344827586207,0.0,0.7272727272727273,0.9733333333333334,3.6637931034482754,1.293103448275862,2.8333333333333335,2.0689655172413794,0.603448275862069,0.03791737408036219,3.836206896551724,2320,53,2023-2024,2024-04-13,Gary Harris
183,0.5409836065573771,0.11475409836065574,0.18579234972677597,0.0,0.3005464480874317,0.15846994535519127,0.0,0.15846994535519127,0.12568306010928962,2.959028831562974,0.0,0.8192771084337349,1.0,3.6418816388467374,2.04855842185129,1.7777777777777777,2.959028831562974,1.3657056145675266,0.06921487603305786,6.0698027314112295,1318,44,2023-2024,2024-04-13,Gary Payton II
833,0.14645858343337334,0.060024009603841535,0.4897959183673469,0.22569027611044418,0.3241296518607443,0.19687875150060025,0.10684273709483794,0.3037214885954382,0.11164465786314526,1.098297638660077,0.0,0.5722543352601156,0.9010989010989011,3.2399780340472266,1.2904997254255903,2.5106382978723403,2.114222954420648,0.2745744096650192,0.05722460658082976,2.663371773750687,3642,70,2023-2024,2024-04-13,Gary Trent Jr.
623,0.1508828250401284,0.1348314606741573,0.4911717495987159,0.13964686998394862,0.48635634028892455,0.21669341894060995,0.006420545746388443,0.2231139646869984,0.09630818619582665,3.364096457278952,0.0,0.7368421052631579,0.9793103448275862,2.887764215540339,2.143495087823757,1.3472222222222223,0.8931229532598988,0.5358737719559392,0.09747706422018348,5.805299196189342,3359,81,2023-2024,2024-04-13,Georges Niang
1369,0.6559532505478451,0.0007304601899196494,0.09130752373995617,0.052593133674214754,0.039444850255661065,0.1877282688093499,0.06428049671292914,0.252008765522279,0.5712198685171658,1.656025538707103,0.0,0.5093399750933998,0.5,9.497206703910614,4.988028731045491,1.904,1.735833998403831,1.5762170790103753,0.1664516129032258,4.26975259377494,5012,73,2023-2024,2024-04-13,Giannis Antetokounmpo
208,0.8269230769230769,0.004807692307692308,0.057692307692307696,0.0,0.0625,0.10576923076923077,0.004807692307692308,0.11057692307692307,0.4182692307692308,2.7574563871693867,0.0,0.6370967741935484,1.0,4.389420371412493,2.4760832864378166,1.7727272727272727,1.8007878446820484,4.051772650534609,0.1278471711976488,6.1339335959482275,1777,61,2023-2024,2024-04-13,Goga Bitadze
397,0.27204030226700254,0.05037783375314862,0.18387909319899245,0.07052896725440806,0.163727959697733,0.3929471032745592,0.10075566750629723,0.49370277078085645,0.2947103274559194,1.3049151805132666,0.0,0.6,0.9210526315789473,6.785558938668987,2.7838190517616357,2.4375,1.7398869073510224,0.5654632448890822,0.07947398513436249,2.827316224445411,2299,50,2023-2024,2024-04-13,Gordon Hayward
432,0.2361111111111111,0.12268518518518519,0.4305555555555556,0.14351851851851852,0.4097222222222222,0.15046296296296297,0.06018518518518518,0.21064814814814814,0.1087962962962963,2.208480565371025,0.0,0.8350515463917526,0.9770114942528736,2.959363957597173,2.1201413427561837,1.3958333333333333,1.4134275618374559,0.08833922261484099,0.057800224466891134,3.7985865724381624,2264,59,2023-2024,2024-04-13,Gradey Dick
605,0.2413223140495868,0.09421487603305785,0.4628099173553719,0.07107438016528926,0.4859504132231405,0.19008264462809918,0.011570247933884297,0.20165289256198346,0.23140495867768596,2.898929224340559,0.0,0.74,0.9523809523809523,4.544267432750066,2.8466962653434313,1.5963302752293578,1.149125097936798,1.0185427004439802,0.07431133888532991,6.163489161661008,3829,76,2023-2024,2024-04-13,Grant Williams
671,0.23248882265275708,0.10432190760059612,0.5543964232488823,0.13114754098360656,0.5275707898658718,0.10730253353204174,0.0014903129657228018,0.10879284649776454,0.21758569299552907,1.5505478602439529,0.0,0.5692307692307692,0.9108910891089109,4.672317552201778,1.9640272896423405,2.3789473684210525,1.385156088484598,0.9303287161463718,0.06802145074795371,3.225139549307422,4837,74,2023-2024,2024-04-13,Grayson Allen
724,0.22375690607734808,0.106353591160221,0.42265193370165743,0.09116022099447514,0.43784530386740333,0.23204419889502761,0.015193370165745856,0.2472375690607735,0.2610497237569061,1.3550135501355014,0.0,0.6307692307692307,0.9659863945578231,2.168021680216802,1.2646793134598013,1.7142857142857142,1.1743450767841013,0.27100271002710025,0.05041064854148966,2.1906052393857274,4428,81,2023-2024,2024-04-13,Harrison Barnes
324,0.25617283950617287,0.1419753086419753,0.44135802469135804,0.07098765432098765,0.5123456790123457,0.14506172839506173,0.015432098765432098,0.16049382716049382,0.1111111111111111,2.8169014084507045,0.0,0.631578947368421,0.9866666666666667,2.8583264291632147,1.3256006628003314,2.15625,2.1541010770505387,1.2427506213753108,0.073749355337803,4.76387738193869,2414,65,2023-2024,2024-04-13,Haywood Highsmith
575,0.38956521739130434,0.1426086956521739,0.34608695652173915,0.06086956521739131,0.42782608695652175,0.10782608695652174,0.01391304347826087,0.12173913043478261,0.271304347826087,2.551137669501264,0.0,0.5953757225433526,0.9649122807017544,4.55067800505631,2.1144564467938403,2.152173913043478,2.367271891519191,1.4249597793610664,0.05787589498806683,5.240174672489083,4351,75,2023-2024,2024-04-13,Herbert Jones
894,0.15771812080536912,0.053691275167785234,0.4407158836689038,0.27740492170022374,0.21700223713646533,0.3087248322147651,0.039149888143176735,0.3478747203579418,0.2740492170022371,1.6793066088840736,0.0,0.38317757009345793,0.6666666666666666,8.965330444203683,2.735644637053088,3.277227722772277,1.3542795232936078,0.27085590465872156,0.08299039780521263,3.304442036836403,3692,68,2023-2024,2024-04-13,Immanuel Quickley
474,0.4472573839662447,0.16666666666666666,0.27848101265822783,0.0379746835443038,0.40717299578059074,0.10126582278481013,0.006329113924050633,0.10759493670886076,0.2848101265822785,1.7908723281340264,0.0,0.7947019867549668,0.9876543209876543,3.6395147313691507,1.559792027729636,2.3333333333333335,1.6464471403812824,0.9820912767186597,0.05020302694721299,4.043905257076834,3462,68,2023-2024,2024-04-13,Isaac Okoro
361,0.7146814404432132,0.0,0.008310249307479225,0.0,0.008310249307479225,0.27146814404432135,0.00554016620498615,0.2770083102493075,0.42382271468144045,3.0592197586303675,0.0,0.658008658008658,1.0,5.164187482458602,2.5540275049115913,2.021978021978022,2.4136963233230424,2.329497614369913,0.14102079395085065,5.865843390401347,3563,74,2023-2024,2024-04-13,Isaiah Hartenstein
239,0.8158995815899581,0.0,0.016736401673640166,0.0041841004184100415,0.012552301255230125,0.1589958158995816,0.008368200836820083,0.16736401673640167,0.45188284518828453,4.783748361730013,0.0,0.7579617834394905,0.0,3.2765399737876804,2.621231979030144,1.25,2.2280471821756227,4.259501965923985,0.1397544853635505,9.239842726081259,1526,59,2023-2024,2024-04-13,Isaiah Jackson
482,0.10580912863070539,0.0912863070539419,0.6452282157676349,0.19294605809128632,0.5435684647302904,0.1078838174273859,0.04979253112033195,0.15767634854771784,0.1078838174273859,1.6822429906542056,0.0,0.75,0.9664429530201343,3.6635514018691593,1.7196261682242993,2.130434782608696,1.6822429906542056,0.822429906542056,0.07077515647568608,3.2523364485981308,2675,77,2023-2024,2024-04-13,Isaiah Joe
382,0.4005235602094241,0.10471204188481675,0.35340314136125656,0.02356020942408377,0.43455497382198954,0.13350785340314136,0.007853403141361256,0.14136125654450263,0.22251308900523561,1.5005359056806002,0.0,0.7226890756302521,1.0,2.608074312254377,2.3579849946409435,1.106060606060606,0.6073597713469097,1.3576277241872097,0.11154031868662483,3.6084315827081106,2799,46,2023-2024,2024-04-13,Isaiah Stewart
158,0.3037974683544304,0.006329113924050633,0.05063291139240506,0.04430379746835443,0.012658227848101266,0.5379746835443038,0.10126582278481013,0.6392405063291139,0.02531645569620253,3.0326004548900682,0.0,0.3870967741935484,0.75,10.993176648976497,3.56330553449583,3.0851063829787235,1.3646702047005308,0.3032600454890068,0.058611361587015326,3.7149355572403335,1319,43,2023-2024,2024-04-13,Ish Smith
519,0.6666666666666666,0.0,0.0,0.0,0.0,0.3333333333333333,0.0,0.3333333333333333,0.3198458574181118,3.766423357664234,0.0,0.771513353115727,0.0,2.7153284671532845,2.3065693430656937,1.1772151898734178,0.6423357664233577,2.423357664233577,0.16889238020424194,5.255474452554744,3425,68,2023-2024,2024-04-13,Ivica Zubac
172,0.38953488372093026,0.11046511627906977,0.32558139534883723,0.023255813953488372,0.4127906976744186,0.13372093023255813,0.040697674418604654,0.1744186046511628,0.10465116279069768,3.5179640718562872,0.0,0.723404255319149,1.0,1.87125748502994,1.122754491017964,1.6666666666666667,0.6736526946107785,1.7964071856287425,0.08592321755027423,4.416167664670659,1336,62,2023-2024,2024-04-13,JT Thor
125,0.64,0.0,0.048,0.008,0.04,0.312,0.0,0.312,0.344,2.599388379204893,0.0,0.7972972972972973,1.0,2.293577981651376,4.892966360856269,0.46875,2.1406727828746175,3.058103975535168,0.1629327902240326,7.033639143730887,654,45,2023-2024,2024-04-13,JaVale McGee
814,0.24324324324324326,0.052825552825552825,0.40294840294840295,0.08968058968058969,0.36609336609336607,0.2371007371007371,0.06388206388206388,0.300982800982801,0.22481572481572482,2.4942791762013727,0.0,0.6186440677966102,0.9485294117647058,2.700228832951945,2.0366132723112127,1.3258426966292134,1.1899313501144164,1.3958810068649887,0.13050706566916043,4.691075514874142,4370,75,2023-2024,2024-04-13,Jabari Smith Jr.
509,0.5147347740667977,0.07072691552062868,0.2043222003929273,0.007858546168958742,0.26719056974459726,0.1925343811394892,0.01768172888015717,0.21021611001964635,0.33595284872298625,2.6622296173044924,0.0,0.616580310880829,1.0,2.3627287853577372,2.196339434276206,1.0757575757575757,1.3976705490848587,0.7321131447587355,0.15302186026575226,5.757071547420965,3005,72,2023-2024,2024-04-13,Jabari Walker
146,0.0547945205479452,0.1095890410958904,0.726027397260274,0.3013698630136986,0.5342465753424658,0.0273972602739726,0.0821917808219178,0.1095890410958904,0.0136986301369863,1.5873015873015872,0.0,0.1111111111111111,0.8235294117647058,11.904761904761903,2.5573192239858904,4.655172413793103,2.5573192239858904,0.4409171075837742,0.038223140495867766,3.439153439153439,1134,40,2023-2024,2024-04-13,Jacob Gilyard
465,0.2129032258064516,0.07526881720430108,0.4064516129032258,0.15483870967741936,0.32688172043010755,0.24946236559139784,0.05591397849462366,0.3053763440860215,0.16344086021505377,2.346368715083799,0.0,0.41818181818181815,0.8271604938271605,5.921787709497207,3.2402234636871508,1.8275862068965518,1.1173184357541899,0.22346368715083798,0.07556497175141243,4.245810055865921,1790,72,2023-2024,2024-04-13,Jaden Hardy
960,0.321875,0.04895833333333333,0.32916666666666666,0.140625,0.2375,0.27395833333333336,0.026041666666666668,0.3,0.31354166666666666,2.2469252601702934,0.0,0.42214532871972316,0.9024390243902439,6.95364238410596,4.446546830652791,1.5638297872340425,1.348155156102176,0.9697256385998108,0.05471406491499227,4.848628192999054,4228,76,2023-2024,2024-04-13,Jaden Ivey
621,0.2914653784219002,0.14653784219001612,0.26247987117552335,0.05152979066022544,0.357487922705314,0.27697262479871176,0.02254428341384863,0.2995169082125604,0.12399355877616747,2.760030667007411,0.0,0.6192660550458715,0.9770114942528736,2.555583950932788,2.146690518783542,1.1904761904761905,1.6100178890876566,1.073345259391771,0.056375838926174496,5.6733963710707895,3913,71,2023-2024,2024-04-13,Jaden McDaniels
144,0.3402777777777778,0.09027777777777778,0.22916666666666666,0.034722222222222224,0.2847222222222222,0.3125,0.027777777777777776,0.3402777777777778,0.2777777777777778,3.8194444444444446,0.0,0.4375,0.8888888888888888,5.092592592592593,3.8194444444444446,1.3333333333333333,3.8194444444444446,1.6203703703703702,0.06505295007564296,7.4074074074074066,864,48,2023-2024,2024-04-13,Jaden Springer
264,0.1553030303030303,0.1590909090909091,0.4659090909090909,0.10227272727272728,0.5227272727272727,0.16287878787878787,0.056818181818181816,0.2196969696969697,0.13636363636363635,1.7754318618042226,0.0,0.8888888888888888,0.9655172413793104,3.166986564299424,1.0076775431861804,3.142857142857143,1.7754318618042226,0.43186180422264875,0.07422324510932106,3.5988483685220727,2084,49,2023-2024,2024-04-13,Jae Crowder
229,0.48034934497816595,0.06550218340611354,0.27510917030567683,0.013100436681222707,0.32751091703056767,0.16593886462882096,0.013100436681222707,0.17903930131004367,0.1703056768558952,3.512396694214876,0.0,0.5058823529411764,1.0,3.3057851239669422,1.9111570247933882,1.7297297297297298,2.1177685950413223,0.7231404958677686,0.08564231738035265,7.179752066115702,1936,65,2023-2024,2024-04-13,Jae'Sean Tate
685,0.39854014598540144,0.09927007299270073,0.1897810218978102,0.029197080291970802,0.25985401459854013,0.29635036496350364,0.016058394160583942,0.3124087591240876,0.24525547445255474,2.6294820717131477,0.0,0.5333333333333333,0.9692307692307692,5.046480743691899,2.895086321381142,1.7431192660550459,1.9920318725099602,0.4780876494023904,0.06524590163934427,4.4090305444887115,3765,74,2023-2024,2024-04-13,Jaime Jaquez Jr.
283,0.2968197879858657,0.06713780918727916,0.4558303886925795,0.17314487632508835,0.3498233215547703,0.17314487632508835,0.007067137809187279,0.18021201413427562,0.3710247349823322,2.761627906976744,0.0,0.5614035087719298,0.88,3.9244186046511627,2.979651162790698,1.3170731707317074,2.1075581395348837,0.872093023255814,0.06721162579473206,4.796511627906977,1376,34,2023-2024,2024-04-13,Jake LaRavia
378,0.6481481481481481,0.0,0.0,0.0,0.0,0.35185185185185186,0.0,0.35185185185185186,0.2830687830687831,3.287671232876712,0.0,0.7983870967741935,0.0,4.970645792563601,3.0136986301369864,1.6493506493506493,1.36986301369863,2.974559686888454,0.1464045525090533,5.8317025440313115,2555,50,2023-2024,2024-04-13,Jakob Poeltl
1618,0.1841779975278121,0.02595797280593325,0.29913473423980225,0.21013597033374537,0.11495673671199011,0.41718170580964153,0.07354758961681088,0.4907292954264524,0.29975278121137205,1.4585414585414587,0.0,0.22654867256637168,0.5829383886255924,10.22977022977023,3.6363636363636362,2.8131868131868134,1.3986013986013985,0.2597402597402597,0.06092045756850226,2.9170829170829173,5005,76,2023-2024,2024-04-13,Jalen Brunson
564,0.7393617021276596,0.0,0.0070921985815602835,0.0035460992907801418,0.0035460992907801418,0.23581560283687944,0.01773049645390071,0.25354609929078015,0.32092198581560283,2.929350947731189,0.0,0.6762177650429799,0.0,4.221711659965537,3.7047673750717975,1.1395348837209303,0.9477311889718553,1.3497989661114302,0.1934880239520958,5.6289488799540495,3482,61,2023-2024,2024-04-13,Jalen Duren
1318,0.3171471927162367,0.022003034901365705,0.4339908952959029,0.2731411229135053,0.18285280728376327,0.1433990895295903,0.0834597875569044,0.2268588770864947,0.26707132018209406,1.2065737466195132,0.07587253414264036,0.34269662921348315,0.5396039603960396,5.991262741834824,3.973372165591845,1.5078534031413613,1.3729977116704806,0.5824838776783856,0.09716494845360825,2.4131474932390264,4807,81,2023-2024,2024-04-13,Jalen Green
702,0.43447293447293445,0.042735042735042736,0.24358974358974358,0.038461538461538464,0.24786324786324787,0.26495726495726496,0.014245014245014245,0.2792022792022792,0.2094017094017094,2.070107645597571,0.14245014245014245,0.7048611111111112,0.971830985915493,5.603091360750759,2.7877449627380626,2.00990099009901,1.849296163400497,1.2972674579078112,0.1461864406779661,3.7261937620756282,3623,56,2023-2024,2024-04-13,Jalen Johnson
182,0.3076923076923077,0.08241758241758242,0.2967032967032967,0.07142857142857142,0.3076923076923077,0.3021978021978022,0.01098901098901099,0.3131868131868132,0.19230769230769232,2.591792656587473,0.0,0.6923076923076923,0.9090909090909091,3.7796976241900646,3.023758099352052,1.25,1.9438444924406046,0.6479481641468683,0.0781456953642384,5.291576673866091,926,49,2023-2024,2024-04-13,Jalen McDaniels
35,0.02857142857142857,0.0,0.7714285714285715,0.4857142857142857,0.2857142857142857,0.14285714285714285,0.05714285714285714,0.2,0.11428571428571428,3.9473684210526314,0.0,0.4,0.8,9.210526315789473,3.9473684210526314,2.3333333333333335,1.7543859649122806,0.0,0.07103825136612021,5.701754385964912,228,27,2023-2024,2024-04-13,Jalen Pickett
391,0.4936061381074169,0.043478260869565216,0.3248081841432225,0.04859335038363171,0.319693094629156,0.10997442455242967,0.028132992327365727,0.13810741687979539,0.2659846547314578,4.09711684370258,0.0,0.6764705882352942,1.0,3.0854830551340413,2.12443095599393,1.4523809523809523,0.8598887202832575,1.8715225088517955,0.15638148667601684,6.170966110268083,1977,60,2023-2024,2024-04-13,Jalen Smith
711,0.2672292545710267,0.06751054852320675,0.4767932489451477,0.1631504922644163,0.38115330520393814,0.16033755274261605,0.02812939521800281,0.18846694796061886,0.21659634317862167,2.771116440181188,0.0,0.48044692737430167,0.8653846153846154,5.355715427657874,3.490540900612843,1.534351145038168,2.7977617905675456,1.2256861177724487,0.06265313265663283,5.435651478816946,3753,74,2023-2024,2024-04-13,Jalen Suggs
987,0.3363728470111449,0.02127659574468085,0.23100303951367782,0.10840932117527863,0.14387031408308004,0.3454913880445795,0.06585612968591692,0.41134751773049644,0.22391084093211752,1.9785847299813781,0.0,0.4061032863849765,0.7264150943396226,7.425512104283054,2.863128491620112,2.5934959349593494,1.86219739292365,1.047486033519553,0.07506127450980392,4.073556797020484,4296,70,2023-2024,2024-04-13,Jalen Williams
166,0.29518072289156627,0.10240963855421686,0.3192771084337349,0.04819277108433735,0.37349397590361444,0.26506024096385544,0.018072289156626505,0.28313253012048195,0.27710843373493976,2.3417172593235036,0.0,0.6122448979591837,1.0,3.8161318300086733,1.647875108412836,2.3157894736842106,0.8673026886383347,0.17346053772766695,0.08922363847045191,3.902862098872507,1153,42,2023-2024,2024-04-13,Jalen Wilson
79,0.3037974683544304,0.10126582278481013,0.2911392405063291,0.05063291139240506,0.34177215189873417,0.26582278481012656,0.0379746835443038,0.3037974683544304,0.2911392405063291,1.9693654266958425,0.0,0.6521739130434783,0.7272727272727273,2.1881838074398248,1.75054704595186,1.25,2.1881838074398248,1.0940919037199124,0.06232294617563739,4.595185995623632,457,25,2023-2024,2024-04-13,Jamal Cain
972,0.2273662551440329,0.02263374485596708,0.33024691358024694,0.2222222222222222,0.13065843621399176,0.294238683127572,0.12551440329218108,0.41975308641975306,0.18518518518518517,1.9801980198019802,0.0,0.340625,0.5782312925170068,10.74964639321075,3.4794908062234793,3.089430894308943,1.6124469589816126,1.074964639321075,0.0778086542278682,2.9985855728429986,3535,58,2023-2024,2024-04-13,Jamal Murray
822,0.18491484184914841,0.040145985401459854,0.5547445255474452,0.40875912408759124,0.18613138686131386,0.20437956204379562,0.015815085158150853,0.22019464720194648,0.41849148418491483,1.3560804899387575,0.0,0.1566265060240964,0.46236559139784944,13.429571303587052,4.046369203849519,3.3189189189189188,1.68416447944007,1.246719160104987,0.09801053247513165,2.799650043744532,4572,72,2023-2024,2024-04-13,James Harden
288,0.6319444444444444,0.0,0.010416666666666666,0.003472222222222222,0.006944444444444444,0.3263888888888889,0.03125,0.3576388888888889,0.3298611111111111,4.43169968717414,0.0,0.7206703910614525,0.0,2.7632950990615224,3.388946819603754,0.8153846153846154,0.5213764337851928,1.981230448383733,0.1396103896103896,7.247132429614181,1918,62,2023-2024,2024-04-13,James Wiseman
105,0.23809523809523808,0.09523809523809523,0.42857142857142855,0.18095238095238095,0.34285714285714286,0.1523809523809524,0.08571428571428572,0.23809523809523808,0.08571428571428572,2.7027027027027026,0.0,0.65,0.7727272727272727,6.200317965023848,2.5437201907790143,2.4375,2.2257551669316373,1.7488076311605723,0.10407239819004525,4.610492845786964,629,33,2023-2024,2024-04-13,Jarace Walker
182,0.33516483516483514,0.04945054945054945,0.35714285714285715,0.19230769230769232,0.21428571428571427,0.23626373626373626,0.02197802197802198,0.25824175824175827,0.18681318681318682,3.286852589641434,0.0,0.34328358208955223,0.6818181818181818,11.852589641434264,4.581673306772909,2.5869565217391304,2.788844621513944,0.697211155378486,0.05970149253731343,5.378486055776892,1004,39,2023-2024,2024-04-13,Jared Butler
1162,0.3278829604130809,0.02495697074010327,0.2917383820998279,0.06798623063683305,0.2487091222030981,0.35197934595524955,0.0034423407917383822,0.35542168674698793,0.3588640275387263,2.8578989150568934,0.0,0.49246231155778897,0.923728813559322,4.0751521566552,4.2339243186028055,0.9625,2.1169621593014027,2.8049748610743586,0.08755472170106317,6.297962423921673,3779,66,2023-2024,2024-04-13,Jaren Jackson Jr.
115,0.6608695652173913,0.0782608695652174,0.1565217391304348,0.0,0.23478260869565218,0.10434782608695652,0.0,0.10434782608695652,0.3130434782608696,1.9376579612468408,0.0,0.7058823529411765,1.0,3.1171019376579614,2.358887952822241,1.3214285714285714,3.1171019376579614,0.5897219882055602,0.11609195402298851,4.043807919123841,1187,30,2023-2024,2024-04-13,Jarred Vanderbilt
812,0.666256157635468,0.0,0.007389162561576354,0.0012315270935960591,0.006157635467980296,0.3103448275862069,0.01600985221674877,0.3263546798029557,0.3866995073891626,1.8822499452834318,0.12315270935960591,0.822265625,0.0,4.552418472313416,2.5826220179470347,1.7627118644067796,1.1162179908076166,1.772816808929744,0.16200634188526952,3.1735609542569487,4569,76,2023-2024,2024-04-13,Jarrett Allen
175,0.8057142857142857,0.0,0.05142857142857143,0.011428571428571429,0.04,0.13714285714285715,0.005714285714285714,0.14285714285714285,0.4685714285714286,4.59837019790454,0.5714285714285714,0.8492063492063492,0.0,1.979045401629802,2.5611175785797435,0.7727272727272727,1.979045401629802,1.6880093131548313,0.11059190031152648,7.275902211874273,1718,70,2023-2024,2024-04-13,Jaxson Hayes
1256,0.3471337579617834,0.044585987261146494,0.28821656050955413,0.15047770700636942,0.1823248407643312,0.267515923566879,0.052547770700636945,0.3200636942675159,0.23885350318471338,1.624588364434687,0.07961783439490447,0.430062630480167,0.6283783783783784,5.466520307354555,3.6443468715697036,1.5,1.8221734357848518,0.8122941822173435,0.0851602023608769,4.2151481888035125,4555,70,2023-2024,2024-04-13,Jaylen Brown
226,0.21238938053097345,0.05309734513274336,0.584070796460177,0.022123893805309734,0.6150442477876106,0.13716814159292035,0.01327433628318584,0.1504424778761062,0.18141592920353983,3.3887861983980283,0.0,0.8292682926829268,1.0,6.715958102279728,2.094886013555145,3.2058823529411766,1.6635859519408502,1.6635859519408502,0.14968652037617555,5.976586568083795,1623,68,2023-2024,2024-04-13,Jaylin Williams
1426,0.2980364656381487,0.020336605890603085,0.41444600280504906,0.2924263674614306,0.1423562412342216,0.19915848527349228,0.06802244039270687,0.26718092566619916,0.3485273492286115,1.0671936758893281,0.0,0.35600907029478457,0.48484848484848486,7.1936758893280635,3.7154150197628457,1.9361702127659575,1.4822134387351777,0.849802371541502,0.13488254609749936,3.1027667984189726,5060,74,2023-2024,2024-04-13,Jayson Tatum
360,0.2972222222222222,0.10277777777777777,0.33611111111111114,0.04722222222222222,0.39166666666666666,0.24166666666666667,0.022222222222222223,0.2638888888888889,0.41388888888888886,2.6956521739130435,0.0,0.7321428571428571,0.9423076923076923,3.0434782608695654,1.956521739130435,1.5555555555555556,0.6956521739130435,1.3043478260869565,0.06953290870488323,4.3478260869565215,2300,77,2023-2024,2024-04-13,Jeff Green
850,0.32,0.06352941176470588,0.2611764705882353,0.041176470588235294,0.28352941176470586,0.2529411764705882,0.10235294117647059,0.3552941176470588,0.36705882352941177,2.030144570901261,0.0,0.44485294117647056,0.972972972972973,4.675484466318056,3.5681328821900955,1.3103448275862069,1.3841894801599508,1.0458320516764072,0.05999220880405142,3.6296524146416487,3251,54,2023-2024,2024-04-13,Jerami Grant
93,0.3978494623655914,0.043010752688172046,0.3763440860215054,0.010752688172043012,0.40860215053763443,0.15053763440860216,0.03225806451612903,0.1827956989247312,0.16129032258064516,1.8779342723004695,0.0,0.7741935483870968,1.0,3.286384976525822,2.503912363067293,1.3125,1.5649452269170578,0.6259780907668232,0.1092436974789916,3.755868544600939,639,38,2023-2024,2024-04-13,Jeremiah Robinson-Earl
776,0.44329896907216493,0.05283505154639175,0.24355670103092783,0.04896907216494845,0.24742268041237114,0.23582474226804123,0.024484536082474227,0.2603092783505155,0.18556701030927836,1.9500594530321047,0.0,0.5932835820895522,0.9861111111111112,5.921521997621879,3.329369797859691,1.7785714285714285,1.474435196195006,0.9512485136741973,0.10401963792574409,4.019024970273484,4205,74,2023-2024,2024-04-13,Jeremy Sochan
55,0.8727272727272727,0.0,0.0,0.0,0.0,0.12727272727272726,0.0,0.12727272727272726,0.43636363636363634,2.178030303030303,0.0,0.631578947368421,0.0,2.367424242424242,1.5151515151515151,1.5625,0.7575757575757576,1.7992424242424243,0.11151960784313726,4.261363636363636,1056,45,2023-2024,2024-04-13,Jericho Sims
357,0.056022408963585436,0.10084033613445378,0.5406162464985994,0.24369747899159663,0.39775910364145656,0.22408963585434175,0.0784313725490196,0.3025210084033613,0.0196078431372549,1.5041782729805013,0.0,0.7,0.8589743589743589,5.125348189415042,1.9498607242339834,2.6285714285714286,2.0612813370473537,0.8913649025069639,0.03387438249823571,3.955431754874652,1795,71,2023-2024,2024-04-13,Jevon Carter
784,0.39540816326530615,0.04846938775510204,0.1377551020408163,0.05229591836734694,0.13392857142857142,0.3737244897959184,0.044642857142857144,0.41836734693877553,0.5803571428571429,0.8301051466519093,0.0,0.45592705167173253,0.7868852459016393,8.13503043718871,2.794687327061428,2.910891089108911,2.185943552850028,0.47039291643608194,0.07270233196159122,1.9092418372993913,3614,59,2023-2024,2024-04-13,Jimmy Butler
199,0.5477386934673367,0.0,0.19095477386934673,0.01507537688442211,0.17587939698492464,0.24120603015075376,0.020100502512562814,0.2613065326633166,0.32663316582914576,2.671232876712329,0.0,0.7473684210526316,1.0,4.315068493150685,1.8493150684931507,2.3333333333333335,1.3013698630136987,2.26027397260274,0.07552320291173795,5.068493150684931,1460,55,2023-2024,2024-04-13,Jock Landale
226,0.13716814159292035,0.09292035398230089,0.6150442477876106,0.24336283185840707,0.4646017699115044,0.1504424778761062,0.004424778761061947,0.15486725663716813,0.1504424778761062,1.4821676702176934,0.0,0.4482758620689655,0.927536231884058,9.309865678554887,3.0569708198239924,3.0454545454545454,1.9453450671607224,0.2315886984715146,0.07898172323759792,4.168596572487263,2159,67,2023-2024,2024-04-13,Joe Ingles
851,0.3008225616921269,0.005875440658049354,0.16216216216216217,0.06462984723854288,0.10340775558166862,0.3854289071680376,0.14571092831962398,0.5311398354876615,0.5311398354876615,2.6655896607431337,0.23501762632197415,0.5304568527918782,0.8392857142857143,8.844911147011308,6.058158319870759,1.46,1.8578352180936994,2.6655896607431337,0.17232510288065844,4.68497576736672,2476,39,2023-2024,2024-04-13,Joel Embiid
746,0.4249329758713137,0.07640750670241286,0.24262734584450402,0.020107238605898123,0.29892761394101874,0.22788203753351208,0.028150134048257374,0.25603217158176944,0.2479892761394102,3.3748271092669433,0.0,0.7272727272727273,0.9887640449438202,2.1300138312586445,2.710926694329184,0.7857142857142857,1.1065006915629323,1.6874135546334716,0.15390279823269515,5.283540802213001,3615,68,2023-2024,2024-04-13,John Collins
208,0.3798076923076923,0.14903846153846154,0.42788461538461536,0.0625,0.5144230769230769,0.04326923076923077,0.0,0.04326923076923077,0.1201923076923077,2.128666035950804,0.0,0.68,1.0,5.203405865657521,2.1759697256385997,2.391304347826087,2.4124881740775783,2.4124881740775783,0.10869565217391304,3.595080416272469,2114,55,2023-2024,2024-04-13,John Konchar
149,0.40939597315436244,0.09395973154362416,0.18120805369127516,0.03355704697986577,0.24161073825503357,0.28187919463087246,0.03355704697986577,0.31543624161073824,0.1610738255033557,2.4657534246575343,0.0,0.6,1.0,2.73972602739726,0.91324200913242,3.0,1.461187214611872,0.91324200913242,0.05921787709497207,4.840182648401827,1095,49,2023-2024,2024-04-13,Johnny Davis
716,0.4511173184357542,0.01675977653631285,0.1494413407821229,0.002793296089385475,0.1634078212290503,0.3407821229050279,0.04189944134078212,0.38268156424581007,0.28631284916201116,3.0230069555912253,0.0,0.6181318681318682,1.0,4.601391118245051,2.862493311931514,1.6074766355140186,0.8560727661851256,1.8191546281433921,0.18845200141693233,5.858747993579454,3738,81,2023-2024,2024-04-13,Jonas Valanciunas
275,0.4763636363636364,0.08727272727272728,0.29454545454545455,0.01090909090909091,0.3709090909090909,0.09090909090909091,0.05090909090909091,0.14181818181818182,0.29818181818181816,2.112251056125528,0.0,0.6568627450980392,0.975,1.6898008449004225,1.6294508147254072,1.037037037037037,2.5347012673506337,4.043452021726011,0.15033222591362128,3.8020519010259504,1657,57,2023-2024,2024-04-13,Jonathan Isaac
858,0.45454545454545453,0.03263403263403263,0.16083916083916083,0.037296037296037296,0.1561771561771562,0.32400932400932403,0.027972027972027972,0.351981351981352,0.3484848484848485,1.6596417281348788,0.0,0.6153846153846154,0.9056603773584906,4.10958904109589,3.21390937829294,1.278688524590164,1.3962065331928346,0.922023182297155,0.09186168354872512,4.531085353003162,3796,73,2023-2024,2024-04-13,Jonathan Kuminga
104,0.2692307692307692,0.057692307692307696,0.5192307692307693,0.04807692307692308,0.5288461538461539,0.1346153846153846,0.019230769230769232,0.15384615384615385,0.17307692307692307,2.514792899408284,0.0,0.65,1.0,8.875739644970414,3.106508875739645,2.857142857142857,2.9585798816568047,2.9585798816568047,0.10486891385767791,5.177514792899409,676,26,2023-2024,2024-04-13,Jontay Porter
816,0.18872549019607843,0.0392156862745098,0.3492647058823529,0.18137254901960784,0.20710784313725492,0.39705882352941174,0.025735294117647058,0.4227941176470588,0.24632352941176472,1.2198936502971536,0.0,0.36885245901639346,0.6989247311827957,8.66437284954645,4.566781357522678,1.8972602739726028,1.094776352830779,0.1876759461995621,0.057964970809007504,2.564904598060682,3197,55,2023-2024,2024-04-13,Jordan Clarkson
369,0.28184281842818426,0.037940379403794036,0.3523035230352303,0.13008130081300814,0.2601626016260163,0.2764227642276423,0.051490514905149054,0.32791327913279134,0.14905149051490515,2.4828314844162707,0.0,0.2765957446808511,0.8636363636363636,8.02958267300581,2.9054410987849977,2.7636363636363637,2.3771790808240887,0.9508716323296356,0.1083844580777096,3.9619651347068143,1893,56,2023-2024,2024-04-13,Jordan Goodwin
456,0.10307017543859649,0.08333333333333333,0.5767543859649122,0.18201754385964913,0.4780701754385965,0.14692982456140352,0.08991228070175439,0.23684210526315788,0.17543859649122806,1.9043195541105433,0.0,0.7384615384615385,0.9908256880733946,3.251277287505806,1.8578727357176035,1.75,0.8824895494658616,0.3251277287505806,0.07020648967551622,3.483511379470506,2153,67,2023-2024,2024-04-13,Jordan Hawkins
143,0.24475524475524477,0.15384615384615385,0.46853146853146854,0.16083916083916083,0.46153846153846156,0.11188811188811189,0.02097902097902098,0.13286713286713286,0.11188811188811189,1.2919896640826873,0.0,0.6153846153846154,0.9761904761904762,9.474590869939707,1.550387596899225,6.111111111111111,3.0146425495262705,0.6029285099052542,0.05825242718446602,2.5839793281653747,1161,55,2023-2024,2024-04-13,Jordan McLaughlin
289,0.328719723183391,0.04152249134948097,0.4083044982698962,0.17993079584775087,0.2698961937716263,0.19377162629757785,0.02768166089965398,0.22145328719723184,0.18339100346020762,1.9157088122605364,0.0,0.5955056179775281,0.813953488372093,4.674329501915709,3.9080459770114944,1.196078431372549,1.992337164750958,0.996168582375479,0.11256281407035176,3.601532567049808,1305,51,2023-2024,2024-04-13,Jordan Nwora
1186,0.2209106239460371,0.031197301854974706,0.45193929173693087,0.2630691399662732,0.22006745362563238,0.23693086003372682,0.05902192242833052,0.29595278246205736,0.18465430016863407,2.399818881593842,0.16863406408094433,0.41254125412541254,0.6577540106951871,7.765451664025356,4.256282544713606,1.824468085106383,1.9470228661987776,0.5659950192438307,0.05012531328320802,5.818428797826579,4417,78,2023-2024,2024-04-13,Jordan Poole
338,0.20118343195266272,0.08875739644970414,0.5088757396449705,0.14201183431952663,0.4556213017751479,0.19230769230769232,0.008875739644970414,0.20118343195266272,0.15384615384615385,1.4446227929373996,0.0,0.5645161290322581,0.881578947368421,6.206527554842162,2.0331728196896734,3.0526315789473686,3.103263777421081,0.8025682182985553,0.07147862648913805,4.815409309791333,1869,55,2023-2024,2024-04-13,Jose Alvarado
839,0.4028605482717521,0.066746126340882,0.22526817640047675,0.03575685339690107,0.2562574493444577,0.28486293206197855,0.02026221692491061,0.30512514898688914,0.1466030989272944,1.5917843388960204,0.0,0.5236593059936908,0.9634146341463414,9.70474967907574,4.2362002567394095,2.290909090909091,1.3350449293966624,1.1296534017971758,0.1378238341968912,2.8498074454428752,3895,79,2023-2024,2024-04-13,Josh Giddey
366,0.3442622950819672,0.18579234972677597,0.31693989071038253,0.05191256830601093,0.45081967213114754,0.12295081967213115,0.030054644808743168,0.15300546448087432,0.15027322404371585,1.6175413371675056,0.273224043715847,0.7428571428571429,0.958904109589041,4.565061107117182,2.12077641984184,2.152542372881356,1.689432063263839,0.3235082674335011,0.06697892271662763,3.8461538461538463,2782,56,2023-2024,2024-04-13,Josh Green
669,0.37070254110612855,0.05829596412556054,0.33183856502242154,0.10612855007473841,0.28400597907324365,0.22122571001494767,0.017937219730941704,0.23916292974588937,0.17189835575485798,1.691805951895638,0.0,0.6328502415458938,0.8902439024390244,6.6653077863840196,2.3440684875662456,2.8434782608695652,1.5083571137382796,0.4484304932735426,0.14469453376205788,3.5262943334692216,4906,80,2023-2024,2024-04-13,Josh Hart
34,0.5,0.058823529411764705,0.23529411764705882,0.029411764705882353,0.2647058823529412,0.20588235294117646,0.0,0.20588235294117646,0.4117647058823529,3.7037037037037033,0.0,0.5833333333333334,1.0,4.320987654320987,1.2345679012345678,3.5,3.0864197530864197,2.4691358024691357,0.09774436090225563,6.172839506172839,162,31,2023-2024,2024-04-13,Josh Minott
203,0.43349753694581283,0.1625615763546798,0.2955665024630542,0.014778325123152709,0.4433497536945813,0.10344827586206896,0.0049261083743842365,0.10837438423645321,0.5024630541871922,1.5625,0.0,0.625,1.0,3.571428571428571,2.0089285714285716,1.7777777777777777,2.622767857142857,1.3392857142857142,0.06056018168054504,3.90625,1792,59,2023-2024,2024-04-13,Josh Okogie
347,0.17579250720461095,0.08069164265129683,0.47262247838616717,0.08645533141210375,0.4668587896253602,0.21613832853025935,0.05475504322766571,0.27089337175792505,0.15561959654178675,1.7775520568816656,0.0,0.5172413793103449,0.9552238805970149,5.332656170644998,1.8283392585068563,2.9166666666666665,1.218892839004571,0.7110208227526663,0.06445556946182729,3.961401726764855,1969,43,2023-2024,2024-04-13,Josh Richardson
689,0.23802612481857766,0.07402031930333818,0.40493468795355586,0.2539912917271408,0.22496371552975328,0.24818577648766327,0.03483309143686502,0.2830188679245283,0.10449927431059507,1.289431268708266,0.0,0.4635416666666667,0.7482014388489209,7.667510937140226,2.855169237854018,2.685483870967742,1.4045590605572185,1.2203545935988946,0.0846514352665495,2.4867603039373702,4343,69,2023-2024,2024-04-13,Jrue Holiday
393,0.21882951653944022,0.11959287531806616,0.5750636132315522,0.10687022900763359,0.5877862595419847,0.07124681933842239,0.015267175572519083,0.08651399491094147,0.22900763358778625,1.6612495485734922,0.0,0.8524590163934426,0.9797979797979798,3.5030697002527993,1.9862766341639582,1.7636363636363637,1.7334777898158178,1.5167930660888407,0.07453703703703704,2.780787287829541,2769,73,2023-2024,2024-04-13,Julian Champagnie
77,0.44155844155844154,0.2077922077922078,0.2857142857142857,0.03896103896103896,0.45454545454545453,0.03896103896103896,0.025974025974025976,0.06493506493506493,0.24675324675324675,4.915254237288136,0.0,0.75,1.0,2.2033898305084745,1.694915254237288,1.3,1.1864406779661016,1.1864406779661016,0.052060737527114966,6.779661016949152,590,40,2023-2024,2024-04-13,Julian Phillips
222,0.17567567567567569,0.03153153153153153,0.5900900900900901,0.13963963963963963,0.481981981981982,0.1891891891891892,0.013513513513513514,0.20270270270270271,0.13963963963963963,2.579365079365079,0.0,0.6585365853658537,0.9512195121951219,4.662698412698413,2.1825396825396823,2.1363636363636362,1.6865079365079365,0.6944444444444444,0.06829268292682927,5.357142857142857,1008,49,2023-2024,2024-04-13,Julian Strawther
836,0.35047846889952156,0.03110047846889952,0.26435406698564595,0.11483253588516747,0.180622009569378,0.326555023923445,0.02751196172248804,0.35406698564593303,0.361244019138756,1.6113438607798907,0.11961722488038277,0.4231974921630094,0.868421052631579,7.379954882371899,5.124073477280051,1.440251572327044,0.8056719303899453,0.3867225265871737,0.1405639913232104,4.157267160812117,3103,46,2023-2024,2024-04-13,Julius Randle
189,0.164021164021164,0.17989417989417988,0.5185185185185185,0.14285714285714285,0.5555555555555556,0.037037037037037035,0.10052910052910052,0.13756613756613756,0.021164021164021163,2.840909090909091,0.0,0.7878787878787878,0.9629629629629629,4.103535353535354,0.8207070707070708,5.0,2.20959595959596,0.5681818181818182,0.04955320877335499,4.292929292929292,1584,56,2023-2024,2024-04-13,Justin Holiday
64,0.3125,0.109375,0.5625,0.15625,0.515625,0.015625,0.0,0.015625,0.125,2.8192371475953566,0.0,0.375,0.9090909090909091,3.150912106135987,1.1608623548922055,2.7142857142857144,1.4925373134328357,1.658374792703151,0.052845528455284556,4.975124378109453,603,33,2023-2024,2024-04-13,Justin Minaya
623,0.6500802568218299,0.011235955056179775,0.13162118780096307,0.006420545746388443,0.13643659711075443,0.19743178170144463,0.009630818619582664,0.20706260032102727,0.4189406099518459,2.9997600191984644,0.0,0.6474576271186441,1.0,7.0314374850012005,4.175665946724262,1.6839080459770115,1.823854091672666,1.8718502519798417,0.20340113371123708,6.095512359011279,4167,75,2023-2024,2024-04-13,Jusuf Nurkic
181,0.7182320441988951,0.06077348066298342,0.09392265193370165,0.0055248618784530384,0.14917127071823205,0.1270718232044199,0.0,0.1270718232044199,0.2265193370165746,2.800294767870302,0.0,0.7865168539325843,1.0,3.758290346352248,2.3581429624170966,1.59375,1.6212232866617537,0.8843036109064112,0.0861244019138756,7.516580692704496,1357,60,2023-2024,2024-04-13,KJ Martin
943,0.35737009544008486,0.021208907741251327,0.33191940615058324,0.05620360551431601,0.29692470837751855,0.25874867444326616,0.030752916224814422,0.28950159066808057,0.3054082714740191,2.73224043715847,0.10604453870625664,0.6379821958456974,0.9640287769784173,4.865990111891751,4.4756700494405415,1.0872093023255813,1.1189175123601354,1.0668748373666408,0.14626446860750614,5.204267499349466,3843,61,2023-2024,2024-04-13,Karl-Anthony Towns
1162,0.22289156626506024,0.039586919104991396,0.25301204819277107,0.11962134251290878,0.1729776247848537,0.40619621342512907,0.0783132530120482,0.4845094664371773,0.24612736660929432,1.0027347310847767,0.0,0.451063829787234,0.6571428571428571,5.560619872379216,2.7119416590701917,2.0504201680672267,2.5296262534184137,1.3445761166818595,0.10112701797136765,2.2333637192342755,4388,68,2023-2024,2024-04-13,Kawhi Leonard
963,0.19937694704049844,0.06542056074766354,0.46002076843198336,0.14018691588785046,0.3852544132917965,0.2087227414330218,0.06645898234683281,0.2751817237798546,0.12668743509865005,2.2983788220808536,0.10384215991692627,0.7421875,0.9781420765027322,2.62671865380669,1.2928380874204801,2.0317460317460316,1.6006566796634516,1.1902318900061564,0.08257858284496537,4.145290375538683,4873,76,2023-2024,2024-04-13,Keegan Murray
166,0.4457831325301205,0.1144578313253012,0.30120481927710846,0.04216867469879518,0.37349397590361444,0.13855421686746988,0.0,0.13855421686746988,0.25301204819277107,1.93929173693086,0.0,0.6274509803921569,0.9523809523809523,3.204047217537943,1.2647554806070826,2.533333333333333,2.1079258010118047,1.854974704890388,0.08662280701754387,2.951096121416526,1186,53,2023-2024,2024-04-13,Keita Bates-Diop
862,0.35846867749419953,0.07308584686774942,0.35730858468677495,0.12180974477958237,0.308584686774942,0.20069605568445475,0.010440835266821345,0.2111368909512761,0.25638051044083526,1.848998459167951,0.23201856148491878,0.49049429657794674,0.90625,5.007704160246533,2.5680534155110424,1.95,1.3097072419106317,0.5136106831022085,0.09129168015539009,3.8520801232665636,3894,69,2023-2024,2024-04-13,Keldon Johnson
488,0.444672131147541,0.03278688524590164,0.2930327868852459,0.07581967213114754,0.25,0.19467213114754098,0.03483606557377049,0.22950819672131148,0.36885245901639346,3.2657998185666766,0.0,0.5358851674641149,0.9516129032258065,10.432416087087995,4.475355306924706,2.331081081081081,2.207438766253402,0.9071666162685214,0.12176059234882765,6.83398850922286,3307,77,2023-2024,2024-04-13,Kelly Olynyk
868,0.402073732718894,0.07603686635944701,0.2960829493087558,0.12211981566820276,0.25,0.2119815668202765,0.013824884792626729,0.22580645161290322,0.26497695852534564,2.3415977961432506,0.0,0.558303886925795,0.8415841584158416,2.7823691460055096,2.369146005509642,1.1744186046511629,2.1212121212121215,1.2672176308539946,0.0821174075330845,5.482093663911846,3630,67,2023-2024,2024-04-13,Kelly Oubre Jr.
271,0.33579335793357934,0.11439114391143912,0.4059040590405904,0.08118081180811808,0.43911439114391143,0.0996309963099631,0.04428044280442804,0.14391143911439114,0.05166051660516605,3.14498933901919,0.0,0.7361111111111112,0.9636363636363636,4.584221748400854,1.4925373134328357,3.0714285714285716,2.025586353944563,0.4797441364605544,0.09846368715083799,5.437100213219616,1876,68,2023-2024,2024-04-13,Kenrich Williams
581,0.22203098106712565,0.11187607573149742,0.4199655765920826,0.1686746987951807,0.36316695352839934,0.14974182444061962,0.0963855421686747,0.24612736660929432,0.1927710843373494,1.8917155903457272,0.0,0.75,0.936,3.8921504674929333,1.5873015873015872,2.452054794520548,2.13089802130898,0.8914981517721243,0.04436450839328537,3.3920417482061316,4599,75,2023-2024,2024-04-13,Kentavious Caldwell-Pope
223,0.13452914798206278,0.12556053811659193,0.6053811659192825,0.242152466367713,0.48878923766816146,0.10762331838565023,0.026905829596412557,0.13452914798206278,0.14798206278026907,3.361344537815126,0.0,0.6571428571428571,0.9264705882352942,4.649859943977591,2.0168067226890756,2.3055555555555554,2.689075630252101,1.5126050420168067,0.06446991404011461,6.162464985994398,1785,56,2023-2024,2024-04-13,Keon Ellis
81,0.2222222222222222,0.16049382716049382,0.5061728395061729,0.07407407407407407,0.5925925925925926,0.07407407407407407,0.037037037037037035,0.1111111111111111,0.1111111111111111,3.7280701754385963,0.0,0.6923076923076923,0.9523809523809523,3.070175438596491,0.6578947368421052,4.666666666666667,1.9736842105263157,0.8771929824561403,0.08376963350785341,5.482456140350877,456,53,2023-2024,2024-04-13,Kessler Edwards
1422,0.1631504922644163,0.03234880450070324,0.25316455696202533,0.0949367088607595,0.19057665260196907,0.42545710267229253,0.1258790436005626,0.5513361462728551,0.2960618846694796,1.2181616832779625,0.14064697609001406,0.5103806228373703,0.8143712574850299,6.95828719084533,4.4296788482834994,1.5708333333333333,1.2366186784791435,1.6611295681063125,0.11445935679918967,2.4916943521594686,5418,74,2023-2024,2024-04-13,Kevin Durant
560,0.20714285714285716,0.06964285714285715,0.5392857142857143,0.19107142857142856,0.41785714285714287,0.16785714285714284,0.01607142857142857,0.18392857142857144,0.08392857142857142,2.212537713711029,0.17857142857142858,0.808,0.9512195121951219,5.564867582970164,1.7767348307073418,3.1320754716981134,1.5085484411666108,0.771035869929601,0.08031088082901554,4.592691920885015,2983,64,2023-2024,2024-04-13,Kevin Huerter
186,0.2903225806451613,0.0913978494623656,0.41397849462365593,0.06989247311827956,0.43548387096774194,0.1774193548387097,0.026881720430107527,0.20430107526881722,0.11827956989247312,2.949571836346337,0.0,0.7818181818181819,0.967741935483871,2.1883920076117986,2.093244529019981,1.0454545454545454,1.236917221693625,0.6660323501427212,0.0695970695970696,4.757373929590866,1051,31,2023-2024,2024-04-13,Kevin Knox II
358,0.18435754189944134,0.06424581005586592,0.6201117318435754,0.09217877094972067,0.5921787709497207,0.10893854748603352,0.0223463687150838,0.13128491620111732,0.3016759776536313,3.3593281343731256,0.27932960893854747,0.6164383561643836,0.9882352941176471,6.898620275944811,2.8794241151769646,2.3958333333333335,1.0797840431913617,0.599880023995201,0.20409656181419167,5.8188362327534495,1667,54,2023-2024,2024-04-13,Kevin Love
229,0.7161572052401747,0.0,0.004366812227074236,0.0,0.004366812227074236,0.26200873362445415,0.017467248908296942,0.2794759825327511,0.3624454148471616,3.552631578947368,0.43668122270742354,0.6715328467153284,0.0,5.745614035087719,2.1929824561403506,2.62,1.2280701754385965,1.2280701754385965,0.16034985422740525,6.754385964912281,2280,73,2023-2024,2024-04-13,Kevon Looney
804,0.14054726368159204,0.04477611940298507,0.5049751243781094,0.27114427860696516,0.27860696517412936,0.2736318407960199,0.036069651741293535,0.30970149253731344,0.27611940298507465,0.7880220646178092,0.0,0.38181818181818183,0.684931506849315,8.61570790648805,4.9120042027843445,1.7540106951871657,0.9456264775413712,0.18387181507748881,0.06728778467908902,2.3640661938534278,3807,74,2023-2024,2024-04-13,Keyonte George
628,0.12738853503184713,0.04617834394904458,0.35987261146496813,0.1751592356687898,0.23089171974522293,0.32802547770700635,0.13853503184713375,0.46656050955414013,0.18152866242038215,2.268041237113402,0.15923566878980894,0.3827751196172249,0.6764705882352942,9.862542955326461,4.22680412371134,2.3333333333333335,1.718213058419244,0.5154639175257731,0.0970216606498195,4.810996563573884,2910,54,2023-2024,2024-04-13,Khris Middleton
283,0.09540636042402827,0.06007067137809187,0.21201413427561838,0.06713780918727916,0.2049469964664311,0.558303886925795,0.07420494699646643,0.6325088339222615,0.17667844522968199,1.7001545595054095,0.0,0.4842105263157895,0.8636363636363636,10.56156620298815,2.627511591962906,4.019607843137255,1.8547140649149922,1.0303967027305512,0.072337575351641,3.863987635239567,1941,42,2023-2024,2024-04-13,Killian Hayes
80,0.3625,0.0625,0.325,0.0875,0.3,0.2,0.05,0.25,0.2375,1.3921113689095126,0.0,0.4583333333333333,0.75,7.888631090487238,3.0162412993039442,2.6153846153846154,1.8561484918793503,0.46403712296983757,0.039473684210526314,2.784222737819025,431,27,2023-2024,2024-04-13,Kira Lewis Jr.
1120,0.10178571428571428,0.059821428571428574,0.5607142857142857,0.16875,0.4517857142857143,0.17857142857142858,0.09910714285714285,0.27767857142857144,0.11785714285714285,1.7687074829931975,0.0,0.7149532710280374,0.9368029739776952,3.922902494331066,2.6530612244897958,1.4786324786324787,1.1337868480725624,0.7709750566893424,0.06498194945848375,2.947845804988662,4410,76,2023-2024,2024-04-13,Klay Thompson
80,0.35,0.1125,0.45,0.05,0.5125,0.075,0.0125,0.0875,0.025,4.416403785488959,0.0,0.65,1.0,3.3123028391167195,1.4195583596214512,2.3333333333333335,1.5772870662460567,0.6309148264984227,0.08041237113402062,7.255520504731862,634,43,2023-2024,2024-04-13,Kobe Brown
313,0.26517571884984026,0.05750798722044728,0.2971246006389776,0.06389776357827476,0.29073482428115016,0.3738019169329074,0.006389776357827476,0.3801916932907348,0.10223642172523961,2.8014616321559074,0.0,0.27358490566037735,0.9512195121951219,10.312626877791311,3.207470564352416,3.2151898734177213,2.7608607389362567,1.1368250101502233,0.07835400225479143,5.521721477872513,2463,66,2023-2024,2024-04-13,Kris Dunn
351,0.3789173789173789,0.15669515669515668,0.34472934472934474,0.09116809116809117,0.41025641025641024,0.1168091168091168,0.002849002849002849,0.11965811965811966,0.15384615384615385,1.9966722129783694,0.0,0.5106382978723404,0.9791666666666666,3.3277870216306153,2.204658901830283,1.509433962264151,2.1630615640599005,0.8319467554076538,0.06941431670281996,3.70216306156406,2404,61,2023-2024,2024-04-13,Kris Murray
752,0.30186170212765956,0.005319148936170213,0.38563829787234044,0.031914893617021274,0.35904255319148937,0.26728723404255317,0.0398936170212766,0.3071808510638298,0.4015957446808511,2.6519666269368294,0.0,0.7158273381294964,0.990909090909091,3.426698450536353,2.6519666269368294,1.2921348314606742,1.2514898688915377,3.307508939213349,0.11836115326251896,4.916567342073898,3356,57,2023-2024,2024-04-13,Kristaps Porzingis
428,0.2757009345794392,0.04672897196261682,0.07242990654205607,0.018691588785046728,0.10046728971962617,0.5864485981308412,0.018691588785046728,0.6051401869158879,0.32009345794392524,1.7495395948434622,0.0,0.5135135135135135,0.9166666666666666,10.036832412523019,2.7624309392265194,3.6333333333333333,2.148557397176182,1.4426028238182933,0.08245818747569039,3.959484346224678,3258,78,2023-2024,2024-04-13,Kyle Anderson
1313,0.2757044935262757,0.046458492003046456,0.3038842345773039,0.13404417364813404,0.2162985529322163,0.3274942878903275,0.046458492003046456,0.37395277989337394,0.1827875095201828,2.0126374912239644,0.0,0.5374449339207048,0.7857142857142857,6.927217411654575,4.49333021296513,1.5416666666666667,0.8659021764568219,1.1467353147671424,0.11718522826403024,3.6742335595600277,4273,70,2023-2024,2024-04-13,Kyle Kuzma
375,0.14133333333333334,0.10133333333333333,0.5653333333333334,0.25066666666666665,0.416,0.16533333333333333,0.02666666666666667,0.192,0.2,2.6297814207650276,0.0,0.46875,0.8080808080808081,8.367486338797814,2.800546448087432,2.9878048780487805,1.9808743169398908,0.7172131147540983,0.0649895178197065,4.952185792349726,2928,59,2023-2024,2024-04-13,Kyle Lowry
1131,0.20247568523430592,0.04597701149425287,0.33156498673740054,0.1874447391688771,0.1900972590627763,0.34571175950486294,0.07427055702917772,0.41998231653404067,0.1856763925729443,1.4660493827160492,0.0,0.37402597402597404,0.6497175141242938,7.690329218106997,2.7263374485596708,2.8207547169811322,1.9032921810699588,0.720164609053498,0.08126858275520317,2.880658436213992,3888,58,2023-2024,2024-04-13,Kyrie Irving
240,0.37083333333333335,0.041666666666666664,0.15833333333333333,0.0125,0.1875,0.375,0.05416666666666667,0.42916666666666664,0.225,2.3323615160349855,0.0,0.5376344086021505,1.0,2.7210884353741496,2.3323615160349855,1.1666666666666667,2.2351797862001943,2.1379980563654035,0.11057108140947752,4.373177842565598,1029,38,2023-2024,2024-04-13,Lamar Stevens
274,0.2116788321167883,0.10948905109489052,0.46715328467153283,0.19343065693430658,0.38321167883211676,0.1678832116788321,0.043795620437956206,0.2116788321167883,0.1678832116788321,2.9039463886820553,0.0,0.734375,0.9259259259259259,4.0208488458674605,2.2338049143708116,1.8,1.8615040953090096,0.7446016381236039,0.04204753199268738,5.7334326135517495,1343,46,2023-2024,2024-04-13,Landry Shamet
233,0.5150214592274678,0.06437768240343347,0.20600858369098712,0.008583690987124463,0.26180257510729615,0.2017167381974249,0.012875536480686695,0.2145922746781116,0.2532188841201717,1.9944341372912802,0.0,0.7757009345794392,0.9615384615384616,5.055658627087198,2.2263450834879404,2.2708333333333335,2.782931354359926,0.8812615955473098,0.12433075550267698,4.406307977736549,2156,60,2023-2024,2024-04-13,Larry Nance Jr.
890,0.2606741573033708,0.04943820224719101,0.4460674157303371,0.0651685393258427,0.4303370786516854,0.21797752808988763,0.025842696629213482,0.24382022471910111,0.3112359550561798,1.682085786375105,0.11235955056179776,0.7450199203187251,0.9772727272727273,3.083823941687693,2.1586767591813847,1.4285714285714286,1.4017381553125876,0.7289038407625456,0.12664601084430674,2.831511073731427,3567,55,2023-2024,2024-04-13,Lauri Markkanen
1270,0.4590551181102362,0.025984251968503937,0.268503937007874,0.12598425196850394,0.16850393700787403,0.1889763779527559,0.05748031496062992,0.24645669291338582,0.3173228346456693,0.7223113964686998,0.07874015748031496,0.4342105263157895,0.6842105263157895,11.556982343499197,4.935794542536116,2.341463414634146,1.725521669341894,0.7423756019261638,0.12425393380358112,1.7656500802568218,4984,71,2023-2024,2024-04-13,LeBron James
48,0.4583333333333333,0.14583333333333334,0.22916666666666666,0.0,0.375,0.10416666666666667,0.0625,0.16666666666666666,0.2916666666666667,1.9522776572668112,0.0,0.6428571428571429,1.0,4.121475054229935,1.3015184381778742,3.1666666666666665,1.3015184381778742,2.1691973969631237,0.08505154639175258,3.470715835140998,461,25,2023-2024,2024-04-13,Leaky Black
130,0.2,0.06153846153846154,0.5615384615384615,0.2076923076923077,0.4153846153846154,0.17692307692307693,0.0,0.17692307692307693,0.2230769230769231,2.684563758389262,0.0,0.38095238095238093,0.9333333333333333,4.429530201342282,2.1476510067114094,2.0625,0.8053691275167786,0.2684563758389262,0.09074733096085409,5.771812080536913,745,36,2023-2024,2024-04-13,Lester Quinones
98,0.09183673469387756,0.08163265306122448,0.7755102040816326,0.2653061224489796,0.5918367346938775,0.030612244897959183,0.02040816326530612,0.05102040816326531,0.02040816326530612,3.0927835051546393,0.0,0.6,0.9142857142857143,4.536082474226804,1.443298969072165,3.142857142857143,1.0309278350515463,1.2371134020618557,0.08270676691729323,4.536082474226804,485,37,2023-2024,2024-04-13,Lindy Waters III
477,0.22641509433962265,0.07966457023060797,0.480083857442348,0.24109014675052412,0.31865828092243187,0.129979035639413,0.08385744234800839,0.2138364779874214,0.12368972746331237,2.1691973969631237,0.0,0.4489795918367347,0.7115384615384616,3.7418655097613884,2.6572668112798263,1.4081632653061225,1.6811279826464207,0.9761388286334056,0.07605633802816901,3.850325379609545,1844,57,2023-2024,2024-04-13,Lonnie Walker IV
651,0.2534562211981567,0.09370199692780339,0.5099846390168971,0.11213517665130568,0.4915514592933948,0.10906298003072197,0.03379416282642089,0.14285714285714285,0.23809523809523808,2.420293227833372,0.0,0.6307692307692307,0.9935897435897436,2.583197579706772,1.7221317198045145,1.5,1.6523155690016291,1.0937863625785431,0.06417772292502315,5.352571561554573,4297,78,2023-2024,2024-04-13,Luguentz Dort
1652,0.17312348668280872,0.01513317191283293,0.43886198547215494,0.3553268765133172,0.0986682808716707,0.3069007263922518,0.06598062953995157,0.3728813559322034,0.36803874092009686,1.5332536837913182,0.12106537530266344,0.1766990291262136,0.2975778546712803,13.65989645559538,5.615292712066906,2.4326241134751774,1.971326164874552,0.7566706491437674,0.14913617886178862,3.26563122262047,5022,70,2023-2024,2024-04-13,Luka Doncic
147,0.36054421768707484,0.10884353741496598,0.2925170068027211,0.013605442176870748,0.3877551020408163,0.23809523809523808,0.0,0.23809523809523808,0.35374149659863946,2.578018995929444,0.0,0.6666666666666666,1.0,2.3066485753052914,2.8493894165535956,0.8095238095238095,0.5427408412483039,0.9497964721845319,0.1317157712305026,3.7991858887381276,737,42,2023-2024,2024-04-13,Luka Samanic
315,0.0761904761904762,0.07301587301587302,0.6857142857142857,0.23174603174603176,0.526984126984127,0.12380952380952381,0.04126984126984127,0.16507936507936508,0.14285714285714285,1.352112676056338,0.0,0.7647058823529411,0.9439252336448598,7.661971830985916,3.0422535211267605,2.5185185185185186,1.1267605633802817,0.11267605633802817,0.07127882599580712,2.3098591549295775,1775,39,2023-2024,2024-04-13,Luke Kennard
198,0.9090909090909091,0.0,0.005050505050505051,0.0,0.005050505050505051,0.08585858585858586,0.0,0.08585858585858586,0.25757575757575757,2.990033222591362,0.0,0.7007299270072993,1.0,3.433001107419712,1.1627906976744187,2.9523809523809526,1.273532668881506,3.211517165005537,0.10050983248361253,4.263565891472868,1806,62,2023-2024,2024-04-13,Luke Kornet
317,0.22397476340694006,0.06624605678233439,0.45741324921135645,0.277602523659306,0.24605678233438485,0.2082018927444795,0.04416403785488959,0.25236593059936907,0.22397476340694006,1.6589250165892502,0.0,0.28205128205128205,0.7142857142857143,8.427339084273392,4.11413404114134,2.0483870967741935,2.45520902455209,0.53085600530856,0.0755336617405583,4.37956204379562,1507,68,2023-2024,2024-04-13,Malachi Flynn
628,0.24363057324840764,0.0732484076433121,0.35668789808917195,0.11624203821656051,0.31369426751592355,0.2786624203821656,0.04777070063694268,0.32643312101910826,0.10031847133757962,1.611842105263158,0.0,0.6573033707865169,0.967741935483871,5.1644736842105265,2.9934210526315788,1.7252747252747254,0.888157894736842,0.2631578947368421,0.04991680532445923,3.0921052631578947,3040,75,2023-2024,2024-04-13,Malaki Branham
496,0.27419354838709675,0.02620967741935484,0.38306451612903225,0.1875,0.2217741935483871,0.22580645161290322,0.0907258064516129,0.3165322580645161,0.23387096774193547,1.5873015873015872,0.0,0.25735294117647056,0.7560975609756098,10.615079365079366,2.976190476190476,3.566666666666667,1.3392857142857142,0.3968253968253968,0.07638446849140675,2.876984126984127,2016,39,2023-2024,2024-04-13,Malcolm Brogdon
716,0.10754189944134078,0.1564245810055866,0.5963687150837989,0.20670391061452514,0.5460893854748603,0.11173184357541899,0.027932960893854747,0.13966480446927373,0.04888268156424581,1.6350555918901242,0.0,0.6914893617021277,0.9508928571428571,2.354480052321779,1.1772400261608895,2.0,1.264442991061696,0.1962066710268149,0.06819436775262286,3.488118596032265,4587,78,2023-2024,2024-04-13,Malik Beasley
893,0.2374020156774916,0.04479283314669653,0.4311310190369541,0.2206047032474804,0.2553191489361702,0.23404255319148937,0.05263157894736842,0.2866741321388578,0.22956326987681971,2.3105100028176953,0.0,0.46747967479674796,0.7733333333333333,10.425471963933502,4.22654268808115,2.466666666666667,1.267962806424345,1.098901098901099,0.06817339755464986,4.508312200619892,3549,72,2023-2024,2024-04-13,Malik Monk
161,0.32298136645962733,0.11180124223602485,0.35403726708074534,0.14906832298136646,0.3167701863354037,0.14906832298136646,0.062111801242236024,0.2111801242236025,0.17391304347826086,2.40343347639485,0.6211180124223602,0.5625,0.9666666666666667,2.6609442060085837,2.317596566523605,1.1481481481481481,1.0300429184549356,0.6008583690987125,0.08685714285714285,4.63519313304721,1165,47,2023-2024,2024-04-13,MarJon Beauchamp
255,0.10588235294117647,0.08627450980392157,0.3686274509803922,0.09411764705882353,0.3607843137254902,0.2784313725490196,0.1607843137254902,0.4392156862745098,0.17254901960784313,2.973168963016679,0.0,0.45454545454545453,0.9574468085106383,2.610587382160986,2.102973168963017,1.2413793103448276,1.0877447425670776,0.9427121102248005,0.09611992945326278,5.511240029006526,1379,48,2023-2024,2024-04-13,Marcus Morris Sr.
499,0.11623246492985972,0.05811623246492986,0.4248496993987976,0.2905811623246493,0.19238476953907815,0.3166332665330661,0.0841683366733467,0.40080160320641284,0.12625250501002003,2.3083264633140974,0.2004008016032064,0.3225806451612903,0.651685393258427,9.439406430338003,3.5861500412201153,2.632183908045977,1.8136850783182192,0.4534212695795548,0.05728900255754476,4.204451772464963,2426,70,2023-2024,2024-04-13,Marcus Sasser
325,0.48307692307692307,0.012307692307692308,0.046153846153846156,0.012307692307692308,0.046153846153846156,0.4307692307692308,0.027692307692307693,0.4584615384615385,0.10153846153846154,1.9036287923854849,0.0,0.41216216216216217,1.0,7.138607971445568,2.9149315883402735,2.4489795918367347,2.498512790005949,0.892325996430696,0.06352941176470588,3.8072575847709698,1681,42,2023-2024,2024-04-13,Markelle Fultz
61,0.08196721311475409,0.08196721311475409,0.5409836065573771,0.09836065573770492,0.5245901639344263,0.18032786885245902,0.11475409836065574,0.29508196721311475,0.06557377049180328,1.6666666666666667,0.0,0.5,0.8461538461538461,3.6111111111111107,2.7777777777777777,1.3,1.3888888888888888,0.5555555555555556,0.10204081632653061,3.3333333333333335,360,25,2023-2024,2024-04-13,Markieff Morris
408,0.6936274509803921,0.014705882352941176,0.041666666666666664,0.0024509803921568627,0.05392156862745098,0.23774509803921567,0.012254901960784314,0.25,0.3088235294117647,2.123456790123457,0.0,0.6652173913043479,1.0,2.7160493827160495,2.9135802469135803,0.9322033898305084,0.9876543209876543,1.6296296296296295,0.11610006414368185,4.049382716049383,2025,50,2023-2024,2024-04-13,Marvin Bagley III
140,0.7928571428571428,0.0,0.02142857142857143,0.0,0.02142857142857143,0.18571428571428572,0.0,0.18571428571428572,0.6785714285714286,2.9580936729663105,0.0,0.75,0.0,4.19063270336894,2.711585866885785,1.5454545454545454,1.0682004930156122,1.2325390304026294,0.1783783783783784,5.341002465078061,1217,45,2023-2024,2024-04-13,Mason Plumlee
317,0.17350157728706625,0.19873817034700317,0.5331230283911672,0.12618296529968454,0.6056782334384858,0.0946372239747634,0.0,0.0946372239747634,0.0914826498422713,1.7986988136241868,0.0,0.6304347826086957,1.0,3.4443168771526977,1.5308075009567548,2.25,4.3245311902028325,1.8752391886720245,0.05155642023346303,3.635667814772292,2613,65,2023-2024,2024-04-13,Matisse Thybulle
113,0.02654867256637168,0.10619469026548672,0.7079646017699115,0.1592920353982301,0.6548672566371682,0.11504424778761062,0.04424778761061947,0.1592920353982301,0.12389380530973451,2.2339027595269383,0.8849557522123894,1.0,0.926829268292683,2.3653088042049935,2.4967148488830486,0.9473684210526315,0.7884362680683311,0.1314060446780552,0.05733558178752108,4.204993429697766,761,27,2023-2024,2024-04-13,Matt Ryan
242,0.2231404958677686,0.12396694214876033,0.3677685950413223,0.09090909090909091,0.40082644628099173,0.2396694214876033,0.045454545454545456,0.28512396694214875,0.19834710743801653,1.778242677824268,0.0,0.639344262295082,0.9761904761904762,3.190376569037657,1.882845188284519,1.6944444444444444,1.0983263598326358,0.889121338912134,0.08573342263898191,3.0334728033472804,1912,67,2023-2024,2024-04-13,Max Christie
716,0.26675977653631283,0.08100558659217877,0.5810055865921788,0.12988826815642457,0.5321229050279329,0.06284916201117319,0.008379888268156424,0.0712290502793296,0.13547486033519554,2.0779220779220777,0.0,0.6814814814814815,0.9634146341463414,6.422668240850059,2.573789846517119,2.4954128440366974,1.511216056670602,0.6847697756788667,0.08209417596034696,4.297520661157025,4235,69,2023-2024,2024-04-13,Max Strus
146,0.2054794520547945,0.13013698630136986,0.5068493150684932,0.02054794520547945,0.6164383561643836,0.13013698630136986,0.0273972602739726,0.15753424657534246,0.3219178082191781,2.7777777777777777,0.0,0.8387096774193549,0.96875,4.1062801932367154,1.6908212560386473,2.4285714285714284,1.0265700483091789,1.8115942028985508,0.08554125662376987,4.770531400966183,1656,43,2023-2024,2024-04-13,Maxi Kleber
20,0.35,0.0,0.4,0.15,0.25,0.15,0.1,0.25,0.15,2.312138728323699,0.0,0.3333333333333333,1.0,3.4682080924855487,5.202312138728324,0.6666666666666666,1.1560693641618496,0.5780346820809248,0.013333333333333334,2.8901734104046244,173,34,2023-2024,2024-04-13,Maxwell Lewis
1067,0.20899718837863168,0.07310215557638237,0.4620431115276476,0.19400187441424555,0.34114339268978444,0.15463917525773196,0.10121836925960637,0.25585754451733833,0.10309278350515463,1.7904374364191251,0.0,0.7465277777777778,0.9650655021834061,2.400813835198372,1.8311291963377416,1.3111111111111111,0.8545269582909462,1.0376398779247202,0.12506887052341598,3.072227873855544,4915,80,2023-2024,2024-04-13,Michael Porter Jr.
1286,0.21461897356143078,0.08786936236391912,0.3701399688958009,0.14541213063763608,0.31259720062208396,0.2853810264385692,0.041990668740279936,0.3273716951788491,0.24650077760497668,1.0679611650485437,0.0,0.49271137026239065,0.8807339449541285,5.786407766990291,3.1844660194174756,1.8170731707317074,1.5728155339805827,0.5825242718446602,0.07139479905437353,2.3300970873786406,5150,81,2023-2024,2024-04-13,Mikal Bridges
637,0.12872841444270017,0.09419152276295134,0.5510204081632653,0.34065934065934067,0.304552590266876,0.2087912087912088,0.01726844583987441,0.2260596546310832,0.16797488226059654,1.3950073421439062,0.0,0.4537037037037037,0.8011049723756906,10.939794419970632,2.4229074889867843,4.515151515151516,2.129221732745962,0.36710719530102787,0.057679844458846406,3.108174253548703,4086,75,2023-2024,2024-04-13,Mike Conley
154,0.22077922077922077,0.08441558441558442,0.538961038961039,0.09740259740259741,0.525974025974026,0.1038961038961039,0.05194805194805195,0.15584415584415584,0.16233766233766234,2.7726432532347505,0.0,0.6666666666666666,1.0,3.3271719038817005,1.9408502772643252,1.7142857142857142,0.8317929759704251,1.2014787430683918,0.09242761692650334,4.621072088724584,1082,52,2023-2024,2024-04-13,Mike Muscala
1210,0.3586776859504132,0.03801652892561983,0.34628099173553717,0.1322314049586777,0.25206611570247933,0.19421487603305784,0.0628099173553719,0.25702479338842976,0.1743801652892562,1.4521022973558735,0.0,0.5532994923857868,0.8666666666666667,5.006501950585176,2.990897269180754,1.673913043478261,1.4087559601213697,0.7152145643693107,0.11539484179739432,2.622453402687473,4614,69,2023-2024,2024-04-13,Miles Bridges
450,0.2,0.14444444444444443,0.4533333333333333,0.2222222222222222,0.37555555555555553,0.16666666666666666,0.035555555555555556,0.20222222222222222,0.1111111111111111,2.2288898414059153,0.2222222222222222,0.3548387096774194,0.8990825688073395,4.757822546078011,1.2858979854264894,3.7,2.1431633090441493,0.30004286326618085,0.03695652173913044,4.586369481354479,2333,67,2023-2024,2024-04-13,Miles McBride
127,0.968503937007874,0.0,0.0,0.0,0.0,0.031496062992125984,0.0,0.031496062992125984,0.5196850393700787,2.4498886414253898,0.0,0.4794520547945205,0.0,1.3363028953229399,1.855976243504083,0.72,2.7468448403860433,2.5983667409057167,0.11571841851494696,4.083147735708983,1347,30,2023-2024,2024-04-13,Mitchell Robinson
195,0.5282051282051282,0.035897435897435895,0.28717948717948716,0.046153846153846156,0.27692307692307694,0.11282051282051282,0.035897435897435895,0.14871794871794872,0.2564102564102564,4.323458767013611,0.0,0.6285714285714286,1.0,3.2826261008807047,3.122497998398719,1.0512820512820513,1.7614091273018415,4.643714971977582,0.1481132075471698,8.166533226581265,1249,56,2023-2024,2024-04-13,Mo Bamba
150,0.13333333333333333,0.08,0.38,0.16,0.3,0.3,0.10666666666666667,0.4066666666666667,0.12666666666666668,0.8036739380022963,0.0,0.3142857142857143,0.9259259259259259,7.462686567164178,0.8036739380022963,9.285714285714286,2.1814006888633752,0.9184845005740528,0.06934812760055478,1.6073478760045925,871,32,2023-2024,2024-04-13,Monte Morris
545,0.6752293577981652,0.03486238532110092,0.1761467889908257,0.012844036697247707,0.1981651376146789,0.10642201834862386,0.007339449541284404,0.11376146788990826,0.3743119266055046,2.39105283455457,0.0,0.7958477508650519,0.9736842105263158,3.6637099884303894,3.702275356729657,0.9895833333333334,1.504049363671423,0.8098727342846125,0.12213333333333333,6.209024296182029,2593,79,2023-2024,2024-04-13,Moritz Wagner
412,0.2936893203883495,0.08495145631067962,0.3907766990291262,0.05825242718446602,0.4174757281553398,0.1966019417475728,0.03398058252427184,0.23058252427184467,0.220873786407767,1.9090909090909092,0.24271844660194172,0.575,0.9014084507042254,2.5,1.9545454545454546,1.2790697674418605,1.8181818181818181,1.090909090909091,0.07747318235995232,4.136363636363637,2200,65,2023-2024,2024-04-13,Moses Moody
903,0.35105204872646734,0.029900332225913623,0.33665559246954596,0.048726467331118496,0.3178294573643411,0.23920265780730898,0.04318936877076412,0.2823920265780731,0.3532668881506091,3.277060575968222,0.0,0.8034188034188035,1.0,2.5074478649453824,2.730883813306852,0.9181818181818182,0.9930486593843099,3.450844091360477,0.13486416558861578,5.858987090367428,4028,77,2023-2024,2024-04-13,Myles Turner
367,0.2888283378746594,0.11989100817438691,0.2970027247956403,0.0653950953678474,0.35149863760217986,0.2670299727520436,0.027247956403269755,0.29427792915531337,0.23433242506811988,1.940109658371995,0.0,0.5675675675675675,0.9491525423728814,5.398566005904682,2.7414592998734713,1.9692307692307693,2.066638549135386,0.5061155630535639,0.10201854882705946,3.9223956136651204,2371,66,2023-2024,2024-04-13,Naji Marshall
121,0.2892561983471074,0.1322314049586777,0.4380165289256198,0.05785123966942149,0.512396694214876,0.11570247933884298,0.024793388429752067,0.14049586776859505,0.1652892561983471,3.098927294398093,0.0,0.7647058823529411,1.0,2.5029797377830754,1.66865315852205,1.5,1.1918951132300357,1.1918951132300357,0.09200603318250378,4.648390941597139,839,44,2023-2024,2024-04-13,Nassir Little
28,0.6071428571428571,0.0,0.0,0.0,0.0,0.39285714285714285,0.0,0.39285714285714285,0.42857142857142855,7.647058823529412,0.0,0.6666666666666666,0.0,1.7647058823529411,2.7450980392156863,0.6428571428571429,1.1764705882352942,2.7450980392156863,0.08,12.549019607843137,510,25,2023-2024,2024-04-13,Nathan Mensah
843,0.30723606168446027,0.08185053380782918,0.3962040332147094,0.03084223013048636,0.4472123368920522,0.21352313167259787,0.0011862396204033216,0.2147093712930012,0.17793594306049823,2.7777777777777777,0.0,0.6297872340425532,1.0,2.8594771241830066,2.9139433551198257,0.9813084112149533,1.6884531590413945,1.9880174291938997,0.12072575017445918,4.62962962962963,3672,80,2023-2024,2024-04-13,Naz Reid
93,0.7956989247311828,0.0,0.0,0.0,0.0,0.20430107526881722,0.0,0.20430107526881722,0.25806451612903225,5.475040257648954,0.0,0.6949152542372882,0.0,3.059581320450886,1.610305958132045,1.9,2.0933977455716586,2.4154589371980677,0.1444954128440367,7.890499194847021,621,27,2023-2024,2024-04-13,Neemias Queta
576,0.7152777777777778,0.003472222222222222,0.005208333333333333,0.001736111111111111,0.006944444444444444,0.2708333333333333,0.005208333333333333,0.2760416666666667,0.3402777777777778,1.9618239660657475,0.0,0.7348066298342542,1.0,3.870625662778367,2.3860021208907742,1.6222222222222222,1.2195121951219512,3.8441145281018025,0.16249197174052665,4.7720042417815485,3772,70,2023-2024,2024-04-13,Nic Claxton
376,0.8031914893617021,0.0,0.0026595744680851063,0.0,0.0026595744680851063,0.18617021276595744,0.007978723404255319,0.19414893617021275,0.47606382978723405,2.7627818355033344,0.0,0.6807692307692308,0.0,1.714830104795173,2.31819625277866,0.7397260273972602,0.7939028262940616,2.3499523658304224,0.14691753402722177,5.684344236265481,3149,67,2023-2024,2024-04-13,Nick Richards
269,0.10780669144981413,0.08178438661710037,0.4312267657992565,0.1524163568773234,0.36059479553903345,0.26765799256505574,0.11152416356877323,0.379182156133829,0.055762081784386616,2.5597269624573378,0.0,0.3617021276595745,0.8596491228070176,4.778156996587031,3.242320819112628,1.4736842105263157,0.7679180887372014,0.5972696245733788,0.04748062015503876,4.692832764505119,1172,50,2023-2024,2024-04-13,Nick Smith Jr.
534,0.21722846441947566,0.18352059925093633,0.4438202247191011,0.1891385767790262,0.43820224719101125,0.12921348314606743,0.026217228464419477,0.15543071161048688,0.12172284644194757,2.2130013831258646,0.18726591760299627,0.580952380952381,0.9769230769230769,5.587828492392808,2.1023513139695713,2.6578947368421053,1.7427385892116183,1.161825726141079,0.04744787922358016,3.9834024896265556,3615,81,2023-2024,2024-04-13,Nickeil Alexander-Walker
253,0.20553359683794467,0.24110671936758893,0.48221343873517786,0.09486166007905138,0.6284584980237155,0.05533596837944664,0.015810276679841896,0.07114624505928854,0.08300395256916997,1.5779816513761469,0.0,0.627906976744186,1.0,4.513761467889908,1.4678899082568808,3.075,1.761467889908257,1.3944954128440368,0.08180535966149506,3.926605504587156,2725,59,2023-2024,2024-04-13,Nicolas Batum
1400,0.3792857142857143,0.0035714285714285713,0.16714285714285715,0.03642857142857143,0.13428571428571429,0.41285714285714287,0.037142857142857144,0.45,0.31142857142857144,1.8113207547169812,0.0,0.573187414500684,0.7976190476190477,13.264150943396228,4.39622641509434,3.017167381974249,1.9622641509433962,1.2830188679245282,0.1933385376008327,3.7547169811320753,5300,78,2023-2024,2024-04-13,Nikola Jokic
277,0.26353790613718414,0.12274368231046931,0.4548736462093863,0.09025270758122744,0.48736462093862815,0.148014440433213,0.010830324909747292,0.1588447653429603,0.16967509025270758,2.3587833643699563,0.0,0.6885245901639344,0.8923076923076924,5.524518932340161,2.60707635009311,2.119047619047619,1.4276846679081316,0.8690254500310366,0.1248097412480974,5.0900062073246435,1611,45,2023-2024,2024-04-13,Nikola Jovic
1192,0.28439597315436244,0.006711409395973154,0.25671140939597314,0.010067114093959731,0.2533557046979866,0.3825503355704698,0.06963087248322147,0.4521812080536913,0.10570469798657718,2.609625668449198,0.0,0.7463617463617463,0.989247311827957,5.3689839572192515,2.524064171122995,2.1271186440677967,1.06951871657754,1.2834224598930482,0.15587529976019185,4.128342245989304,4675,75,2023-2024,2024-04-13,Nikola Vucevic
768,0.22395833333333334,0.08723958333333333,0.4153645833333333,0.16536458333333334,0.3372395833333333,0.2265625,0.046875,0.2734375,0.22395833333333334,1.9581545064377683,0.0,0.6862745098039216,0.9171597633136095,2.199570815450644,1.7703862660944207,1.2424242424242424,1.15343347639485,0.5901287553648069,0.062347614071752,3.7285407725321886,3728,76,2023-2024,2024-04-13,Norman Powell
567,0.3562610229276896,0.12874779541446207,0.3368606701940035,0.08994708994708994,0.37566137566137564,0.14462081128747795,0.03350970017636684,0.1781305114638448,0.15167548500881833,1.7630683575626354,0.0,0.7005649717514124,0.9504950495049505,3.185895453139499,2.3198267862666255,1.3733333333333333,2.04144757191463,1.0825858335910918,0.06542443064182195,3.6189297865759356,3233,49,2023-2024,2024-04-13,OG Anunoby
584,0.4726027397260274,0.10616438356164383,0.3321917808219178,0.0839041095890411,0.3544520547945205,0.08732876712328767,0.0017123287671232876,0.08904109589041095,0.17123287671232876,2.3269513991163477,0.0,0.7965367965367965,0.9903846153846154,3.6818851251840945,1.9734904270986744,1.8656716417910448,1.3549337260677468,1.2665684830633284,0.09670781893004116,4.359351988217967,3395,82,2023-2024,2024-04-13,Obi Toppin
422,0.3815165876777251,0.14691943127962084,0.3459715639810427,0.07345971563981042,0.4194312796208531,0.11374407582938388,0.011848341232227487,0.12559241706161137,0.12559241706161137,1.9627085377821394,0.23696682464454977,0.7678571428571429,0.9838709677419355,2.649656526005888,1.9627085377821394,1.35,1.4720314033366046,1.4066077854105332,0.05998286203941731,3.729146221786065,3057,77,2023-2024,2024-04-13,Ochai Agbaji
90,0.43333333333333335,0.06666666666666667,0.36666666666666664,0.022222222222222223,0.4111111111111111,0.1,0.03333333333333333,0.13333333333333333,0.4,2.097902097902098,1.1111111111111112,0.7083333333333334,1.0,3.6713286713286712,1.048951048951049,3.5,1.2237762237762237,0.6993006993006993,0.10082304526748971,3.146853146853147,572,39,2023-2024,2024-04-13,Olivier-Maxence Prosper
172,0.48255813953488375,0.040697674418604654,0.09302325581395349,0.011627906976744186,0.12209302325581395,0.36046511627906974,0.023255813953488372,0.38372093023255816,0.1511627906976744,2.6068821689259645,0.0,0.6741573033707865,1.0,2.815432742440042,3.64963503649635,0.7714285714285715,0.8342022940563086,1.8769551616266946,0.16358839050131926,5.213764337851929,959,47,2023-2024,2024-04-13,Omer Yurtseven
365,0.6438356164383562,0.06575342465753424,0.12602739726027398,0.0027397260273972603,0.18904109589041096,0.16164383561643836,0.0027397260273972603,0.1643835616438356,0.3178082191780822,4.21455938697318,0.0,0.7738693467336684,1.0,2.835249042145594,1.7241379310344827,1.6444444444444444,0.996168582375479,2.2988505747126435,0.11413043478260869,6.206896551724138,2610,55,2023-2024,2024-04-13,Onyeka Okongwu
72,0.4861111111111111,0.013888888888888888,0.20833333333333334,0.013888888888888888,0.20833333333333334,0.2916666666666667,0.0,0.2916666666666667,0.3472222222222222,3.893805309734513,0.0,0.6071428571428571,1.0,6.017699115044247,3.185840707964602,1.8888888888888888,1.238938053097345,1.415929203539823,0.13526570048309178,6.1946902654867255,565,35,2023-2024,2024-04-13,Orlando Robinson
147,0.4965986394557823,0.08843537414965986,0.2857142857142857,0.04081632653061224,0.3333333333333333,0.10884353741496598,0.02040816326530612,0.1292517006802721,0.54421768707483,2.4534686971235193,0.0,0.6666666666666666,1.0,3.6379018612521152,1.4382402707275803,2.5294117647058822,1.5228426395939088,0.4230118443316413,0.10497835497835498,4.483925549915398,1182,54,2023-2024,2024-04-13,Oshae Brissett
104,0.22115384615384615,0.10576923076923077,0.5384615384615384,0.14423076923076922,0.5,0.09615384615384616,0.038461538461538464,0.1346153846153846,0.15384615384615385,1.875,0.0,0.9130434782608695,1.0,5.15625,2.8125,1.8333333333333333,0.78125,0.46875,0.07874015748031496,3.125,640,32,2023-2024,2024-04-13,Ousmane Dieng
50,0.18,0.4,0.3,0.08,0.62,0.08,0.04,0.12,0.06,3.314285714285714,0.0,0.6,1.0,1.8285714285714287,0.9142857142857144,2.0,1.8285714285714287,0.8,0.08494783904619971,6.2857142857142865,875,30,2023-2024,2024-04-13,P.J. Tucker
811,0.25524044389642414,0.07891491985203453,0.43033292231812575,0.08631319358816276,0.42293464858199753,0.22441430332922319,0.011097410604192354,0.23551171393341552,0.17879161528976573,2.6126558005752636,0.0,0.7972972972972973,0.9545454545454546,3.3796740172579094,2.3010546500479387,1.46875,1.725790987535954,1.414189837008629,0.09837054918527459,4.09875359539789,4172,73,2023-2024,2024-04-13,P.J. Washington
1388,0.3227665706051873,0.010086455331412104,0.23919308357348704,0.14337175792507204,0.10590778097982709,0.3407780979827089,0.08717579250720461,0.42795389048991356,0.3962536023054755,1.8225039619651346,0.0,0.35992217898832685,0.6440677966101694,8.399366085578446,4.833597464342314,1.7377049180327868,1.4064976228209192,0.9310618066561015,0.11730279898218829,3.1101426307448494,5048,79,2023-2024,2024-04-13,Paolo Banchero
1253,0.39584996009577017,0.027932960893854747,0.16759776536312848,0.026336791699920193,0.16919393455706305,0.3583399840383081,0.05027932960893855,0.40861931364724663,0.31444533120510776,1.3949780789159028,0.0,0.5060034305317325,0.9647058823529412,6.775607811877242,2.7700278995615784,2.446043165467626,1.2355520127540853,0.49820645675567954,0.10895946294861864,3.8660821044240734,5018,79,2023-2024,2024-04-13,Pascal Siakam
346,0.2514450867052023,0.13872832369942195,0.546242774566474,0.0953757225433526,0.5895953757225434,0.06069364161849711,0.002890173410404624,0.06358381502890173,0.1676300578034682,1.998066387367064,0.0,0.6666666666666666,0.9634146341463414,5.188527231711247,1.5468901063486948,3.3541666666666665,1.2890750886239124,0.6123106670963584,0.0763265306122449,3.1582339671285853,3103,75,2023-2024,2024-04-13,Pat Connaughton
144,0.2638888888888889,0.09722222222222222,0.5416666666666666,0.1111111111111111,0.5277777777777778,0.0763888888888889,0.020833333333333332,0.09722222222222222,0.19444444444444445,3.798882681564246,0.0,0.6923076923076923,1.0,3.2402234636871508,2.011173184357542,1.6111111111111112,1.7877094972067038,1.564245810055866,0.1334231805929919,5.921787709497207,895,37,2023-2024,2024-04-13,Patrick Baldwin Jr.
376,0.2074468085106383,0.09840425531914894,0.3803191489361702,0.13031914893617022,0.3484042553191489,0.3058510638297872,0.007978723404255319,0.31382978723404253,0.2393617021276596,2.0995334370139966,0.0,0.3645833333333333,0.8524590163934426,8.164852255054432,2.44945567651633,3.3333333333333335,1.6329704510108864,1.2052877138413685,0.08990384615384615,5.248833592534993,2572,72,2023-2024,2024-04-13,Patrick Beverley
359,0.30362116991643456,0.08913649025069638,0.32590529247910865,0.055710306406685235,0.3593314763231198,0.18662952646239556,0.0947075208913649,0.28133704735376047,0.18384401114206128,2.0823692734844976,0.0,0.55,0.9661016949152542,3.054141601110597,2.6376677464136975,1.1578947368421053,1.8509949097639982,1.5270708005552984,0.07198560287942411,4.0259139287366965,2161,43,2023-2024,2024-04-13,Patrick Williams
128,0.109375,0.0859375,0.5703125,0.1953125,0.4609375,0.15625,0.078125,0.234375,0.0859375,1.9099590723055935,0.0,0.5454545454545454,0.9583333333333334,4.502046384720328,2.1828103683492497,2.0625,2.728512960436562,0.1364256480218281,0.04051863857374392,4.365620736698499,733,31,2023-2024,2024-04-13,Patty Mills
1236,0.17313915857605178,0.045307443365695796,0.4425566343042071,0.215210355987055,0.2726537216828479,0.21440129449838188,0.12459546925566344,0.3389967637540453,0.2354368932038835,1.8616458641844722,0.08090614886731393,0.44776119402985076,0.728744939271255,5.542627459276496,3.236725195684367,1.7124183006535947,2.39052253014597,0.7827374656230167,0.10028571428571428,4.315633594245822,4727,74,2023-2024,2024-04-13,Paul George
468,0.5790598290598291,0.021367521367521368,0.09829059829059829,0.014957264957264958,0.1047008547008547,0.2564102564102564,0.04487179487179487,0.30128205128205127,0.17735042735042736,3.997119193374145,0.0,0.6379310344827587,0.8571428571428571,3.8170687792581925,2.340655383507382,1.6307692307692307,2.340655383507382,2.9528267915016206,0.13376683697166744,7.021966150522147,2777,81,2023-2024,2024-04-13,Paul Reed
614,0.18241042345276873,0.10749185667752444,0.5211726384364821,0.2182410423452769,0.41042345276872966,0.1563517915309446,0.03257328990228013,0.18892508143322476,0.08469055374592833,1.0794602698650675,0.0,0.2814814814814815,0.8571428571428571,8.065967016491754,1.7691154422788606,4.559322033898305,1.1694152923538232,0.17991004497751123,0.07414750198255353,3.0884557721139427,3335,81,2023-2024,2024-04-13,Payton Pritchard
441,0.41043083900226757,0.09523809523809523,0.2494331065759637,0.04081632653061224,0.30385487528344673,0.22675736961451248,0.018140589569160998,0.24489795918367346,0.24036281179138322,3.3646888567293773,0.0,0.779874213836478,0.9772727272727273,3.075253256150506,2.0622286541244574,1.4912280701754386,1.4833574529667148,3.183791606367583,0.0928406466512702,5.101302460202605,2764,79,2023-2024,2024-04-13,Peyton Watson
466,0.6115879828326181,0.0536480686695279,0.15450643776824036,0.019313304721030045,0.1888412017167382,0.16952789699570817,0.01072961373390558,0.18025751072961374,0.24034334763948498,2.880658436213992,0.4291845493562232,0.5942028985507246,0.9615384615384616,3.2578875171467763,2.7777777777777777,1.1728395061728396,1.577503429355281,2.297668038408779,0.12869105332745703,4.801097393689986,2916,73,2023-2024,2024-04-13,Precious Achiuwa
328,0.19817073170731708,0.13719512195121952,0.600609756097561,0.2073170731707317,0.5304878048780488,0.036585365853658534,0.027439024390243903,0.06402439024390244,0.13719512195121952,2.3168103448275863,0.3048780487804878,0.725,0.9634146341463414,3.556034482758621,1.5086206896551724,2.357142857142857,1.8857758620689655,0.3771551724137931,0.05519480519480519,4.040948275862069,1856,51,2023-2024,2024-04-13,Quentin Grimes
881,0.4460839954597049,0.05561861520998865,0.23155505107832008,0.03518728717366629,0.25198637911464244,0.25539160045402953,0.011350737797956867,0.2667423382519864,0.33030646992054485,1.943155452436195,0.0,0.591304347826087,0.989010989010989,5.5974477958236655,3.654292343387471,1.5317460317460319,0.8990719257540603,0.6380510440835266,0.09779768570362075,3.857308584686775,3448,58,2023-2024,2024-04-13,RJ Barrett
149,0.26174496644295303,0.10067114093959731,0.37583892617449666,0.10738255033557047,0.3691275167785235,0.2550335570469799,0.006711409395973154,0.26174496644295303,0.15436241610738255,3.467666354264293,0.0,0.5416666666666666,0.8846153846153846,5.342080599812558,2.7179006560449857,1.9655172413793103,1.1246485473289598,0.28116213683223995,0.07756563245823389,5.154639175257731,1067,38,2023-2024,2024-04-13,Rayan Rupert
81,0.06172839506172839,0.14814814814814814,0.6790123456790124,0.14814814814814814,0.6790123456790124,0.08641975308641975,0.024691358024691357,0.1111111111111111,0.012345679012345678,1.5444015444015444,0.0,1.0,0.9629629629629629,1.9305019305019304,1.1583011583011582,1.6666666666666667,1.5444015444015444,0.6435006435006435,0.10158730158730159,3.6036036036036037,777,43,2023-2024,2024-04-13,Reggie Bullock Jr.
747,0.27041499330655955,0.04819277108433735,0.3333333333333333,0.16733601070950468,0.214190093708166,0.26907630522088355,0.07898259705488621,0.34805890227576974,0.12717536813922356,1.9562043795620438,0.0,0.40271493212669685,0.7647058823529411,8.934306569343066,3.0364963503649633,2.9423076923076925,1.2846715328467153,0.3795620437956204,0.046689628779181015,4.291970802919709,3425,81,2023-2024,2024-04-13,Reggie Jackson
147,0.7074829931972789,0.0,0.02040816326530612,0.0,0.02040816326530612,0.272108843537415,0.0,0.272108843537415,0.3197278911564626,3.4648700673724733,0.0,0.7160493827160493,1.0,2.4061597690086622,2.3099133782483157,1.0416666666666667,1.0587102983638113,1.8286814244465832,0.13293413173652693,7.41097208854668,1039,40,2023-2024,2024-04-13,Richaun Holmes
110,0.42727272727272725,0.08181818181818182,0.2,0.05454545454545454,0.22727272727272727,0.2636363636363636,0.02727272727272727,0.2909090909090909,0.6454545454545455,1.5533980582524272,0.0,0.6666666666666666,1.0,3.1067961165048543,0.7766990291262136,4.0,1.5533980582524272,0.1941747572815534,0.07481296758104738,3.1067961165048543,515,31,2023-2024,2024-04-13,Ricky Council IV
98,0.29591836734693877,0.1326530612244898,0.4387755102040816,0.10204081632653061,0.46938775510204084,0.12244897959183673,0.01020408163265306,0.1326530612244898,0.2653061224489796,2.399127589967285,0.0,0.75,1.0,2.6172300981461287,1.1995637949836424,2.1818181818181817,4.252998909487459,1.9629225736095965,0.0955137481910275,6.2159214830970555,917,29,2023-2024,2024-04-13,Robert Covington
535,0.13457943925233645,0.08598130841121496,0.697196261682243,0.22990654205607478,0.5532710280373832,0.07850467289719626,0.003738317757009346,0.08224299065420561,0.0616822429906542,2.8011966276856133,0.0,0.6724137931034483,0.9354838709677419,5.874354093010607,1.9581180310035355,3.0,1.6317650258362797,1.1694316018493336,0.10964148973198747,4.704922491161273,3677,78,2023-2024,2024-04-13,Royce O'Neale
604,0.8509933774834437,0.0,0.006622516556291391,0.0033112582781456954,0.0033112582781456954,0.13741721854304637,0.004966887417218543,0.1423841059602649,0.6307947019867549,2.383356897596445,0.16556291390728478,0.6867167919799498,0.0,2.039991920824076,2.3631589577863057,0.8632478632478633,1.0098969905069684,3.2518683094324383,0.18889493739793142,4.867703494243587,4951,75,2023-2024,2024-04-13,Rudy Gobert
666,0.37237237237237236,0.08708708708708708,0.25825825825825827,0.03153153153153153,0.3138138138138138,0.21621621621621623,0.06606606606606606,0.2822822822822823,0.2012012012012012,1.5258547612319864,0.0,0.7961538461538461,0.9795918367346939,2.175755863238203,1.2715456343599887,1.711111111111111,1.1020062164453235,0.7064142413111049,0.08547008547008547,2.938683243854196,3539,68,2023-2024,2024-04-13,Rui Hachimura
663,0.5098039215686274,0.06485671191553545,0.167420814479638,0.048265460030165915,0.18401206636500755,0.22322775263951736,0.03469079939668175,0.2579185520361991,0.24132730015082957,1.6073871409028728,0.0,0.3783783783783784,0.8571428571428571,10.465116279069768,4.924760601915184,2.125,2.53077975376197,0.786593707250342,0.11185682326621924,4.411764705882353,2924,68,2023-2024,2024-04-13,Russell Westbrook
697,0.3615494978479197,0.13773314203730272,0.37589670014347204,0.14203730272596843,0.3715925394548063,0.11477761836441894,0.010043041606886656,0.12482065997130559,0.29124820659971307,1.0007698229407236,0.1434720229555237,0.4915254237288136,0.9823008849557522,2.360790351552476,1.3856812933025404,1.7037037037037037,1.308698999230177,0.2822684115986656,0.08347588094423537,2.283808057480113,3897,63,2023-2024,2024-04-13,Saddiq Bey
538,0.08178438661710037,0.1171003717472119,0.7286245353159851,0.17657992565055763,0.6691449814126395,0.05947955390334572,0.013011152416356878,0.0724907063197026,0.03531598513011153,1.6829865361077112,0.0,0.74,0.9792746113989638,2.4479804161566707,0.9791921664626682,2.5,1.1627906976744187,0.7343941248470013,0.08919449901768173,2.998776009791922,3268,78,2023-2024,2024-04-13,Sam Hauser
393,0.05089058524173028,0.12213740458015267,0.7786259541984732,0.3053435114503817,0.5954198473282443,0.043256997455470736,0.005089058524173028,0.04834605597964377,0.07124681933842239,1.6243654822335025,0.0,0.8,0.965034965034965,5.4822335025380715,0.9644670050761422,5.684210526315789,0.9644670050761422,0.20304568527918782,0.061712846347607056,3.654822335025381,1970,61,2023-2024,2024-04-13,Sam Merrill
142,0.3873239436619718,0.035211267605633804,0.3732394366197183,0.07042253521126761,0.3380281690140845,0.19718309859154928,0.007042253521126761,0.20422535211267606,0.22535211267605634,2.0606060606060606,0.0,0.62,1.0,5.818181818181818,1.9393939393939394,3.0,0.8484848484848486,1.4545454545454546,0.13852813852813853,4.242424242424243,825,45,2023-2024,2024-04-13,Sandro Mamukelashvili
568,0.2658450704225352,0.08450704225352113,0.4507042253521127,0.0897887323943662,0.4454225352112676,0.18485915492957747,0.014084507042253521,0.198943661971831,0.15316901408450703,1.8150087260034906,0.0,0.6737588652482269,0.9622641509433962,4.81675392670157,2.408376963350785,2.0,1.50087260034904,1.8848167539267016,0.11789473684210526,3.176265270506108,2865,61,2023-2024,2024-04-13,Santi Aldama
189,0.2275132275132275,0.07936507936507936,0.5555555555555556,0.09523809523809523,0.5396825396825397,0.13227513227513227,0.005291005291005291,0.13756613756613756,0.07936507936507936,1.6736401673640167,0.0,0.7894736842105263,0.9782608695652174,1.9874476987447698,1.2552301255230125,1.5833333333333333,1.9874476987447698,0.7322175732217573,0.09040333796940195,4.288702928870293,956,41,2023-2024,2024-04-13,Sasha Vezenkov
797,0.30238393977415307,0.027603513174404015,0.3161856963613551,0.1806775407779172,0.16311166875784192,0.29109159347553326,0.06273525721455459,0.35382685069008785,0.2559598494353827,2.7331189710610935,0.0,0.2785388127853881,0.5909090909090909,10.80385852090032,6.816720257234726,1.5849056603773586,1.5434083601286173,0.4180064308681672,0.05674044265593561,6.302250803858521,3110,62,2023-2024,2024-04-13,Scoot Henderson
942,0.34501061571125263,0.03503184713375796,0.2908704883227176,0.08598726114649681,0.23991507430997877,0.28450106157112526,0.044585987261146494,0.32908704883227174,0.2664543524416136,1.0453850076491586,0.0,0.4678362573099415,0.8761904761904762,9.280979092299848,4.20703722590515,2.206060606060606,1.9122896481387048,2.243753187149413,0.11688741721854305,3.0341662417134114,3922,60,2023-2024,2024-04-13,Scottie Barnes
204,0.08333333333333333,0.08333333333333333,0.46568627450980393,0.1568627450980392,0.39215686274509803,0.1715686274509804,0.19607843137254902,0.36764705882352944,0.15196078431372548,1.3949433304272014,0.0,0.5,0.868421052631579,3.836094158674804,1.8308631211857016,2.0952380952380953,1.918047079337402,0.5231037489102005,0.05399568034557235,3.4001743679163035,1147,43,2023-2024,2024-04-13,Seth Curry
434,0.32027649769585254,0.041474654377880185,0.37327188940092165,0.23732718894009217,0.1774193548387097,0.195852534562212,0.06912442396313365,0.26497695852534564,0.27419354838709675,1.5359297860669225,0.0,0.46551724137931033,0.7166666666666667,5.156335710367526,3.9495337356006583,1.3055555555555556,1.5359297860669225,0.6582556226001097,0.07824933687002653,4.9369171695008225,1823,32,2023-2024,2024-04-13,Shaedon Sharpe
1476,0.3238482384823848,0.0040650406504065045,0.17953929539295393,0.13821138211382114,0.04539295392953929,0.4254742547425474,0.06707317073170732,0.49254742547425473,0.4363143631436314,2.038295243977764,0.0,0.22334293948126802,0.36082474226804123,9.450277949351452,3.3353922174181596,2.8333333333333335,3.0883261272390365,1.3794523368334362,0.09358288770053476,3.7677578752316245,4857,74,2023-2024,2024-04-13,Shai Gilgeous-Alexander
195,0.29743589743589743,0.05641025641025641,0.2717948717948718,0.09230769230769231,0.2358974358974359,0.35384615384615387,0.020512820512820513,0.37435897435897436,0.2512820512820513,3.3118675252989878,0.0,0.639344262295082,0.9444444444444444,5.519779208831647,2.8518859245630175,1.935483870967742,1.7479300827966882,0.5519779208831647,0.06877113866967305,4.967801287948482,1087,48,2023-2024,2024-04-13,Shake Milton
548,0.24635036496350365,0.16058394160583941,0.4489051094890511,0.0948905109489051,0.5145985401459854,0.13503649635036497,0.009124087591240875,0.14416058394160583,0.12043795620437957,1.5664160401002505,0.0,0.7288135593220338,0.9776119402985075,3.164160401002506,2.1303258145363406,1.4852941176470589,1.3784461152882206,0.7205513784461153,0.07365439093484419,3.5401002506265664,3192,66,2023-2024,2024-04-13,Simone Fontecchio
158,0.2974683544303797,0.02531645569620253,0.31645569620253167,0.0759493670886076,0.26582278481012656,0.3291139240506329,0.03164556962025317,0.36075949367088606,0.10759493670886076,1.8995929443690638,0.0,0.2765957446808511,0.875,11.533242876526458,2.7137042062415198,4.25,2.8493894165535956,0.5427408412483039,0.05546218487394958,3.5278154681139755,737,37,2023-2024,2024-04-13,Skylar Mays
636,0.20911949685534592,0.08962264150943396,0.48742138364779874,0.25943396226415094,0.31761006289308175,0.1918238993710692,0.0220125786163522,0.2138364779874214,0.3270440251572327,1.5181682429069188,0.0,0.15873015873015872,0.7804878048780488,8.835241413638627,2.2399203583872573,3.9444444444444446,1.2692882030861126,0.5475360876057741,0.05363748458692972,3.5838725734196117,4018,75,2023-2024,2024-04-13,Spencer Dinwiddie
1445,0.13494809688581316,0.03944636678200692,0.5730103806228374,0.33217993079584773,0.28027681660899656,0.1847750865051903,0.06782006920415225,0.25259515570934254,0.22422145328719723,1.288445552784705,0.06920415224913494,0.40484429065743943,0.6038781163434903,7.8761429758935995,4.364089775561098,1.8047619047619048,1.1221945137157108,0.5818786367414797,0.0819351230425056,2.493765586034913,4812,74,2023-2024,2024-04-13,Stephen Curry
124,0.12096774193548387,0.11290322580645161,0.6935483870967742,0.28225806451612906,0.5241935483870968,0.06451612903225806,0.008064516129032258,0.07258064516129033,0.07258064516129033,1.7759562841530054,0.0,0.7272727272727273,0.9166666666666666,4.098360655737705,1.5027322404371584,2.727272727272727,1.5027322404371584,0.0,0.06805293005671077,2.3224043715846996,732,40,2023-2024,2024-04-13,Svi Mykhailiuk
593,0.3642495784148398,0.00505902192242833,0.06408094435075885,0.021922428330522766,0.047217537942664416,0.551433389544688,0.01517706576728499,0.5666104553119731,0.10792580101180438,1.661264181523501,0.0,0.31511254019292606,0.8,15.842787682333872,4.3354943273906,3.6542056074766354,3.038897893030794,0.3241491085899514,0.08685714285714285,3.3630470016207457,2468,71,2023-2024,2024-04-13,T.J. McConnell
465,0.3139784946236559,0.05161290322580645,0.3419354838709677,0.15483870967741936,0.23870967741935484,0.2709677419354839,0.021505376344086023,0.2924731182795699,0.23440860215053763,2.3048716605552646,0.0,0.24193548387096775,0.8,9.271870089051859,3.404924044002095,2.723076923076923,2.357255107386066,0.9952854897852279,0.06925207756232687,4.976427448926139,1909,51,2023-2024,2024-04-13,Talen Horton-Tucker
569,0.19156414762741653,0.15992970123022848,0.46924428822495606,0.17398945518453426,0.45518453427065025,0.1616871704745167,0.01757469244288225,0.17926186291739896,0.11775043936731107,2.1825396825396823,0.0,0.8558558558558559,0.9432624113475178,3.0009920634920637,1.7857142857142856,1.6805555555555556,1.4136904761904763,0.8928571428571428,0.06664560960202148,3.844246031746032,4032,78,2023-2024,2024-04-13,Taurean Prince
230,0.24782608695652175,0.1608695652173913,0.43043478260869567,0.04782608695652174,0.5434782608695652,0.14347826086956522,0.017391304347826087,0.1608695652173913,0.11739130434782609,3.248407643312102,0.0,0.5882352941176471,1.0,1.910828025477707,1.6560509554140128,1.1538461538461537,1.5923566878980893,1.8471337579617835,0.11433447098976109,4.777070063694268,1570,39,2023-2024,2024-04-13,Taylor Hendricks
479,0.3757828810020877,0.13987473903966596,0.2818371607515658,0.08768267223382047,0.33402922755741127,0.19206680584551147,0.010438413361169102,0.20250521920668058,0.19206680584551147,1.5125072716695753,0.0,0.6379310344827587,0.9428571428571428,3.4031413612565444,1.3670738801628854,2.4893617021276597,1.2216404886561953,0.4363001745200698,0.06389651117208937,4.275741710296685,3438,74,2023-2024,2024-04-13,Terance Mann
998,0.2374749498997996,0.07414829659318638,0.35370741482965934,0.24448897795591182,0.18336673346693386,0.27054108216432865,0.06412825651302605,0.3346693386773547,0.19839679358717435,1.21580547112462,0.0,0.2937062937062937,0.6282051282051282,9.450124343741365,2.9289859077093117,3.2264150943396226,1.7408123791102514,0.5802707930367506,0.07138047138047138,2.790826195081514,3619,61,2023-2024,2024-04-13,Terry Rozier
39,0.6410256410256411,0.07692307692307693,0.15384615384615385,0.02564102564102564,0.20512820512820512,0.1282051282051282,0.0,0.1282051282051282,0.1282051282051282,2.793296089385475,0.0,0.6666666666666666,1.0,2.793296089385475,1.9553072625698324,1.4285714285714286,1.3966480446927374,0.5586592178770949,0.07042253521126761,4.748603351955307,358,31,2023-2024,2024-04-13,Terry Taylor
106,0.6886792452830188,0.009433962264150943,0.05660377358490566,0.009433962264150943,0.05660377358490566,0.2358490566037736,0.009433962264150943,0.24528301886792453,0.1320754716981132,3.4031413612565444,0.0,0.7258064516129032,1.0,7.460732984293193,1.7015706806282722,4.384615384615385,3.0104712041884816,0.6544502617801047,0.0976027397260274,5.890052356020942,764,32,2023-2024,2024-04-13,Thaddeus Young
28,0.8214285714285714,0.0,0.03571428571428571,0.03571428571428571,0.0,0.10714285714285714,0.03571428571428571,0.14285714285714285,0.07142857142857142,3.8869257950530036,0.0,0.7333333333333333,0.0,5.6537102473498235,4.946996466431095,1.1428571428571428,2.1201413427561837,1.4134275618374559,0.029556650246305417,9.540636042402827,283,33,2023-2024,2024-04-13,Thanasis Antetokounmpo
139,0.5755395683453237,0.02158273381294964,0.12949640287769784,0.02158273381294964,0.12949640287769784,0.2446043165467626,0.02877697841726619,0.2733812949640288,0.3237410071942446,3.2765399737876804,0.0,0.7297297297297297,1.0,2.8833551769331587,2.490170380078637,1.1578947368421053,1.310615989515072,1.9659239842726082,0.15640599001663893,5.897771952817824,763,37,2023-2024,2024-04-13,Thomas Bryant
967,0.12099276111685625,0.0796277145811789,0.5387797311271976,0.21199586349534644,0.40641158221303,0.17063081695966908,0.08996897621509824,0.26059979317476734,0.17476732161323683,1.128494485765581,0.1034126163391934,0.6797752808988764,0.8591549295774648,3.488073865093614,1.7696845344960248,1.9710144927536233,1.0259040779687099,0.15388561169530648,0.07368421052631578,2.7955886124647344,3899,78,2023-2024,2024-04-13,Tim Hardaway Jr.
936,0.3418803418803419,0.04700854700854701,0.22542735042735043,0.0673076923076923,0.20512820512820512,0.327991452991453,0.057692307692307696,0.3856837606837607,0.22542735042735043,1.6227657572906868,0.10683760683760685,0.43989071038251365,0.9438202247191011,5.056444026340546,2.1636876763875823,2.3369565217391304,1.6227657572906868,1.0583254938852305,0.10806831566548881,2.7281279397930387,4252,69,2023-2024,2024-04-13,Tobias Harris
248,0.24596774193548387,0.15725806451612903,0.4596774193548387,0.07661290322580645,0.5403225806451613,0.11693548387096774,0.020161290322580645,0.13709677419354838,0.14516129032258066,3.1198686371100166,0.0,0.5957446808510638,0.9666666666666667,3.1198686371100166,1.751505199781062,1.78125,1.5873015873015872,1.1494252873563218,0.0975609756097561,5.801860974274767,1827,52,2023-2024,2024-04-13,Torrey Craig
438,0.4657534246575342,0.11187214611872145,0.2831050228310502,0.09360730593607305,0.3013698630136986,0.1324200913242009,0.00684931506849315,0.13926940639269406,0.22602739726027396,2.8894472361809047,0.0,0.5035971223021583,1.0,2.7324120603015074,2.638190954773869,1.0357142857142858,2.0728643216080402,1.0364321608040201,0.08262454434993925,5.527638190954774,3184,70,2023-2024,2024-04-13,Toumani Camara
999,0.16116116116116116,0.01701701701701702,0.4694694694694695,0.3663663663663664,0.12012012012012012,0.3073073073073073,0.04504504504504504,0.35235235235235235,0.4044044044044044,1.319406267179769,0.0,0.26337448559670784,0.3225806451612903,15.695437053326003,6.239692138537658,2.515418502202643,1.9791094007696537,0.30236393622869706,0.044878754976474845,3.3260032985156682,3638,53,2023-2024,2024-04-13,Trae Young
328,0.8780487804878049,0.0,0.003048780487804878,0.0,0.003048780487804878,0.11890243902439024,0.0,0.11890243902439024,0.39939024390243905,3.4562211981566824,0.0,0.7467248908296943,0.0,3.7327188940092166,2.2119815668202767,1.6875,1.336405529953917,3.5023041474654377,0.12763320941759604,4.9308755760368665,2170,66,2023-2024,2024-04-13,Trayce Jackson-Davis
588,0.3979591836734694,0.07312925170068027,0.24319727891156462,0.10034013605442177,0.21598639455782312,0.28061224489795916,0.00510204081632653,0.2857142857142857,0.20068027210884354,0.8939357332689055,0.0,0.40425531914893614,0.9047619047619048,11.379560280260932,2.8026093259241365,4.060344827586207,1.8603527422082626,0.2174438270113554,0.07115749525616698,2.222759120560522,4139,76,2023-2024,2024-04-13,Tre Jones
305,0.3377049180327869,0.03934426229508197,0.35737704918032787,0.2,0.19672131147540983,0.23278688524590163,0.03278688524590164,0.26557377049180325,0.19344262295081968,1.3418903150525088,0.0,0.1958762886597938,0.75,9.27654609101517,3.6756126021003497,2.5238095238095237,2.9171528588098017,0.1750291715285881,0.09218289085545722,2.7421236872812136,1714,40,2023-2024,2024-04-13,Tre Mann
298,0.4261744966442953,0.04697986577181208,0.17785234899328858,0.016778523489932886,0.2080536912751678,0.33221476510067116,0.016778523489932886,0.348993288590604,0.31208053691275167,3.562176165803109,0.0,0.42424242424242425,0.9629629629629629,4.922279792746114,3.8860103626943006,1.2666666666666666,1.4248704663212435,1.16580310880829,0.1157167530224525,6.670984455958549,1544,62,2023-2024,2024-04-13,Trendon Watford
90,0.35555555555555557,0.022222222222222223,0.08888888888888889,0.022222222222222223,0.08888888888888889,0.5333333333333333,0.0,0.5333333333333333,0.18888888888888888,2.4531024531024532,0.0,0.28125,1.0,12.987012987012985,2.886002886002886,4.5,1.5873015873015872,0.4329004329004329,0.06607142857142857,3.6075036075036073,693,37,2023-2024,2024-04-13,Trent Forrest
317,0.2302839116719243,0.15772870662460567,0.5299684542586751,0.10725552050473186,0.580441640378549,0.0694006309148265,0.012618296529968454,0.08201892744479496,0.21451104100946372,2.0814479638009047,0.0,0.7288135593220338,1.0,3.1221719457013575,1.7194570135746607,1.8157894736842106,0.7692307692307693,0.8597285067873304,0.11632155907429964,3.9819004524886874,2210,57,2023-2024,2024-04-13,Trey Lyles
613,0.1631321370309951,0.0799347471451876,0.6378466557911908,0.2169657422512235,0.5008156606851549,0.10603588907014681,0.013050570962479609,0.11908646003262642,0.2463295269168026,1.3124199743918052,0.0,0.6761904761904762,0.8975903614457831,3.905249679897567,1.056338028169014,3.696969696969697,1.5685019206145967,0.8642765685019207,0.09605209605209605,2.208706786171575,3124,56,2023-2024,2024-04-13,Trey Murphy III
113,0.7699115044247787,0.0,0.008849557522123894,0.0,0.008849557522123894,0.22123893805309736,0.0,0.22123893805309736,0.4424778761061947,2.259332023575639,0.0,0.5571428571428572,0.0,5.009823182711198,2.848722986247544,1.7586206896551724,1.1787819253438114,1.37524557956778,0.1310615989515072,5.893909626719057,1018,48,2023-2024,2024-04-13,Tristan Thompson
223,0.19730941704035873,0.10762331838565023,0.5336322869955157,0.13901345291479822,0.5022421524663677,0.11210762331838565,0.04932735426008968,0.16143497757847533,0.16591928251121077,1.7880794701986755,0.0,0.4444444444444444,0.9166666666666666,3.90728476821192,1.9867549668874174,1.9666666666666666,1.5231788079470199,0.13245033112582782,0.09747899159663866,2.781456953642384,1510,58,2023-2024,2024-04-13,Troy Brown Jr.
724,0.12016574585635359,0.04005524861878453,0.4157458563535912,0.2430939226519337,0.212707182320442,0.3453038674033149,0.0787292817679558,0.4240331491712707,0.1464088397790055,1.2439807383627608,0.0,0.4126984126984127,0.8076923076923077,7.223113964686998,3.4911717495987156,2.0689655172413794,1.1637239165329054,0.1203852327447833,0.09714003944773175,2.568218298555377,2492,41,2023-2024,2024-04-13,Tyler Herro
1052,0.2224334600760456,0.022813688212927757,0.5,0.40019011406844107,0.12262357414448669,0.19961977186311788,0.055133079847908745,0.25475285171102663,0.21577946768060838,1.056499770326137,0.0,0.3277591973244147,0.46078431372549017,17.22553973357832,3.674781809830041,4.6875,1.8603582912264585,1.1024345429490123,0.07145028884159318,1.6995865870463942,4354,69,2023-2024,2024-04-13,Tyrese Haliburton
1399,0.2937812723373838,0.01929949964260186,0.38813438170121517,0.2594710507505361,0.14796283059328091,0.2544674767691208,0.04431736954967834,0.29878484631879915,0.2673338098641887,1.406050276949297,0.14295925661186562,0.3470873786407767,0.5740740740740741,9.16063059224542,2.4286322965487854,3.7719298245614037,1.4486578610992757,0.7030251384746485,0.059333513952858304,3.1955688112484024,4694,69,2023-2024,2024-04-13,Tyrese Maxey
666,0.18018018018018017,0.06456456456456457,0.32432432432432434,0.15015015015015015,0.23873873873873874,0.4084084084084084,0.02252252252252252,0.43093093093093093,0.06006006006006006,0.5266075388026608,0.3003003003003003,0.41743119266055045,0.7870370370370371,13.442350332594236,1.8292682926829267,7.348484848484849,1.967849223946785,0.4988913525498891,0.05484649879268713,1.3580931263858091,3608,66,2023-2024,2024-04-13,Tyus Jones
366,0.3360655737704918,0.01366120218579235,0.4098360655737705,0.23497267759562843,0.1885245901639344,0.1885245901639344,0.05191256830601093,0.24043715846994534,0.20491803278688525,1.48975791433892,0.0,0.34210526315789475,0.6136363636363636,12.011173184357542,4.562383612662942,2.63265306122449,1.4432029795158288,0.3258845437616387,0.04514533085961658,3.165735567970205,2148,59,2023-2024,2024-04-13,Vasilije Micic
1186,0.357504215851602,0.011804384485666104,0.3263069139966273,0.15261382799325462,0.18549747048903878,0.23693086003372682,0.06745362563237774,0.30438448566610454,0.3094435075885329,2.1645021645021645,0.0,0.7268408551068883,0.8,6.58970658970659,6.253006253006253,1.0538461538461539,2.1164021164021163,6.108706108706109,0.18685121107266436,3.727753727753728,4158,71,2023-2024,2024-04-13,Victor Wembanyama
379,0.2849604221635884,0.09762532981530343,0.45382585751978893,0.12928759894459102,0.42216358839050133,0.14775725593667546,0.0158311345646438,0.16358839050131926,0.34300791556728233,1.8992248062015504,0.0,0.5111111111111111,0.9240506329113924,6.782945736434108,3.565891472868217,1.9021739130434783,1.821705426356589,1.317829457364341,0.11170212765957446,5.387596899224807,2580,52,2023-2024,2024-04-13,Vince Williams Jr.
350,0.8514285714285714,0.03428571428571429,0.02,0.0,0.054285714285714284,0.09142857142857143,0.002857142857142857,0.09428571428571429,0.26571428571428574,2.7269589230238176,0.0,0.7422222222222222,1.0,2.0711080428028996,2.2782188470831897,0.9090909090909091,1.0355540214014498,5.315843976527442,0.14684014869888476,4.556437694166379,2897,64,2023-2024,2024-04-13,Walker Kessler
422,0.4146919431279621,0.07819905213270142,0.3246445497630332,0.023696682464454975,0.3791469194312796,0.17061611374407584,0.011848341232227487,0.18246445497630331,0.3175355450236967,2.592301649646504,0.0,0.7388535031847133,0.9841269841269841,3.731343283582089,2.670856245090338,1.3970588235294117,1.3747054202670856,1.0997643362136684,0.13647894469812277,4.870384917517675,2546,54,2023-2024,2024-04-13,Wendell Carter Jr.
97,0.14432989690721648,0.1134020618556701,0.5979381443298969,0.24742268041237114,0.4639175257731959,0.13402061855670103,0.010309278350515464,0.14432989690721648,0.24742268041237114,3.244005641748942,0.0,0.9,0.9583333333333334,3.244005641748942,1.1283497884344147,2.875,2.2566995768688294,1.5514809590973202,0.07085346215780998,6.205923836389281,709,36,2023-2024,2024-04-13,Wesley Matthews
275,0.43272727272727274,0.08363636363636363,0.21454545454545454,0.03636363636363636,0.26181818181818184,0.26181818181818184,0.007272727272727273,0.2690909090909091,0.1781818181818182,2.4927536231884058,0.0,0.8247422680412371,1.0,4.463768115942028,1.9130434782608694,2.3333333333333335,2.9565217391304346,2.550724637681159,0.09929577464788733,4.3478260869565215,1725,53,2023-2024,2024-04-13,Xavier Tillman
116,0.11206896551724138,0.1896551724137931,0.5431034482758621,0.08620689655172414,0.646551724137931,0.14655172413793102,0.008620689655172414,0.15517241379310345,0.14655172413793102,3.7383177570093453,0.0,0.5625,1.0,1.7523364485981308,2.219626168224299,0.7894736842105263,1.4018691588785046,0.8177570093457943,0.06554878048780488,4.55607476635514,856,34,2023-2024,2024-04-13,Yuta Watanabe
605,0.36363636363636365,0.01487603305785124,0.28264462809917357,0.01652892561983471,0.2809917355371901,0.3140495867768595,0.024793388429752067,0.33884297520661155,0.2611570247933884,4.517025712300208,0.0,0.7106382978723405,1.0,6.671299513551077,4.586518415566365,1.4545454545454546,1.1466296038915913,1.8068102849200833,0.10739130434782608,7.157748436414177,2878,68,2023-2024,2024-04-13,Zach Collins
376,0.3271276595744681,0.04521276595744681,0.42819148936170215,0.2473404255319149,0.22606382978723405,0.10372340425531915,0.09574468085106383,0.19946808510638298,0.27393617021276595,1.5132408575031526,0.0,0.3944954128440367,0.5245901639344263,6.17906683480454,3.278688524590164,1.8846153846153846,1.3240857503152585,0.5044136191677175,0.09222560975609756,3.720050441361917,1586,25,2023-2024,2024-04-13,Zach LaVine
144,0.7222222222222222,0.034722222222222224,0.13194444444444445,0.013888888888888888,0.1527777777777778,0.1111111111111111,0.0,0.1111111111111111,0.4305555555555556,4.568527918781726,0.0,0.6166666666666667,1.0,3.248730964467005,2.7411167512690358,1.1851851851851851,1.4213197969543148,3.857868020304569,0.07644882860665844,7.918781725888325,985,57,2023-2024,2024-04-13,Zeke Nnaji
378,0.2724867724867725,0.10582010582010581,0.3941798941798942,0.10846560846560846,0.3915343915343915,0.16666666666666666,0.06084656084656084,0.2275132275132275,0.1984126984126984,2.5316455696202533,0.0,0.6413043478260869,0.896551724137931,4.127682993946065,3.632361034672537,1.1363636363636365,1.981287837094111,0.49532195927352773,0.09446254071661238,4.788112272977435,1817,51,2023-2024,2024-04-13,Ziaire Williams
1081,0.7160037002775208,0.0027752081406105457,0.012950971322849213,0.0018501387604070306,0.013876040703052728,0.26549491211840887,0.0027752081406105457,0.2682701202590194,0.45235892691951896,2.1317365269461077,0.0,0.4739413680781759,0.8333333333333334,8.239520958083832,4.526946107784431,1.82010582010582,1.7964071856287425,1.125748502994012,0.08740601503759399,3.856287425149701,4175,69,2023-2024,2024-04-13,Zion Williamson
