game_id,date,away_team,home_team,market_spread_home,baseline_margin,pred_margin_mu,pred_margin_sigma,cover_prob_home,cover_prob_away,win_prob_home,win_prob_away,actual_home,actual_away,actual_margin
2024-11-12-ATL-BOS,2024-11-12,ATL,BOS,-16.0,16.0,16.138519918827697,7.609960348694713,0.5072613257226039,0.49273867427739615,0.9830268977879869,0.01697310221201309,116,117,-1
2024-11-12-MIA-DET,2024-11-12,MIA,DET,1.5,-1.5,-1.6494240149280186,6.793980856108609,0.4912265352213562,0.5087734647786438,0.40408897863947635,0.5959110213605237,123,121,2
2024-11-12-CHA-ORL,2024-11-12,CHA,ORL,-9.0,9.0,9.384221830345366,7.211779223425741,0.5212443899892942,0.47875561001070577,0.9034110401574205,0.09658895984257954,114,89,25
2024-11-12-NYK-PHI,2024-11-12,NYK,PHI,3.5,-3.5,-3.1957405299009336,6.640596730120927,0.518272380579528,0.48172761942047204,0.3151719101903021,0.6848280898096979,99,111,-12
2024-11-12-TOR-MIL,2024-11-12,TOR,MIL,-9.0,9.0,8.792662350532062,6.920662340252349,0.4880497879196608,0.5119502120803392,0.8980457016095371,0.10195429839046288,99,85,14
2024-11-12-PHX-UTA,2024-11-12,PHX,UTA,5.5,-5.5,-5.081017134928787,6.609913877459703,0.5252708458412401,0.47472915415875994,0.2210367752957263,0.7789632247042737,112,120,-8
2024-11-12-DAL-GSW,2024-11-12,DAL,GSW,-2.5,2.5,2.9304163143911217,7.3607962483887075,0.5233145242823214,0.4766854757176786,0.654725934962089,0.345274065037911,120,117,3
2024-11-12-MIN-POR,2024-11-12,MIN,POR,9.0,-9.0,-8.527095731376715,6.846243463132332,0.5275350397836883,0.4724649602163117,0.10647133835444089,0.8935286616455591,122,108,14
2024-11-15-MIA-IND,2024-11-15,MIA,IND,-4.5,4.5,3.6562217066335103,6.939674904306917,0.4516128242145405,0.5483871757854595,0.7008538222274298,0.29914617777257024,111,124,-13
2024-11-15-PHI-ORL,2024-11-15,PHI,ORL,-2.5,2.5,2.624007878845632,6.901561033305051,0.5071678456280377,0.49283215437196226,0.6481033688092461,0.3518966311907539,98,86,12
2024-11-15-DET-TOR,2024-11-15,DET,TOR,2.5,-2.5,-2.4252266513337677,6.569666987680909,0.5045405050604501,0.4954594949395499,0.3560060276817226,0.6439939723182774,95,99,-4
2024-11-15-WAS-ATL,2024-11-15,WAS,ATL,-9.5,9.5,9.653910125572025,6.853934302919865,0.5089577888820094,0.4910422111179906,0.9205115675537265,0.07948843244627346,129,117,12
2024-11-15-CHI-CLE,2024-11-15,CHI,CLE,-10.0,10.0,9.780834450163786,7.518124377041242,0.4883718308512782,0.5116281691487218,0.9033651869362102,0.09663481306378985,144,126,18
2024-11-15-BKN-NYK,2024-11-15,BKN,NYK,-8.5,8.5,8.128347749221295,7.186670584114525,0.4793782483036375,0.5206217516963625,0.8709789936146104,0.1290210063853896,124,122,2
2024-11-15-LAL-SAS,2024-11-15,LAL,SAS,2.5,-2.5,-2.441191116770514,7.005287759823643,0.5033490522043278,0.4966509477956722,0.3637404853149273,0.6362595146850727,115,120,-5
2024-11-15-LAC-HOU,2024-11-15,LAC,HOU,-5.0,5.0,5.127396661698581,7.147236168086804,0.5071106120464177,0.4928893879535823,0.7634350211960569,0.23656497880394312,125,104,21
2024-11-15-DEN-NOP,2024-11-15,DEN,NOP,2.0,-2.0,-2.4382906283331804,6.631196639532898,0.47365099454790616,0.5263490054520938,0.35654849141920564,0.6434515085807944,101,94,7
2024-11-15-PHX-OKC,2024-11-15,PHX,OKC,-7.5,7.5,7.779929843145064,7.575145927752162,0.5147390478335239,0.48526095216647613,0.8477976925753359,0.15220230742466412,99,83,16
2024-11-15-MEM-GSW,2024-11-15,MEM,GSW,-7.0,7.0,7.760389410360002,7.647614246557656,0.5396008996112307,0.4603991003887693,0.8448866470846597,0.15511335291534034,123,118,5
2024-11-15-MIN-SAC,2024-11-15,MIN,SAC,1.5,-1.5,-1.5325048379726631,7.236382799678576,0.49820801207776844,0.5017919879222316,0.41614021545665647,0.5838597845433435,126,130,-4
2024-11-19-CLE-BOS,2024-11-19,CLE,BOS,-7.0,7.0,7.862452518386934,7.470059928780824,0.5459575842071158,0.4540424157928842,0.8537214765537788,0.14627852344622116,120,117,3
2024-11-19-CHA-BKN,2024-11-19,CHA,BKN,-1.5,1.5,1.416430051385932,6.644675570746054,0.49498264338204223,0.5050173566179578,0.5844019103118311,0.4155980896881689,116,115,1
2024-11-19-DEN-MEM,2024-11-19,DEN,MEM,-6.0,6.0,6.376858305994912,7.622419270038589,0.5197159824094542,0.48028401759054584,0.7985891506455397,0.2014108493544603,110,122,-12
2024-11-19-NOP-DAL,2024-11-19,NOP,DAL,-13.0,13.0,12.345126490247935,6.934739027461977,0.46238229786243445,0.5376177021375655,0.9624772507805001,0.03752274921949994,132,91,41
2024-11-19-OKC-SAS,2024-11-19,OKC,SAS,10.0,-10.0,-9.185829578236653,6.88489851915792,0.5470670068739878,0.4529329931260122,0.09106920798143947,0.9089307920185605,110,104,6
2024-11-19-UTA-LAL,2024-11-19,UTA,LAL,-10.5,10.5,10.356428978945683,6.9090933028929316,0.4917105723994508,0.5082894276005492,0.9330575162225655,0.0669424837774345,124,118,6
2024-11-22-BKN-PHI,2024-11-22,BKN,PHI,-2.5,2.5,2.1601072778348867,6.684077480602756,0.47972208402690497,0.520277915973095,0.626717540998679,0.37328245900132095,113,98,15
2024-11-22-BOS-WAS,2024-11-22,BOS,WAS,15.5,-15.5,-14.936547166078212,6.759351467197551,0.5332169591009924,0.4667830408990076,0.01356089787696435,0.9864391021230356,96,108,-12
2024-11-22-IND-MIL,2024-11-22,IND,MIL,-5.5,5.5,5.225014848514972,7.077123136332634,0.48450279817345243,0.5154972018265476,0.7698328366788441,0.23016716332115594,129,117,12
2024-11-22-ATL-CHI,2024-11-22,ATL,CHI,2.5,-2.5,-2.637575884431881,6.79180240336695,0.49191951109375465,0.5080804889062454,0.34887964117353953,0.6511203588264605,136,122,14
2024-11-22-POR-HOU,2024-11-22,POR,HOU,-11.5,11.5,11.881565358010302,7.560981205995171,0.520124103360631,0.479875896639369,0.9419587932872395,0.058041206712760474,116,88,28
2024-11-22-GSW-NOP,2024-11-22,GSW,NOP,10.5,-10.5,-10.626041422309696,6.433903710255971,0.49218514316621986,0.5078148568337801,0.04931113466756443,0.9506888653324356,108,112,-4
2024-11-22-DAL-DEN,2024-11-22,DAL,DEN,-4.5,4.5,4.684130753128855,7.399138950826501,0.5099268255243325,0.49007317447566745,0.7366541743575659,0.26334582564243414,120,123,-3
2024-11-22-SAC-LAC,2024-11-22,SAC,LAC,4.0,-4.0,-4.0617299854985776,6.995935682662098,0.49647990165400224,0.5035200983459978,0.2807603490387197,0.7192396509612803,104,88,16
2024-11-26-CHI-WAS,2024-11-26,CHI,WAS,5.5,-5.5,-5.254293771568216,6.811075027272967,0.5143885284207972,0.4856114715792028,0.2202249113585273,0.7797750886414727,108,127,-19
2024-11-26-MIL-MIA,2024-11-26,MIL,MIA,-5.5,5.5,5.139773040323196,7.351718383114687,0.4804600404384727,0.5195399595615273,0.7577631662710023,0.24223683372899774,103,106,-3
2024-11-26-HOU-MIN,2024-11-26,HOU,MIN,-2.5,2.5,2.043829417124182,7.299701993647599,0.4750856468697935,0.5249143531302065,0.610256668200494,0.38974333179950604,111,117,-6
2024-11-26-SAS-UTA,2024-11-26,SAS,UTA,1.5,-1.5,-1.688237410181506,6.8853180277625805,0.4890946928308416,0.5109053071691584,0.4031531817125439,0.5968468182874561,115,128,-13
2024-11-26-LAL-PHX,2024-11-26,LAL,PHX,-2.5,2.5,2.422308284831747,6.683082482610042,0.4953623478397021,0.5046376521602979,0.6414935090752785,0.35850649092472153,127,100,27
2024-11-29-NYK-CHA,2024-11-29,NYK,CHA,12.5,-12.5,-11.25702995661387,6.826429035749945,0.5722408237600716,0.42775917623992843,0.04957008895988535,0.9504299110401146,98,99,-1
2024-11-29-CLE-ATL,2024-11-29,CLE,ATL,5.5,-5.5,-4.6110797354282465,7.360615093965434,0.5480622518877891,0.4519377481122109,0.26550891316001635,0.7344910868399837,117,101,16
2024-11-29-NOP-MEM,2024-11-29,NOP,MEM,-11.5,11.5,11.40292762182099,7.161369023296296,0.4945925018099179,0.5054074981900821,0.9443394575631271,0.055660542436872906,120,109,11
2024-11-29-ORL-BKN,2024-11-29,ORL,BKN,8.0,-8.0,-8.704546169997236,6.591557474165201,0.4574396523305837,0.5425603476694163,0.09332408329795694,0.9066759167020431,100,123,-23
2024-11-29-LAC-MIN,2024-11-29,LAC,MIN,-6.5,6.5,6.318083742148397,7.044379985404167,0.4896987355655067,0.5103012644344933,0.8151130771282943,0.18488692287170572,93,92,1
2024-11-29-DET-IND,2024-11-29,DET,IND,-4.5,4.5,4.011642131356797,6.935181146963305,0.4719306957511765,0.5280693042488235,0.7185191751777675,0.28148082482223247,106,130,-24
2024-11-29-TOR-MIA,2024-11-29,TOR,MIA,-8.0,8.0,7.6099840577735876,6.9382119778332125,0.4775861639983354,0.5224138360016646,0.8636404108400484,0.1363595891599516,121,111,10
2024-11-29-BOS-CHI,2024-11-29,BOS,CHI,12.5,-12.5,-12.69601350304027,6.999920993250878,0.4888301802764107,0.5111698197235893,0.03485913710721211,0.9651408628927879,129,138,-9
2024-11-29-OKC-LAL,2024-11-29,OKC,LAL,3.0,-3.0,-3.3463470383159253,6.98589781722184,0.4802293280640907,0.5197706719359093,0.3159641216020468,0.6840358783979532,93,101,-8
2024-11-29-SAC-POR,2024-11-29,SAC,POR,7.0,-7.0,-6.50399809087831,6.597665225716969,0.529963614613616,0.47003638538638404,0.1621148997038352,0.8378851002961648,115,106,9
2024-12-03-PHI-CHA,2024-12-03,PHI,CHA,5.0,-5.0,-4.7884805541945745,6.416821037993969,0.5131480635681352,0.48685193643186475,0.22776159987984634,0.7722384001201537,104,110,-6
2024-12-03-WAS-CLE,2024-12-03,WAS,CLE,-16.0,16.0,15.115367040267545,7.203131513369036,0.45112787737175564,0.5488721226282444,0.9820670225274395,0.017932977472560507,118,87,31
2024-12-03-MIL-DET,2024-12-03,MIL,DET,2.5,-2.5,-2.251460923008083,6.988535416468499,0.514184924742454,0.48581507525754597,0.37366388096546554,0.6263361190345345,107,128,-21
2024-12-03-ORL-NYK,2024-12-03,ORL,NYK,-5.0,5.0,4.145273754320025,7.198804452051825,0.4527439630766661,0.5472560369233339,0.7176343045682565,0.2823656954317435,121,106,15
2024-12-03-IND-TOR,2024-12-03,IND,TOR,3.0,-3.0,-2.54443804610996,6.906220048600242,0.526296759726424,0.473703240273576,0.3562774279719282,0.6437225720280718,122,111,11
2024-12-03-UTA-OKC,2024-12-03,UTA,OKC,-13.5,13.5,13.81195347367431,7.345992912235797,0.5169363130312923,0.4830636869687077,0.9699597503918449,0.0300402496081551,133,106,27
2024-12-03-MEM-DAL,2024-12-03,MEM,DAL,-4.5,4.5,4.781198011370433,7.696078463485512,0.5145732428198062,0.4854267571801938,0.732782822991234,0.267217177008766,121,116,5
2024-12-03-SAS-PHX,2024-12-03,SAS,PHX,-6.5,6.5,6.745893820464035,6.982901850684798,0.5140453315528318,0.48595466844716817,0.8329926218671762,0.16700737813282385,104,93,11
2024-12-03-GSW-DEN,2024-12-03,GSW,DEN,-5.0,5.0,4.3780104822753145,7.278730192549341,0.4659506194624311,0.5340493805375689,0.7262398285373665,0.27376017146263354,119,115,4
2024-12-03-HOU-SAC,2024-12-03,HOU,SAC,-1.5,1.5,0.7897175068284097,7.021398953294148,0.45971185034889583,0.5402881496511042,0.5447757948132331,0.4552242051867669,120,111,9
2024-12-03-POR-LAC,2024-12-03,POR,LAC,-8.5,8.5,8.76983963053989,7.264558945629539,0.5148151716830986,0.48518482831690135,0.8863241326467648,0.1136758673532352,127,105,22
2024-10-22-NYK-BOS,2024-10-22,NYK,BOS,-6.0,6.0,6.1498424659213935,6.840076024324587,0.5087387499692405,0.4912612500307595,0.8156975800420451,0.18430241995795493,132,109,23
2024-10-22-MIN-LAL,2024-10-22,MIN,LAL,1.0,-1.0,-1.7866639232972712,6.643976053472378,0.4528743397878856,0.5471256602121144,0.3939975988015786,0.6060024011984214,110,103,7
2024-10-23-IND-DET,2024-10-23,IND,DET,5.0,-5.0,-4.294666430440194,6.658054372378898,0.5421837873802104,0.45781621261978955,0.259452820291874,0.740547179708126,109,115,-6
2024-10-23-BKN-ATL,2024-10-23,BKN,ATL,-7.0,7.0,6.394373504353498,6.7381841924773385,0.46419137567812085,0.5358086243218791,0.8286835311309162,0.1713164688690838,120,116,4
2024-10-23-ORL-MIA,2024-10-23,ORL,MIA,-2.0,2.0,1.066744481535112,6.640730579607524,0.4441186238802499,0.5558813761197501,0.5638101926177443,0.43618980738225566,97,116,-19
2024-10-23-MIL-PHI,2024-10-23,MIL,PHI,4.0,-4.0,-4.054860997063013,6.690248550758686,0.49672865278053613,0.5032713472194639,0.27222907096456583,0.7277709290354342,109,124,-15
2024-10-23-CLE-TOR,2024-10-23,CLE,TOR,6.5,-6.5,-7.48526702631979,6.053474860859707,0.4353534769097209,0.5646465230902791,0.10813192278177186,0.8918680772182281,106,136,-30
2024-10-23-CHA-HOU,2024-10-23,CHA,HOU,-8.5,8.5,8.286301116129785,6.867369603724924,0.48758771290391145,0.5124122870960885,0.8862106162771862,0.11378938372281378,105,110,-5
2024-10-23-CHI-NOP,2024-10-23,CHI,NOP,-5.0,5.0,5.225594110503444,6.869348145845624,0.5130991838104149,0.48690081618958514,0.7765853838102619,0.22341461618973812,123,111,12
2024-10-23-MEM-UTA,2024-10-23,MEM,UTA,2.0,-2.0,-2.1979165216253103,6.372636775796082,0.487611944629633,0.512388055370367,0.36508512346822464,0.6349148765317754,124,126,-2
2024-10-23-PHX-LAC,2024-10-23,PHX,LAC,5.0,-5.0,-5.307707319542199,6.5240464279159385,0.4811908202976143,0.5188091797023857,0.20794834993715683,0.7920516500628432,113,116,-3
2024-10-23-GSW-POR,2024-10-23,GSW,POR,7.5,-7.5,-6.838409137389422,6.656643709082731,0.5395849162281902,0.46041508377180984,0.1521382302845412,0.8478617697154588,104,139,-35
2024-10-24-BOS-WAS,2024-10-24,BOS,WAS,14.0,-14.0,-13.992492010813189,6.65867567087484,0.5004498272390467,0.49955017276095326,0.017803256987049765,0.9821967430129502,102,122,-20
2024-10-24-SAS-DAL,2024-10-24,SAS,DAL,-9.0,9.0,8.433112170348751,7.072994216867376,0.4680596897897277,0.5319403102102723,0.8834276608559388,0.11657233914406118,120,109,11
2024-10-24-OKC-DEN,2024-10-24,OKC,DEN,-2.0,2.0,1.242393770537722,6.6488917783238755,0.4546408004785326,0.5453591995214674,0.5741137289358669,0.4258862710641331,87,102,-15
2024-10-24-MIN-SAC,2024-10-24,MIN,SAC,1.0,-1.0,-0.5912146917132469,7.021737034296677,0.5232121580116953,0.4767878419883047,0.46644959038545675,0.5335504096145433,115,117,-2
2024-10-25-BKN-ORL,2024-10-25,BKN,ORL,-12.0,12.0,11.908105379382844,7.225074867687912,0.4949260510410669,0.5050739489589331,0.9503404476031986,0.04965955239680142,116,101,15
2024-10-25-PHI-TOR,2024-10-25,PHI,TOR,5.5,-5.5,-5.313499768005916,6.868996025389995,0.5108303582111917,0.4891696417888083,0.21959899627977908,0.7804010037202209,115,107,8
2024-10-25-CHA-ATL,2024-10-25,CHA,ATL,-5.5,5.5,5.506285210064558,7.097439511958584,0.5003532873656764,0.4996467126343236,0.7810702702749444,0.21892972972505564,125,120,5
2024-10-25-DET-CLE,2024-10-25,DET,CLE,-10.5,10.5,10.416515418177953,7.214052375423568,0.4953833456789385,0.5046166543210615,0.9256192777575611,0.07438072224243886,113,101,12
2024-10-25-IND-NYK,2024-10-25,IND,NYK,-4.5,4.5,5.0115173966411035,6.9940875214149125,0.529150928263647,0.47084907173635304,0.7631698605015436,0.23683013949845644,123,98,25
2024-10-25-MEM-HOU,2024-10-25,MEM,HOU,-4.0,4.0,4.041285469135165,7.052485869009781,0.50233540703766,0.49766459296234,0.7166877848213914,0.2833122151786086,128,108,20
2024-10-25-CHI-MIL,2024-10-25,CHI,MIL,-9.0,9.0,8.946528207432161,7.174853464664252,0.4970268436145475,0.5029731563854525,0.8937881151019206,0.10621188489807942,122,133,-11
2024-10-25-GSW-UTA,2024-10-25,GSW,UTA,6.5,-6.5,-6.286580239909247,6.835509438020286,0.5124538390917196,0.4875461609082804,0.17886622125023077,0.8211337787497692,86,127,-41
2024-10-25-PHX-LAL,2024-10-25,PHX,LAL,-1.5,1.5,2.0762789578114487,6.912341078921263,0.5332211611876884,0.46677883881231164,0.6180535798003598,0.3819464201996402,123,116,7
2024-10-25-NOP-POR,2024-10-25,NOP,POR,6.5,-6.5,-6.286580239909247,6.835509438020286,0.5124538390917196,0.4875461609082804,0.17886622125023077,0.8211337787497692,103,105,-2
2024-10-26-LAC-DEN,2024-10-26,LAC,DEN,-7.5,7.5,7.312567252065076,7.216169816714518,0.48963904081458154,0.5103609591854185,0.8445555304898589,0.15544446951014113,104,109,-5
2024-10-26-MIA-CHA,2024-10-26,MIA,CHA,6.0,-6.0,-6.435037939619438,6.988205473055299,0.47518061072279616,0.5248193892772038,0.1785662811106603,0.8214337188893397,106,114,-8
2024-10-26-BOS-DET,2024-10-26,BOS,DET,12.5,-12.5,-12.633478388180485,6.765853083758081,0.49213008058039354,0.5078699194196065,0.030933969083554835,0.9690660309164452,118,124,-6
2024-10-26-CLE-WAS,2024-10-26,CLE,WAS,9.5,-9.5,-8.99351601990851,6.653680027108783,0.5303385358228256,0.46966146417717436,0.08824198419892848,0.9117580158010715,116,135,-19
2024-10-26-OKC-CHI,2024-10-26,OKC,CHI,9.5,-9.5,-9.683842108824797,6.827996940032725,0.4892598766171625,0.5107401233828375,0.0780581368016966,0.9219418631983034,95,114,-19
2024-10-26-ORL-MEM,2024-10-26,ORL,MEM,-1.0,1.0,0.8467783122438697,6.9440282779788856,0.4911979549527128,0.5088020450472872,0.5485280720458534,0.4514719279541466,124,111,13
2024-10-26-TOR-MIN,2024-10-26,TOR,MIN,-15.0,15.0,15.119074294781806,7.138482495570289,0.5066542949271028,0.4933457050728972,0.9829110920857415,0.017088907914258544,112,101,11
2024-10-26-HOU-SAS,2024-10-26,HOU,SAS,1.5,-1.5,-1.145843360495379,6.840244700835103,0.5206461850254356,0.4793538149745644,0.4334824362575763,0.5665175637424237,109,106,3
2024-10-26-DAL-PHX,2024-10-26,DAL,PHX,3.5,-3.5,-3.787394119816861,6.957568978548921,0.48352570132753203,0.516474298672468,0.29309827371006025,0.7069017262899397,114,102,12
2024-10-26-SAC-LAL,2024-10-26,SAC,LAL,-1.0,1.0,0.6518469008671316,7.034736810430903,0.4802641780270781,0.5197358219729219,0.5369136245462953,0.4630863754537047,131,127,4
2024-10-27-PHI-IND,2024-10-27,PHI,IND,-8.0,8.0,7.96023464298172,7.124600707729225,0.4977733489223919,0.5022266510776081,0.8680645106813654,0.13193548931863464,114,118,-4
2024-10-27-MIL-BKN,2024-10-27,MIL,BKN,8.5,-8.5,-8.237521528834124,6.744211050404167,0.5155225466954982,0.48447745330450176,0.1109633153576639,0.8890366846423361,115,102,13
2024-10-27-NOP-POR,2024-10-27,NOP,POR,6.5,-6.5,-6.279478510171965,6.79577680221386,0.5129433192883546,0.48705668071164543,0.1777362342247395,0.8222637657752605,125,103,22
2024-10-27-ATL-OKC,2024-10-27,ATL,OKC,-10.5,10.5,9.947255645370882,7.240056206319547,0.46957218836779824,0.5304278116322018,0.915266689087403,0.08473331091259695,128,104,24
2024-10-27-LAC-GSW,2024-10-27,LAC,GSW,-9.0,9.0,9.151716877377725,7.037138442994966,0.508600312326142,0.491399687673858,0.903283184367996,0.09671681563200396,104,112,-8
2024-10-28-IND-ORL,2024-10-28,IND,ORL,-5.5,5.5,5.3597401256768205,6.834546867982425,0.4918134050833771,0.5081865949166229,0.7835424146276699,0.21645758537233006,119,115,4
2024-10-28-WAS-ATL,2024-10-28,WAS,ATL,-8.0,8.0,6.893432300756583,6.991083357733572,0.43711701142458526,0.5628829885754147,0.8379413087813485,0.16205869121865146,119,121,-2
2024-10-28-MIL-BOS,2024-10-28,MIL,BOS,-9.0,9.0,8.636175179277364,7.246953979595582,0.47997998112131346,0.5200200188786865,0.8833100130038867,0.11668998699611333,119,108,11
2024-10-28-DET-MIA,2024-10-28,DET,MIA,-8.5,8.5,8.4988957742961,7.007619605072769,0.4999371366678851,0.5000628633321149,0.8873983452974996,0.11260165470250039,106,98,8
2024-10-28-CLE-NYK,2024-10-28,CLE,NYK,-3.0,3.0,3.8000671137053676,7.563724164351008,0.5421203079746958,0.4578796920253042,0.6923093323321046,0.30769066766789543,104,110,-6
2024-10-28-DEN-TOR,2024-10-28,DEN,TOR,8.5,-8.5,-8.69902360672486,6.386762353388368,0.48757021495958863,0.5124297850404114,0.0865926850245039,0.9134073149754961,125,127,-2
2024-10-28-CHI-MEM,2024-10-28,CHI,MEM,-5.0,5.0,4.671379354017816,7.365858844183604,0.48220747981570267,0.5177925201842973,0.7370227056860057,0.2629772943139943,123,126,-3
2024-10-28-HOU-SAS,2024-10-28,HOU,SAS,2.5,-2.5,-2.1432099340809363,7.00031021115602,0.5203243908406007,0.47967560915939933,0.37974168725086643,0.6202583127491336,101,106,-5
2024-10-28-UTA-DAL,2024-10-28,UTA,DAL,-11.5,11.5,11.204745606847826,7.299110048249259,0.4838668898538888,0.5161331101461112,0.9376183777662638,0.06238162223373622,110,102,8
2024-10-28-LAL-PHX,2024-10-28,LAL,PHX,-4.5,4.5,4.237871078423204,7.142959083496577,0.48536309092604035,0.5146369090739596,0.7235076205090145,0.2764923794909855,109,105,4
2024-10-28-POR-SAC,2024-10-28,POR,SAC,-13.0,13.0,13.163996256967739,7.0997742839253775,0.5092142680331257,0.49078573196687425,0.9681406424945469,0.0318593575054531,111,98,13
2024-10-29-DEN-BKN,2024-10-29,DEN,BKN,5.5,-5.5,-5.532488677761678,6.338649822114771,0.4979552348200309,0.5020447651799691,0.19138109968951578,0.8086189003104842,139,144,-5
2024-10-29-DAL-MIN,2024-10-29,DAL,MIN,-4.0,4.0,4.8858583175669805,6.854921599569476,0.5514119859370354,0.44858801406296456,0.762000349238997,0.23799965076100305,114,120,-6
2024-10-29-SAC-UTA,2024-10-29,SAC,UTA,6.5,-6.5,-6.949113429787038,6.687349910498494,0.47322769939886944,0.5267723006011306,0.1493690973575308,0.8506309026424692,96,113,-17
2024-10-29-NOP-GSW,2024-10-29,NOP,GSW,1.5,-1.5,-0.5244757200734292,7.5388803971611456,0.5514790670362409,0.44852093296375906,0.4722681789448703,0.5277318210551297,124,106,18
2024-10-30-TOR-CHA,2024-10-30,TOR,CHA,-6.5,6.5,7.008486644995123,6.587378088160644,0.5307642200878311,0.4692357799121689,0.856319019707237,0.143680980292763,138,133,5
2024-10-30-LAL-CLE,2024-10-30,LAL,CLE,-4.0,4.0,3.9015986560679408,7.471307460046774,0.4947458564845194,0.5052541435154806,0.6992382727724655,0.30076172722753447,134,110,24
2024-10-30-BOS-IND,2024-10-30,BOS,IND,6.5,-6.5,-5.873693681716518,7.111746788715357,0.5350880705322301,0.46491192946776994,0.20442634165202334,0.7955736583479767,135,132,3
2024-10-30-DET-PHI,2024-10-30,DET,PHI,-4.0,4.0,4.554916224722146,6.578122435407003,0.5336140382182635,0.4663859617817365,0.7556676182748123,0.24433238172518768,95,105,-10
2024-10-30-ATL-WAS,2024-10-30,ATL,WAS,5.5,-5.5,-5.807355469705723,6.706355871633274,0.48172268471475477,0.5182773152852452,0.19325933871530143,0.8067406612846986,133,120,13
2024-10-30-NYK-MIA,2024-10-30,NYK,MIA,2.0,-2.0,-1.6096161465169452,6.679186091542896,0.5233040367299582,0.4766959632700418,0.4047814862802458,0.5952185137197542,107,116,-9
2024-10-30-ORL-CHI,2024-10-30,ORL,CHI,5.5,-5.5,-5.064050840311012,7.290954677550917,0.5238398100480578,0.4761601899519422,0.24366359356405742,0.7563364064359426,102,99,3
2024-10-30-BKN-MEM,2024-10-30,BKN,MEM,-12.0,12.0,12.293720405132335,7.285963724173633,0.5160782789811191,0.48392172101888087,0.954228660549889,0.045771339450111026,106,119,-13
2024-10-30-SAS-OKC,2024-10-30,SAS,OKC,-12.5,12.5,13.815254484892465,7.842885035724514,0.5665904855421062,0.4334095144578938,0.9609232281977158,0.039076771802284194,105,93,12
2024-10-30-NOP-GSW,2024-10-30,NOP,GSW,-3.5,3.5,3.8800185732081376,7.4706969779912065,0.5202846027731183,0.4797153972268817,0.6982468849203031,0.30175311507969693,104,89,15
2024-10-30-POR-LAC,2024-10-30,POR,LAC,-8.0,8.0,8.369499784640512,6.977849625422662,0.5211154199721264,0.4788845800278736,0.8848212101388362,0.11517878986116381,105,106,-1
2024-10-31-MIL-MEM,2024-10-31,MIL,MEM,6.5,-6.5,-7.593401072187238,7.024695825887947,0.4381540533345768,0.5618459466654232,0.1398579008584626,0.8601420991415374,122,99,23
2024-10-31-HOU-DAL,2024-10-31,HOU,DAL,-6.5,6.5,6.542799704532433,7.293266833382627,0.5023411338313555,0.4976588661686445,0.815167587459869,0.18483241254013105,102,108,-6
2024-10-31-SAS-UTA,2024-10-31,SAS,UTA,2.0,-2.0,-1.955552061363792,6.305712988388798,0.5028120555426656,0.4971879444573344,0.37823338368200743,0.6217666163179926,88,106,-18
2024-10-31-PHX-LAC,2024-10-31,PHX,LAC,4.0,-4.0,-4.97255939933337,7.2036398457909065,0.44630220433843215,0.5536977956615678,0.24500771340989358,0.7549922865901064,119,125,-6
2024-11-01-BOS-CHA,2024-11-01,BOS,CHA,10.5,-10.5,-9.419500885888397,7.056154057887343,0.5608515756546919,0.4391484243453081,0.09094895287366977,0.9090510471263302,109,124,-15
2024-11-01-ORL-CLE,2024-11-01,ORL,CLE,-7.0,7.0,6.5233679329383,7.776355417737537,0.4755631419603351,0.5244368580396649,0.799229469213182,0.20077053078681795,120,109,11
2024-11-01-NYK-DET,2024-11-01,NYK,DET,6.0,-6.0,-5.781144862148105,6.523285518005069,0.5133819362897436,0.4866180637102564,0.18774624135989426,0.8122537586401057,98,128,-30
2024-11-01-SAC-ATL,2024-11-01,SAC,ATL,6.0,-6.0,-6.757700575935043,6.999909088719123,0.4569009345908823,0.5430990654091177,0.1671726676800347,0.8328273323199653,115,123,-8
2024-11-01-CHI-BKN,2024-11-01,CHI,BKN,-1.0,1.0,0.5889086396176549,7.070964468832163,0.4768193739201081,0.5231806260798919,0.5331877255692619,0.46681227443073814,120,112,8
2024-11-01-LAL-TOR,2024-11-01,LAL,TOR,9.0,-9.0,-9.421353216639295,6.497491718828817,0.4741472743475472,0.5258527256524528,0.07352946938715998,0.92647053061284,125,131,-6
2024-11-01-IND-NOP,2024-11-01,IND,NOP,4.5,-4.5,-4.665677866927482,6.539816869468526,0.4898943903146029,0.5101056096853971,0.23779097739003696,0.762209022609963,125,118,7
2024-11-01-DEN-MIN,2024-11-01,DEN,MIN,-3.5,3.5,3.315409674977799,6.655700758139681,0.4889370859053048,0.5110629140946952,0.6908040805083155,0.30919591949168446,119,116,3
2024-11-01-OKC-POR,2024-11-01,OKC,POR,11.5,-11.5,-11.603757452016474,6.9975091769065285,0.4940847926434021,0.5059152073565979,0.048631520844180876,0.9513684791558191,114,137,-23
2024-11-02-BOS-CHA,2024-11-02,BOS,CHA,10.0,-10.0,-9.425060147567828,6.9473421854865585,0.5329775426304727,0.4670224573695273,0.08744740449459232,0.9125525955054077,103,113,-10
2024-11-02-MEM-PHI,2024-11-02,MEM,PHI,1.0,-1.0,-0.5319112263024052,6.768989893141267,0.5275656605552619,0.4724343394447381,0.46868311296393217,0.5313168870360678,107,124,-17
2024-11-02-SAC-TOR,2024-11-02,SAC,TOR,9.5,-9.5,-10.3455543098901,6.715602609279036,0.44990200861495,0.55009799138505,0.06171620598263394,0.9382837940173661,131,128,3
2024-11-02-GSW-HOU,2024-11-02,GSW,HOU,-5.0,5.0,5.770252606043939,7.783539120481972,0.5394146575155172,0.4605853424844828,0.7707564874971192,0.22924351250288078,121,127,-6
2024-11-02-CLE-MIL,2024-11-02,CLE,MIL,-2.0,2.0,2.0749003942013555,7.277577653286339,0.504105817619461,0.49589418238053895,0.6122195512398418,0.38778044876015816,113,114,-1
2024-11-02-MIN-SAS,2024-11-02,MIN,SAS,3.5,-3.5,-2.8478310121871133,6.900100137096158,0.5376503129459841,0.4623496870540159,0.3399047336365496,0.6600952663634504,113,103,10
2024-11-02-UTA-DEN,2024-11-02,UTA,DEN,-11.0,11.0,9.352054096548132,6.719622442096046,0.4031338227952934,0.5968661772047066,0.9180013831350289,0.08199861686497112,129,103,26
2024-11-02-POR-PHX,2024-11-02,POR,PHX,-13.0,13.0,12.471335875252247,6.933537854843789,0.4696111426166296,0.5303888573833704,0.9639667125107163,0.036033287489283694,103,97,6
2024-11-02-OKC-LAC,2024-11-02,OKC,LAC,5.5,-5.5,-5.1801248846800085,7.1663900895329045,0.5178010609292245,0.4821989390707755,0.2348903176196362,0.7651096823803638,92,105,-13
2024-11-03-DET-BKN,2024-11-03,DET,BKN,-3.0,3.0,2.6879518126658595,6.763328500652609,0.4816000269637746,0.5183999730362254,0.6544749198455173,0.3455250801544827,92,106,-14
2024-11-03-ATL-NOP,2024-11-03,ATL,NOP,1.5,-1.5,-1.6967801462709011,6.854986804251604,0.48854948344740456,0.5114505165525954,0.40225099916422,0.59774900083578,111,126,-15
2024-11-03-ORL-DAL,2024-11-03,ORL,DAL,-7.0,7.0,7.113942967044282,7.104783881625931,0.5063977623182572,0.49360223768174283,0.8416564799724024,0.15834352002759755,108,85,23
2024-11-04-MIL-CLE,2024-11-04,MIL,CLE,-8.0,8.0,7.460298211521449,7.4586095389911815,0.47115787893708183,0.5288421210629182,0.8413995234446381,0.1586004765553619,116,114,2
2024-11-04-GSW-WAS,2024-11-04,GSW,WAS,11.0,-11.0,-10.531371312616042,7.098516714814742,0.526318185923006,0.47368181407699395,0.06895731192791055,0.9310426880720895,112,125,-13
2024-11-04-LAL-DET,2024-11-04,LAL,DET,6.5,-6.5,-7.351711261497222,6.774941855386291,0.44997879625198967,0.5500212037480103,0.13893143286677545,0.8610685671332245,115,103,12
2024-11-04-BOS-ATL,2024-11-04,BOS,ATL,10.0,-10.0,-10.019048358193482,7.1984243261244165,0.4989443263910672,0.5010556736089328,0.0819855650392356,0.9180144349607644,93,123,-30
2024-11-04-MEM-BKN,2024-11-04,MEM,BKN,4.0,-4.0,-4.576031044761716,7.059164815964604,0.467482220641827,0.532517779358173,0.2584149567044358,0.7415850432955642,106,104,2
2024-11-04-SAC-MIA,2024-11-04,SAC,MIA,-1.5,1.5,1.38226935023224,7.138263616585299,0.49342058416802104,0.506579415831979,0.5767719889578355,0.42322801104216445,110,111,-1
2024-11-04-UTA-CHI,2024-11-04,UTA,CHI,-7.5,7.5,7.597858701210824,6.816933584463407,0.5057267145307359,0.4942732854692641,0.8674797734765144,0.1325202265234856,126,135,-9
2024-11-04-NYK-HOU,2024-11-04,NYK,HOU,2.0,-2.0,-1.4660703675872049,7.091366527347148,0.5300091693638134,0.46999083063618663,0.4181063894235695,0.5818936105764305,109,97,12
2024-11-04-CHA-MIN,2024-11-04,CHA,MIN,-11.5,11.5,11.7775968599201,7.0804995867590295,0.5156368570481902,0.4843631429518098,0.9518823038970444,0.048117696102955576,114,93,21
2024-11-04-ORL-OKC,2024-11-04,ORL,OKC,-12.5,12.5,12.983206935658488,7.852282829003922,0.5245342768308063,0.47546572316919367,0.9508783990981389,0.04912160090186113,102,86,16
2024-11-04-POR-NOP,2024-11-04,POR,NOP,-1.5,1.5,0.6441382058260605,6.618484390976486,0.4485546506037291,0.5514453493962709,0.5387655012379855,0.4612344987620145,100,118,-18
2024-11-04-IND-DAL,2024-11-04,IND,DAL,-4.5,4.5,4.03217815904471,7.249651652714008,0.4742740102352867,0.5257259897647133,0.710959248971347,0.289040751028653,127,134,-7
2024-11-04-TOR-DEN,2024-11-04,TOR,DEN,-11.0,11.0,11.041082803735625,7.130011669930341,0.5022986745992749,0.4977013254007251,0.9392534008851244,0.060746599114875566,121,119,2
2024-11-04-PHI-PHX,2024-11-04,PHI,PHX,-7.5,7.5,6.793627220426888,6.879588813850043,0.45910982351470286,0.5408901764852971,0.838302393231922,0.16169760676807798,118,116,2
2024-11-04-SAS-LAC,2024-11-04,SAS,LAC,-4.0,4.0,3.6888378416937218,6.90793557837497,0.48203605486863765,0.5179639451313623,0.7033292451264284,0.29667075487357164,113,104,9
2024-11-06-DET-CHA,2024-11-06,DET,CHA,1.0,-1.0,-1.1870550130318414,6.548203731446725,0.4886054239026306,0.5113945760973694,0.42807410314722993,0.5719258968527701,108,107,1
2024-11-06-ORL-IND,2024-11-06,ORL,IND,-5.5,5.5,4.177311412418867,6.859862208452408,0.4235516848664208,0.5764483151335792,0.7287211283286161,0.27127887167138387,118,111,7
2024-11-06-NYK-ATL,2024-11-06,NYK,ATL,7.0,-7.0,-6.872604079055865,6.654538429070644,0.5076369706844509,0.4923630293155491,0.15085589880379646,0.8491441011962035,121,116,5
2024-11-06-GSW-BOS,2024-11-06,GSW,BOS,-7.0,7.0,7.4876928890605345,7.851457061354134,0.5247643555273228,0.4752356444726772,0.8298744459822183,0.17012555401778173,112,118,-6
2024-11-06-SAS-HOU,2024-11-06,SAS,HOU,-6.5,6.5,6.353089397498167,7.005890248860331,0.4916349594843983,0.5083650405156017,0.8177493061651233,0.1822506938348767,127,100,27
2024-11-06-LAL-MEM,2024-11-06,LAL,MEM,-4.0,4.0,3.626588762688921,7.142365490219658,0.47915232775891836,0.5208476722410816,0.6941882475158108,0.30581175248418924,131,114,17
2024-11-06-CLE-NOP,2024-11-06,CLE,NOP,6.5,-6.5,-6.362035282654694,6.93104331019724,0.5079405541171226,0.4920594458828774,0.17933445397996772,0.8206655460200323,122,131,-9
2024-11-06-CHI-DAL,2024-11-06,CHI,DAL,-10.0,10.0,9.946004634920984,7.449646401871137,0.4971084741062096,0.5028915258937904,0.9090777888416941,0.0909222111583059,119,99,20
2024-11-06-OKC-DEN,2024-11-06,OKC,DEN,7.0,-7.0,-7.400955402098745,7.189248695388183,0.4777619075446107,0.5222380924553893,0.15163467638760242,0.8483653236123976,124,122,2
2024-11-06-MIA-PHX,2024-11-06,MIA,PHX,-5.0,5.0,4.453030795876056,7.033526098190109,0.4690070955248139,0.5309929044751861,0.7366707225255137,0.2633292774744863,115,112,3
2024-11-06-PHI-LAC,2024-11-06,PHI,LAC,-1.5,1.5,1.328855914986786,6.710893403856533,0.4898271053825155,0.5101728946174845,0.578483240362536,0.42151675963746404,110,98,12
2024-11-06-TOR-SAC,2024-11-06,TOR,SAC,-11.5,11.5,11.574171031060176,7.318136880077855,0.5040433042137341,0.4959566957862659,0.9431265110926725,0.05687348890732746,122,107,15
2024-11-07-MIN-CHI,2024-11-07,MIN,CHI,9.5,-9.5,-9.82338629333077,7.097129435631718,0.4818281691370352,0.5181718308629648,0.08315853838044585,0.9168414616195542,119,135,-16
2024-11-07-UTA-MIL,2024-11-07,UTA,MIL,-10.0,10.0,9.352412855178027,6.803558023040697,0.46208449810771046,0.5379155018922895,0.9153777722406345,0.08462222775936545,123,100,23
2024-11-07-POR-SAS,2024-11-07,POR,SAS,-4.0,4.0,3.1744531107969296,6.917472405366613,0.45250209637967787,0.5474979036203221,0.6768483095549277,0.3231516904450723,118,105,13
2024-11-08-IND-CHA,2024-11-08,IND,CHA,7.0,-7.0,-6.860135698139941,6.586523900091568,0.5084708704097476,0.4915291295902524,0.1488122319644024,0.8511877680355976,103,83,20
2024-11-08-ATL-DET,2024-11-08,ATL,DET,-2.5,2.5,2.502970841418663,6.93214253674994,0.5001709708373291,0.4998290291626709,0.6409754772361581,0.3590245227638419,122,121,1
2024-11-08-NOP-ORL,2024-11-08,NOP,ORL,-8.5,8.5,8.709053239164088,6.876717030672442,0.5121260379606991,0.4878739620393009,0.8973248996112181,0.10267510038878191,115,88,27
2024-11-08-BKN-BOS,2024-11-08,BKN,BOS,-13.5,13.5,13.33791427682886,7.5785700589558,0.4914683221004096,0.5085316778995904,0.9607919684797536,0.039208031520246434,108,104,4
2024-11-08-GSW-CLE,2024-11-08,GSW,CLE,-3.5,3.5,3.5748154009257522,7.764480384345881,0.50384398740508,0.49615601259492004,0.6773876801089452,0.32261231989105477,136,117,19
2024-11-08-MIL-NYK,2024-11-08,MIL,NYK,-6.5,6.5,5.813146858520496,6.88078188188366,0.4602428363392186,0.5397571636607814,0.8008993872902177,0.1991006127097823,116,94,22
2024-11-08-PHX-DAL,2024-11-08,PHX,DAL,-2.5,2.5,2.41441981730178,7.352804221090335,0.4953567671085287,0.5046432328914713,0.6286829843181972,0.37131701568180275,113,114,-1
2024-11-08-WAS-MEM,2024-11-08,WAS,MEM,-7.5,7.5,7.162934726392885,7.367427362532517,0.4817544596494222,0.5182455403505778,0.8345353337016206,0.16546466629837941,128,104,24
2024-11-08-HOU-OKC,2024-11-08,HOU,OKC,-7.5,7.5,8.505611808833972,7.902346123093216,0.550630649817944,0.44936935018205604,0.8591124036976194,0.14088759630238057,126,107,19
2024-11-08-POR-MIN,2024-11-08,POR,MIN,-11.5,11.5,10.685491437814273,6.9659664965181145,0.45345900801445427,0.5465409919855457,0.9374798553394074,0.06252014466059264,127,102,25
2024-11-08-MIA-DEN,2024-11-08,MIA,DEN,-3.0,3.0,2.6657201751465562,6.979068296559339,0.48089897155422856,0.5191010284457714,0.6487542302267015,0.35124576977329847,135,122,13
2024-11-08-PHI-LAL,2024-11-08,PHI,LAL,-7.5,7.5,6.614160483642402,6.774227731323605,0.4479801602321294,0.5520198397678706,0.8355597122294978,0.16444028777050224,116,106,10
2024-11-08-LAC-SAC,2024-11-08,LAC,SAC,-6.5,6.5,6.135505243522383,7.189263580320423,0.47978233859394426,0.5202176614060557,0.8032884760722965,0.19671152392770352,98,107,-9
2024-11-09-UTA-SAS,2024-11-09,UTA,SAS,-6.5,6.5,6.039121991607434,6.716052575921998,0.4726447171076068,0.5273552828923932,0.815728813698481,0.18427118630151895,110,111,-1
2024-11-09-CHI-ATL,2024-11-09,CHI,ATL,-2.5,2.5,1.8686100830815868,7.108781850408311,0.46461315705379025,0.5353868429462098,0.6036705222354231,0.39632947776457694,113,125,-12
2024-11-09-BKN-CLE,2024-11-09,BKN,CLE,-13.0,13.0,12.230174336330395,7.546329811752838,0.45937307719891096,0.540626922801089,0.9474566944857937,0.05254330551420627,105,100,5
2024-11-09-TOR-LAC,2024-11-09,TOR,LAC,-6.0,6.0,5.7154526952723375,7.171924932790493,0.4841760507902775,0.5158239492097225,0.7872513449257932,0.21274865507420682,105,103,2
2024-11-10-HOU-DET,2024-11-10,HOU,DET,4.0,-4.0,-3.8149182794614864,6.787234689799819,0.5108774452556977,0.48912255474430233,0.28703329644251774,0.7129667035574823,99,101,-2
2024-11-10-BOS-MIL,2024-11-10,BOS,MIL,5.0,-5.0,-4.83175784052097,7.132168328916992,0.5094098573480031,0.49059014265199685,0.2490571111463571,0.7509428888536429,107,113,-6
2024-11-10-NYK-IND,2024-11-10,NYK,IND,3.0,-3.0,-3.1189173747552617,6.782737397034201,0.49300595975337513,0.5069940402466249,0.32281852933802413,0.6771814706619759,132,121,11
2024-11-10-WAS-ORL,2024-11-10,WAS,ORL,-11.5,11.5,11.603466879725543,7.196047403170689,0.5057359114565105,0.49426408854348947,0.9465709994333719,0.05342900056662814,121,94,27
2024-11-10-CHA-PHI,2024-11-10,CHA,PHI,-5.0,5.0,5.129197640749432,6.736832040689624,0.5076503676859832,0.49234963231401685,0.7767808783778049,0.22321912162219515,107,105,2
2024-11-10-MIA-MIN,2024-11-10,MIA,MIN,-7.5,7.5,7.302559886962365,7.080229426720696,0.4888764901976054,0.5111235098023946,0.8488237321803389,0.1511762678196611,94,95,-1
2024-11-10-GSW-OKC,2024-11-10,GSW,OKC,-6.5,6.5,7.630038598671737,8.17299772191889,0.5549844621003635,0.44501553789963655,0.824736278075593,0.17526372192440698,116,127,-11
2024-11-10-DAL-DEN,2024-11-10,DAL,DEN,-2.0,2.0,1.860404657123683,7.1069275194252235,0.4921644193715822,0.5078355806284178,0.6032519302369734,0.39674806976302657,122,120,2
2024-11-10-SAC-PHX,2024-11-10,SAC,PHX,1.0,-1.0,-1.4632777441510407,7.0087090724995065,0.47364898760408225,0.5263510123959178,0.4173100223352304,0.5826899776647696,118,127,-9
2024-11-10-MEM-POR,2024-11-10,MEM,POR,1.0,-1.0,-0.7950990495651272,7.066070889205775,0.5115668522299222,0.48843314777007785,0.4552041676536295,0.5447958323463705,89,134,-45
2024-11-10-TOR-LAL,2024-11-10,TOR,LAL,-10.0,10.0,9.878830626016127,6.9595661192908205,0.493054575026621,0.506945424973379,0.9221176273164899,0.07788237268351006,123,103,20
2024-11-11-CLE-CHI,2024-11-11,CLE,CHI,8.5,-8.5,-7.982888758417478,7.15192418403732,0.5288199266569109,0.4711800733430891,0.13217093051161577,0.8678290694883842,113,119,-6
2024-11-11-WAS-HOU,2024-11-11,WAS,HOU,-12.0,12.0,11.664772929089798,7.136209066679392,0.48126637249365456,0.5187336275063454,0.948932442500208,0.05106755749979197,107,92,15
2024-11-11-BKN-NOP,2024-11-11,BKN,NOP,1.5,-1.5,-1.3984135954536623,6.520461958468081,0.5062151229031022,0.4937848770968978,0.41509206623308303,0.584907933766917,105,107,-2
2024-11-11-LAC-OKC,2024-11-11,LAC,OKC,-6.5,6.5,6.321311454617227,7.700268122299649,0.49074317708630166,0.5092568229136983,0.7941543527161393,0.20584564728386068,134,128,6
2024-11-11-SAC-SAS,2024-11-11,SAC,SAS,2.5,-2.5,-2.3943616091741142,6.827500473087773,0.5061723817150667,0.49382761828493327,0.3629090648669777,0.6370909351330223,116,96,20
2024-11-13-IND-ORL,2024-11-13,IND,ORL,-1.0,1.0,0.69297171815377,7.217176311124542,0.4830335823396138,0.5169664176603862,0.5382464700698979,0.4617535299301021,94,90,4
2024-11-13-BOS-BKN,2024-11-13,BOS,BKN,10.0,-10.0,-9.544223488045098,6.83877177265435,0.5265682219799672,0.4734317780200328,0.08141675100834478,0.9185832489916552,114,139,-25
2024-11-13-CHI-NYK,2024-11-13,CHI,NYK,-8.5,8.5,7.586187161806403,7.305059072986829,0.4502249037641842,0.5497750962358158,0.8504776160075274,0.14952238399247264,123,124,-1
2024-11-13-CLE-PHI,2024-11-13,CLE,PHI,11.0,-11.0,-11.000201137335377,6.893735848420699,0.4999883601302687,0.5000116398697313,0.05528005161789229,0.9447199483821077,106,114,-8
2024-11-13-NOP-OKC,2024-11-13,NOP,OKC,-14.5,14.5,14.73378672452166,7.3179487657757205,0.5127428531461382,0.4872571468538618,0.9779624867169119,0.022037513283088117,106,88,18
2024-11-13-LAC-HOU,2024-11-13,LAC,HOU,-5.0,5.0,5.199959692789378,7.217080778765604,0.5110518606170047,0.4889481393829953,0.7643936597309537,0.23560634026904625,111,103,8
2024-11-13-DET-MIL,2024-11-13,DET,MIL,-7.0,7.0,6.257165528188084,6.949049667776447,0.4574352376063404,0.5425647623936596,0.8160555221665551,0.18394447783344492,127,120,7
2024-11-13-WAS-SAS,2024-11-13,WAS,SAS,-9.5,9.5,9.248922241903948,6.950327256987823,0.48559150552801866,0.5144084944719813,0.9083590117908504,0.09164098820914957,139,130,9
2024-11-13-MEM-LAL,2024-11-13,MEM,LAL,-7.5,7.5,7.265105512811577,7.476922177913284,0.4874689173098826,0.5125310826901174,0.8343927780882787,0.16560722191172128,128,123,5
2024-11-13-MIN-POR,2024-11-13,MIN,POR,10.0,-10.0,-9.888903331295234,6.839531524785753,0.5064798603948805,0.49352013960511953,0.07411032269842999,0.92588967730157,106,98,8
2024-11-13-PHX-SAC,2024-11-13,PHX,SAC,-8.0,8.0,8.036553556505837,7.273043523441627,0.5020050337592435,0.49799496624075645,0.8654154529799403,0.13458454702005973,127,104,23
2024-11-14-DAL-UTA,2024-11-14,DAL,UTA,7.5,-7.5,-7.359138691057413,6.542299777189478,0.5085889048488597,0.49141109515114034,0.13032523932087192,0.8696747606791281,115,113,2
2024-11-16-MIL-CHA,2024-11-16,MIL,CHA,4.0,-4.0,-3.7672084981027014,6.614261135718902,0.5140380309990051,0.48596196900099486,0.2844885991114183,0.7155114008885817,115,114,1
2024-11-16-TOR-BOS,2024-11-16,TOR,BOS,-16.5,16.5,17.330643901324205,7.050292136424067,0.5468936497035474,0.45310635029645263,0.9930171710460844,0.006982828953915554,126,123,3
2024-11-16-LAL-NOP,2024-11-16,LAL,NOP,8.0,-8.0,-8.429803480097927,6.463800379541219,0.4734922956952754,0.5265077043047246,0.09609021422632047,0.9039097857736795,99,104,-5
2024-11-16-SAS-DAL,2024-11-16,SAS,DAL,-13.5,13.5,13.396932101518473,7.275887802475868,0.49434890030717893,0.5056510996928211,0.9672095846065153,0.032790415393484706,110,93,17
2024-11-16-UTA-SAC,2024-11-16,UTA,SAC,-6.5,6.5,5.474865230283312,7.027201947051499,0.4420076922829127,0.5579923077170873,0.7820384295452707,0.2179615704547293,121,117,4
2024-11-17-PHX-MIN,2024-11-17,PHX,MIN,-7.5,7.5,7.335849236858332,7.073850918367864,0.4907432594019079,0.5092567405980921,0.8501408281851659,0.1498591718148341,120,117,3
2024-11-17-MIA-IND,2024-11-17,MIA,IND,-3.5,3.5,2.996106383766218,6.993972313625188,0.47128231519184205,0.528717684808158,0.6658142427497775,0.3341857572502225,119,110,9
2024-11-17-CHA-CLE,2024-11-17,CHA,CLE,-10.0,10.0,9.89219604498626,7.269134572105213,0.4940837552583228,0.5059162447416772,0.9132193266615005,0.08678067333849948,128,114,14
2024-11-17-DET-WAS,2024-11-17,DET,WAS,5.0,-5.0,-5.3101570741269235,6.6671667402631805,0.4814478682900907,0.5185521317099093,0.2128812489881018,0.7871187510118982,104,124,-20
2024-11-17-DEN-MEM,2024-11-17,DEN,MEM,-6.0,6.0,6.377198391086208,7.587937062748363,0.5198233633735687,0.4801766366264313,0.7996688606673708,0.20033113933262925,105,90,15
2024-11-17-ATL-POR,2024-11-17,ATL,POR,4.0,-4.0,-2.9681697365289743,6.800934255432705,0.560295675108001,0.43970432489199895,0.3312603618032669,0.6687396381967331,114,110,4
2024-11-17-BKN-NYK,2024-11-17,BKN,NYK,-10.0,10.0,9.557934794493901,7.134969865819564,0.4752983212119065,0.5247016787880935,0.909810673323215,0.09018932667678503,114,104,10
2024-11-17-HOU-CHI,2024-11-17,HOU,CHI,5.0,-5.0,-5.206157066880616,6.811362743830095,0.4879272007361417,0.5120727992638583,0.22233407350239065,0.7776659264976093,107,143,-36
2024-11-17-DAL-OKC,2024-11-17,DAL,OKC,-7.5,7.5,8.150957803195544,7.517510487867481,0.5345021686116846,0.46549783138831535,0.8608758774686597,0.13912412253134032,119,121,-2
2024-11-17-UTA-LAC,2024-11-17,UTA,LAC,-9.5,9.5,9.319328544721623,6.807212435158841,0.48941284385574346,0.5105871561442565,0.914506210789031,0.08549378921096895,116,105,11
2024-11-18-CHI-DET,2024-11-18,CHI,DET,-4.0,4.0,4.004501879030175,7.208849127712585,0.5002491368230677,0.4997508631769323,0.7107229898855062,0.2892770101144938,112,122,-10
2024-11-18-PHI-MIA,2024-11-18,PHI,MIA,-2.5,2.5,1.2401615516568825,6.793237893455348,0.426436172110254,0.573563827889746,0.5724276732567901,0.4275723267432099,106,89,17
2024-11-18-WAS-NYK,2024-11-18,WAS,NYK,-14.5,14.5,13.461877886226336,7.146673826791332,0.44225300336281537,0.5577469966371846,0.9701942661531967,0.029805733846803295,134,106,28
2024-11-18-IND-TOR,2024-11-18,IND,TOR,3.0,-3.0,-2.974065800477912,6.604627064317721,0.5015665111760793,0.4984334888239207,0.32624694760209627,0.6737530523979037,130,119,11
2024-11-18-HOU-MIL,2024-11-18,HOU,MIL,-3.5,3.5,3.5115982728102706,7.0326923104835934,0.5006579328515882,0.4993420671484118,0.6912247362697597,0.30877526373024033,101,100,1
2024-11-18-ORL-PHX,2024-11-18,ORL,PHX,4.5,-4.5,-5.985108788939728,6.816269855858962,0.4137624533361407,0.5862375466638593,0.18995498707343572,0.8100450129265643,99,109,-10
2024-11-18-ATL-SAC,2024-11-18,ATL,SAC,-4.0,4.0,4.18689653105167,7.034347980100904,0.510598303795747,0.489401696204253,0.7241476043522881,0.2758523956477119,108,109,-1
2024-11-18-GSW-LAC,2024-11-18,GSW,LAC,5.0,-5.0,-5.371136752498836,7.134681229820925,0.47925690159521994,0.5207430984047801,0.22577878941280904,0.774221210587191,102,99,3
2024-11-20-NOP-CLE,2024-11-20,NOP,CLE,-14.0,14.0,13.025093568285037,6.933621896291064,0.44409074123222825,0.5559092587677718,0.9698464086290686,0.030153591370931432,128,100,28
2024-11-20-CHI-MIL,2024-11-20,CHI,MIL,-9.0,9.0,9.190055800243238,7.250276369906555,0.5104565133677951,0.4895434866322049,0.8975198625545848,0.10248013744541518,122,106,16
2024-11-20-IND-HOU,2024-11-20,IND,HOU,-6.0,6.0,6.553202757136253,7.484144559696608,0.5294616390726699,0.47053836092733015,0.8093793538426508,0.1906206461573492,130,113,17
2024-11-20-PHI-MEM,2024-11-20,PHI,MEM,5.0,-5.0,-5.407936542064622,7.100055102277453,0.4770912144867463,0.5229087855132537,0.2231269127856681,0.7768730872143319,117,111,6
2024-11-20-POR-OKC,2024-11-20,POR,OKC,-13.0,13.0,12.429724100675845,7.51115711847658,0.4697398445845432,0.5302601554154568,0.9510209924245095,0.04897900757549045,109,99,10
2024-11-20-NYK-PHX,2024-11-20,NYK,PHX,4.5,-4.5,-4.128085982606754,6.827683697192752,0.5217202336635367,0.4782797663364633,0.2727190733870568,0.7272809266129432,122,138,-16
2024-11-20-ATL-GSW,2024-11-20,ATL,GSW,-7.0,7.0,7.355889812636724,7.364047564859836,0.5192725866739081,0.4807274133260919,0.841076547018583,0.15892345298141697,120,97,23
2024-11-20-ORL-LAC,2024-11-20,ORL,LAC,3.5,-3.5,-4.0137951953237865,6.825988026668085,0.4699997658418785,0.5300002341581215,0.2782605299004217,0.7217394700995783,104,93,11
2024-11-21-DET-CHA,2024-11-21,DET,CHA,2.5,-2.5,-2.5963841616387695,6.828719654832028,0.4943693045701525,0.5056306954298475,0.35189277590099066,0.6481072240990093,123,121,2
2024-11-21-MIN-TOR,2024-11-21,MIN,TOR,7.0,-7.0,-6.593745056662002,6.845729197224545,0.5236610578001653,0.47633894219983475,0.16772582921962176,0.8322741707803782,110,105,5
2024-11-21-UTA-SAS,2024-11-21,UTA,SAS,-3.0,3.0,2.9730445878599294,6.836325623352979,0.49842698749059733,0.5015730125094027,0.6681785944841303,0.3318214055158697,126,118,8
2024-11-21-ORL-LAL,2024-11-21,ORL,LAL,-5.0,5.0,3.817730130338198,6.865647394011703,0.4316398404439473,0.5683601595560527,0.7109159888156665,0.28908401118433347,118,119,-1
2024-11-23-NYK-UTA,2024-11-23,NYK,UTA,8.5,-8.5,-8.539196479383865,6.767267722986192,0.49768931183498843,0.5023106881650116,0.10350351848854866,0.8964964815114513,121,106,15
2024-11-23-DET-ORL,2024-11-23,DET,ORL,-9.0,9.0,9.231495409890773,7.315877694015126,0.5126215747597602,0.4873784252402398,0.8964975133331156,0.10350248666688444,111,100,11
2024-11-23-MEM-CHI,2024-11-23,MEM,CHI,4.0,-4.0,-4.7613336022460615,7.3171196647785415,0.45856552343335255,0.5414344765666474,0.257616382819305,0.742383617180695,131,142,-11
2024-11-23-POR-HOU,2024-11-23,POR,HOU,-12.0,12.0,12.118413443234788,7.611727839244817,0.5062059790760789,0.4937940209239211,0.9443156576527476,0.05568434234725239,98,104,-6
2024-11-23-CHA-MIL,2024-11-23,CHA,MIL,-8.0,8.0,7.275602328591117,7.19386517458174,0.4598956603370091,0.5401043396629909,0.8440784143918055,0.15592158560819447,125,119,6
2024-11-23-GSW-SAS,2024-11-23,GSW,SAS,3.5,-3.5,-3.2300732871210376,6.992428775735579,0.515396429902726,0.48460357009727395,0.3220626490243115,0.6779373509756885,104,94,10
2024-11-23-DEN-LAL,2024-11-23,DEN,LAL,-4.0,4.0,3.7308958716505876,7.047179409083793,0.48476966127955246,0.5152303387204475,0.7017418611910994,0.2982581388089006,102,127,-25
2024-11-24-MIN-BOS,2024-11-24,MIN,BOS,-8.0,8.0,7.8239820745337205,7.443598653965513,0.4905671366655028,0.5094328633344972,0.8533941469930817,0.1466058530069183,107,105,2
2024-11-24-WAS-IND,2024-11-24,WAS,IND,-12.0,12.0,11.036290937266001,6.837686708466096,0.44395835343506507,0.5560416465649349,0.946740483409551,0.05325951659044903,115,103,12
2024-11-24-DAL-MIA,2024-11-24,DAL,MIA,-2.5,2.5,3.2133160577567503,7.0847399900394,0.5400991248231877,0.45990087517681233,0.6749252637435631,0.3250747362564369,123,118,5
2024-11-24-LAC-PHI,2024-11-24,LAC,PHI,1.5,-1.5,-1.817379657727072,6.710110929897982,0.48113757413606417,0.5188624258639358,0.3932562895420608,0.6067437104579392,99,125,-26
2024-11-24-TOR-CLE,2024-11-24,TOR,CLE,-11.5,11.5,11.024879362828093,7.203681681642173,0.47370672597615304,0.526293274023847,0.9370473908833999,0.06295260911660006,122,108,14
2024-11-24-BKN-SAC,2024-11-24,BKN,SAC,-10.5,10.5,9.950112515447717,6.917972591618865,0.46832271633920486,0.5316772836607951,0.924825371070294,0.07517462892970606,103,108,-5
2024-11-25-ORL-CHA,2024-11-25,ORL,CHA,4.5,-4.5,-4.440216286749311,6.811688323851481,0.5035013264802841,0.4964986735197159,0.25724815433440484,0.7427518456655952,84,95,-11
2024-11-25-TOR-DET,2024-11-25,TOR,DET,-4.0,4.0,3.9910990473020993,6.666658722653468,0.49946735456849156,0.5005326454315084,0.7253020395709004,0.27469796042909955,102,100,2
2024-11-25-NOP-IND,2024-11-25,NOP,IND,-8.0,8.0,6.6225616781303325,6.742602034008314,0.4190638967560647,0.5809361032439353,0.8369985311885237,0.16300146881147626,114,110,4
2024-11-25-DAL-ATL,2024-11-25,DAL,ATL,-2.5,2.5,3.6239546681095187,7.03825111259965,0.563438275567179,0.43656172443282104,0.6966865225642332,0.30331347743576675,119,129,-10
2024-11-25-LAC-BOS,2024-11-25,LAC,BOS,-10.5,10.5,9.75598309773275,7.263060270680772,0.45920431821997054,0.5407956817800295,0.9104017495705334,0.08959825042946656,126,94,32
2024-11-25-POR-MEM,2024-11-25,POR,MEM,-10.5,10.5,10.47852611458022,7.371992732049405,0.4988379222531938,0.5011620777468062,0.9223992668122882,0.07760073318771177,123,98,25
2024-11-25-NYK-DEN,2024-11-25,NYK,DEN,-2.5,2.5,3.0451228962798598,7.472729898579157,0.5290763683133395,0.4709236316866605,0.6581788886638521,0.3418211113361479,118,145,-27
2024-11-25-BKN-GSW,2024-11-25,BKN,GSW,-13.5,13.5,13.89592770006692,7.190633286240029,0.5219553016823496,0.4780446983176504,0.9733513365478381,0.02664866345216188,120,128,-8
2024-11-25-OKC-SAC,2024-11-25,OKC,SAC,3.5,-3.5,-4.388026158771574,7.122217651735021,0.45038688607542887,0.5496131139245711,0.2689129701029207,0.7310870298970793,109,130,-21
2024-11-27-MIA-CHA,2024-11-27,MIA,CHA,4.5,-4.5,-4.034239218991105,6.625409625638967,0.5280222274446036,0.4719777725553964,0.2712939965393011,0.7287060034606989,94,98,-4
2024-11-27-ATL-CLE,2024-11-27,ATL,CLE,-9.0,9.0,9.346722077548733,7.338094288946155,0.5188428548524979,0.4811571451475021,0.8986197449365495,0.1013802550634505,124,135,-11
2024-11-27-POR-IND,2024-11-27,POR,IND,-9.5,9.5,8.920437313171258,6.875626860296134,0.46641200069453703,0.533587999305463,0.9027531793430619,0.09724682065693813,121,114,7
2024-11-27-CHI-ORL,2024-11-27,CHI,ORL,-9.5,9.5,10.669658587271543,7.59446565377256,0.5612008879631885,0.43879911203681154,0.9199782861097339,0.08002171389026613,133,119,14
2024-11-27-HOU-PHI,2024-11-27,HOU,PHI,5.0,-5.0,-4.526381695616602,6.59251322829039,0.5286361137782647,0.4713638862217353,0.246169225506762,0.753830774493238,115,122,-7
2024-11-27-LAC-WAS,2024-11-27,LAC,WAS,9.0,-9.0,-9.977626325692315,6.50448488196503,0.44026383017007464,0.5597361698299254,0.06251962017049162,0.9374803798295084,96,121,-25
2024-11-27-NYK-DAL,2024-11-27,NYK,DAL,4.0,-4.0,-3.5275860782944846,7.300125497718064,0.5257987930928782,0.47420120690712175,0.3144688229328205,0.6855311770671795,129,114,15
2024-11-27-DET-MEM,2024-11-27,DET,MEM,-8.0,8.0,8.166517357864349,7.534301794964954,0.5088163984526239,0.49118360154737606,0.8607980092657463,0.13920199073425366,131,111,20
2024-11-27-SAC-MIN,2024-11-27,SAC,MIN,-3.0,3.0,2.2465501784223862,6.915476870901532,0.4566205800617854,0.5433794199382146,0.62735584731062,0.37264415268938,104,115,-11
2024-11-27-TOR-NOP,2024-11-27,TOR,NOP,-1.0,1.0,0.5226590483980413,6.292755233807507,0.46976697615694474,0.5302330238430553,0.5330969976038552,0.4669030023961448,93,119,-26
2024-11-27-LAL-SAS,2024-11-27,LAL,SAS,2.0,-2.0,-2.0618512044004285,7.044073940753692,0.496497091928614,0.503502908071386,0.38487298058907293,0.6151270194109271,101,119,-18
2024-11-27-BKN-PHX,2024-11-27,BKN,PHX,-9.5,9.5,8.642883397357782,6.8998124241801255,0.45056928688624176,0.5494307131137582,0.8948290484908116,0.10517095150918843,117,127,-10
2024-11-27-DEN-UTA,2024-11-27,DEN,UTA,11.0,-11.0,-11.683058079112609,6.646412802016957,0.45907238554365903,0.540927614456341,0.03939085391375019,0.9606091460862498,103,122,-19
2024-11-27-OKC-GSW,2024-11-27,OKC,GSW,4.0,-4.0,-3.402651553485086,7.157166866952111,0.5332577367828764,0.46674226321712364,0.3172442550127923,0.6827557449872077,101,105,-4
2024-11-30-ATL-CHA,2024-11-30,ATL,CHA,5.5,-5.5,-5.063756877126953,6.748585799138148,0.5257705396022136,0.47422946039778635,0.2265239522714867,0.7734760477285133,104,107,-3
2024-11-30-PHI-DET,2024-11-30,PHI,DET,2.0,-2.0,-3.2317967873621765,6.69707112824973,0.42703392158615905,0.572966078413841,0.3147010102992589,0.6852989897007411,96,111,-15
2024-11-30-WAS-MIL,2024-11-30,WAS,MIL,-14.5,14.5,14.043176884098804,6.92897628939812,0.47371702450935615,0.5262829754906438,0.9786550779519307,0.02134492204806926,124,114,10
2024-11-30-GSW-PHX,2024-11-30,GSW,PHX,-1.0,1.0,1.0989911823271803,6.81751625583864,0.5057924878911781,0.49420751210882186,0.5640324962297746,0.4359675037702254,113,105,8
2024-11-30-DAL-UTA,2024-11-30,DAL,UTA,6.5,-6.5,-6.175903498667848,6.7885041405461575,0.5190390539972194,0.4809609460027806,0.18147478114045024,0.8185252188595498,94,106,-12
2024-12-01-ORL-BKN,2024-12-01,ORL,BKN,6.5,-6.5,-7.358484740451099,6.569198259960738,0.4480129077946442,0.5519870922053558,0.1313250106041175,0.8686749893958825,92,100,-8
2024-12-01-IND-MEM,2024-12-01,IND,MEM,-6.0,6.0,6.423381637049598,7.464352522072095,0.5226160690869056,0.4773839309130944,0.8052545628812846,0.1947454371187154,136,121,15
2024-12-01-BOS-CLE,2024-12-01,BOS,CLE,-2.0,2.0,2.139996486993673,7.472790601820417,0.5074734130730105,0.4925265869269895,0.6127033140533109,0.3872966859466891,115,111,4
2024-12-01-NOP-NYK,2024-12-01,NOP,NYK,-12.5,12.5,11.47194980675748,6.805273294813303,0.4399615494585859,0.5600384505414141,0.9540774576856442,0.045922542314355774,118,85,33
2024-12-01-MIA-TOR,2024-12-01,MIA,TOR,5.0,-5.0,-5.07425677252236,6.787358380119027,0.49563547796552687,0.5043645220344731,0.22734950351238248,0.7726504964876175,119,116,3
2024-12-01-OKC-HOU,2024-12-01,OKC,HOU,1.5,-1.5,-0.0966136974464904,7.53965096742195,0.5738302074687396,0.4261697925312604,0.4948880612425963,0.5051119387574037,119,116,3
2024-12-01-LAL-UTA,2024-12-01,LAL,UTA,5.5,-5.5,-6.266638799781946,6.616913361147356,0.4538815560520434,0.5461184439479566,0.171803146826345,0.828196853173655,104,105,-1
2024-12-01-DAL-POR,2024-12-01,DAL,POR,5.5,-5.5,-4.484248557413499,6.891087980663322,0.5585921378250105,0.4414078621749895,0.2576098874476971,0.7423901125523029,131,137,-6
2024-12-01-SAS-SAC,2024-12-01,SAS,SAC,-6.5,6.5,5.907830394142236,7.142389260216454,0.4669618790179725,0.5330381209820275,0.7959241000056585,0.2040758999943415,125,127,-2
2024-12-01-DEN-LAC,2024-12-01,DEN,LAC,3.0,-3.0,-2.638046463466855,7.277143527921555,0.5198345755635587,0.4801654244364413,0.35848500565083274,0.6415149943491673,126,122,4
2024-12-02-NOP-ATL,2024-12-02,NOP,ATL,-9.0,9.0,8.918012134025743,6.718762793081205,0.49513189920822875,0.5048681007917712,0.9078001471132267,0.09219985288677335,124,112,12
2024-12-02-MIA-BOS,2024-12-02,MIA,BOS,-9.5,9.5,8.6546686532846,7.256434037966496,0.4536305030468194,0.5463694969531806,0.8835043914982381,0.11649560850176188,108,89,19
2024-12-02-BKN-CHI,2024-12-02,BKN,CHI,-7.5,7.5,7.421465632507436,6.787558854497842,0.4953842049418926,0.5046157950581074,0.8628892373604564,0.13711076263954358,128,102,26
2024-12-02-LAL-MIN,2024-12-02,LAL,MIN,-7.5,7.5,8.060637108127208,6.712811478649128,0.5332799611163799,0.4667200388836201,0.8850825141858865,0.11491748581411354,109,80,29
2024-12-04-DET-BOS,2024-12-04,DET,BOS,-12.5,12.5,12.450585380365949,7.16321518913287,0.49724796419365835,0.5027520358063416,0.9589058749350892,0.041094125064910836,130,120,10
2024-12-04-IND-BKN,2024-12-04,IND,BKN,3.0,-3.0,-2.9990213257999123,6.536373377092543,0.500059732590715,0.499940267409285,0.32318157869938646,0.6768184213006135,99,90,9
2024-12-04-LAL-MIA,2024-12-04,LAL,MIA,-3.5,3.5,3.237550494760374,6.804609508912325,0.4846168614580624,0.5153831385419376,0.6828872348966329,0.31711276510336706,134,93,41
2024-12-04-ORL-PHI,2024-12-04,ORL,PHI,5.5,-5.5,-5.894082281009891,6.694997381787026,0.4765309325621301,0.5234690674378699,0.18932915067807743,0.8106708493219226,102,106,-4
2024-12-04-ATL-MIL,2024-12-04,ATL,MIL,-4.5,4.5,3.965562239392013,7.505636728118781,0.47161735950614925,0.5283826404938508,0.7013698910184557,0.2986301089815443,104,119,-15
2024-12-04-MIN-LAC,2024-12-04,MIN,LAC,4.5,-4.5,-5.080080389043163,7.076729110263058,0.46733523405792887,0.5326647659420711,0.23642269427630436,0.7635773057236956,80,108,-28
2024-12-05-DEN-CLE,2024-12-05,DEN,CLE,-3.5,3.5,3.3000699699759246,7.270988961459333,0.48903168568426847,0.5109683143157315,0.6750381188077621,0.3249618811922379,126,114,12
2024-12-05-DAL-WAS,2024-12-05,DAL,WAS,13.5,-13.5,-13.45482746183342,6.679990801942434,0.5026977728820818,0.49730222711791816,0.02199434849438686,0.9780056515056131,101,137,-36
2024-12-05-CHA-NYK,2024-12-05,CHA,NYK,-14.5,14.5,14.170243648269349,7.249434462416233,0.4818594954215547,0.5181405045784453,0.9746889148589732,0.025311085141026757,125,101,24
2024-12-05-OKC-TOR,2024-12-05,OKC,TOR,10.5,-10.5,-10.20698606212888,6.9273813051548485,0.5168694050655982,0.4831305949344018,0.07031805649642275,0.9296819435035772,92,129,-37
2024-12-05-SAC-MEM,2024-12-05,SAC,MEM,-3.5,3.5,3.8554438826545683,7.256184445856676,0.5195343579162119,0.48046564208378806,0.7024056753458519,0.29759432465414815,115,110,5
2024-12-05-PHX-NOP,2024-12-05,PHX,NOP,1.5,-1.5,-1.0339992628221113,6.4815419225932,0.5286578965581132,0.47134210344188676,0.4366257302626544,0.5633742697373456,126,124,2
2024-12-05-CHI-SAS,2024-12-05,CHI,SAS,-2.5,2.5,2.9895602472670295,7.3460809695847455,0.5265667929082393,0.47343320709176073,0.6579812733280551,0.3420187266719449,124,139,-15
2024-12-05-HOU-GSW,2024-12-05,HOU,GSW,4.5,-4.5,-4.173484226196418,7.1955557490543525,0.5180967616845722,0.4819032383154278,0.28095440869130595,0.719045591308694,99,93,6
2024-12-06-ORL-PHI,2024-12-06,ORL,PHI,2.5,-2.5,-2.6295437197475713,6.735948720868389,0.4923281361622933,0.5076718638377067,0.34812975987287065,0.6518702401271294,102,94,8
2024-12-06-LAL-ATL,2024-12-06,LAL,ATL,-3.5,3.5,3.4509720681260077,6.893435798680503,0.49716264129838494,0.5028373587016151,0.6916796989794173,0.3083203010205827,134,132,2
2024-12-06-MIL-BOS,2024-12-06,MIL,BOS,-8.0,8.0,7.8817060935629115,7.481778822427184,0.4936926129805751,0.5063073870194249,0.8539334025646744,0.14606659743532557,111,105,6
2024-12-06-IND-CHI,2024-12-06,IND,CHI,3.0,-3.0,-3.9028608790825916,6.944538352712526,0.4482791750194659,0.5517208249805341,0.2870565219750165,0.7129434780249835,123,132,-9
2024-12-06-SAC-SAS,2024-12-06,SAC,SAS,7.0,-7.0,-7.159736463209185,6.627263529097684,0.49038525344478434,0.5096147465552157,0.13999410604784912,0.8600058939521509,113,140,-27
2024-12-06-MIN-GSW,2024-12-06,MIN,GSW,1.5,-1.5,-1.9214471110780404,7.171901884241942,0.47657018192172507,0.5234298180782749,0.3943830703497988,0.6056169296502012,90,107,-17
2024-12-06-UTA-POR,2024-12-06,UTA,POR,-4.0,4.0,4.548393640234671,6.701881560261803,0.5326077849044958,0.4673922150955042,0.7513278194875563,0.24867218051244366,99,141,-42
2024-12-07-CLE-CHA,2024-12-07,CLE,CHA,13.5,-13.5,-12.714621037581237,6.770492863157924,0.5461738338851666,0.4538261661148334,0.030194265757464867,0.9698057342425351,102,116,-14
2024-12-07-DEN-WAS,2024-12-07,DEN,WAS,11.5,-11.5,-11.75960348846711,6.371293503566201,0.4837492720318861,0.5162507279681139,0.0324666679280855,0.9675333320719145,122,113,9
2024-12-07-OKC-NOP,2024-12-07,OKC,NOP,8.0,-8.0,-7.717070587763636,6.6700327851275745,0.5169172580337555,0.48308274196624446,0.12364099916396465,0.8763590008360354,109,119,-10
2024-12-07-DET-NYK,2024-12-07,DET,NYK,-8.0,8.0,7.462086996883241,7.3646304928160315,0.4708871223769424,0.5291128776230576,0.8445255705660804,0.15547442943391965,111,120,-9
2024-12-07-DAL-TOR,2024-12-07,DAL,TOR,8.0,-8.0,-7.6812272275327125,7.127133645200395,0.5178374021257001,0.48216259787429994,0.14057395501199244,0.8594260449880076,118,125,-7
2024-12-07-MEM-BOS,2024-12-07,MEM,BOS,-7.0,7.0,6.929593501515584,7.716428878552817,0.4963600080066911,0.5036399919933089,0.8154155286860962,0.18458447131390376,121,127,-6
2024-12-07-PHX-MIA,2024-12-07,PHX,MIA,-5.5,5.5,5.950682327490552,7.008822348130648,0.5256351781775641,0.4743648218224359,0.8020669814844827,0.19793301851551726,121,111,10
2024-12-08-PHI-CHI,2024-12-08,PHI,CHI,3.0,-3.0,-3.943652442977135,6.683425883995456,0.4438587679491136,0.5561412320508864,0.2775736993770632,0.7224263006229368,100,108,-8
2024-12-08-MIL-BKN,2024-12-08,MIL,BKN,6.0,-6.0,-5.726554762864268,6.686388519709557,0.5163105188780224,0.4836894811219776,0.19587457009544385,0.8041254299045562,113,118,-5
2024-12-08-CHA-IND,2024-12-08,CHA,IND,-12.0,12.0,11.77585875451604,6.829320361815585,0.48690889224951384,0.5130911077504862,0.9576739648083096,0.042326035191690425,109,113,-4
2024-12-08-DEN-ATL,2024-12-08,DEN,ATL,-1.0,1.0,1.4122487301709974,7.143543445644984,0.5230098981327256,0.4769901018672744,0.5783584726278967,0.42164152737210325,111,141,-30
2024-12-08-CLE-MIA,2024-12-08,CLE,MIA,2.5,-2.5,-2.3549529261137527,7.26188529460391,0.5079678431606651,0.4920321568393349,0.37285944589383846,0.6271405541061615,122,113,9
2024-12-08-PHX-ORL,2024-12-08,PHX,ORL,-2.0,2.0,2.3584700547216984,6.909385899028043,0.5206884856166092,0.4793115143833908,0.6335772850055533,0.3664227149944467,115,110,5
2024-12-08-MEM-WAS,2024-12-08,MEM,WAS,10.0,-10.0,-9.986075974470477,6.806739847260215,0.5008160850491763,0.4991839149508237,0.07117626632536889,0.9288237336746311,112,140,-28
2024-12-08-NOP-SAS,2024-12-08,NOP,SAS,-7.0,7.0,6.811911001374843,6.5386338079470825,0.4885256906754507,0.5114743093245493,0.8512464560724318,0.14875354392756823,121,116,5
2024-12-08-MIN-GSW,2024-12-08,MIN,GSW,-1.5,1.5,1.5603104201693483,7.107563332612962,0.5033851387177082,0.4966148612822918,0.586880683406253,0.413119316593747,114,106,8
2024-12-08-HOU-LAC,2024-12-08,HOU,LAC,3.0,-3.0,-2.7165722956850136,7.122969807467287,0.5158699906436506,0.4841300093563494,0.3514599168766578,0.6485400831233422,106,117,-11
2024-12-08-UTA-SAC,2024-12-08,UTA,SAC,-11.0,11.0,10.948709365639585,7.125227509365651,0.4971282564811317,0.5028717435188683,0.9378058113805824,0.06219418861941761,141,97,44
2024-12-08-POR-LAL,2024-12-08,POR,LAL,-7.0,7.0,6.559622556963726,6.56781632262811,0.47327062447987533,0.5267293755201247,0.8410426840043796,0.15895731599562035,107,98,9
2024-12-09-NYK-TOR,2024-12-09,NYK,TOR,8.0,-8.0,-7.570113591521688,7.117503866927891,0.5240808650208293,0.4759191349791707,0.14375699356354987,0.8562430064364501,108,113,-5
2024-12-19-UTA-DET,2024-12-19,UTA,DET,-4.5,4.5,4.752631813485107,6.749188581572149,0.5149294956271578,0.48507050437284216,0.7593391133286581,0.2406608866713419,119,126,-7
2024-12-19-OKC-ORL,2024-12-19,OKC,ORL,6.5,-6.5,-5.526809586928198,6.993215016971093,0.5553389673695408,0.4446610326304592,0.21467329781421052,0.7853267021857895,99,105,-6
2024-12-19-CHA-WAS,2024-12-19,CHA,WAS,4.0,-4.0,-3.905592141923642,6.356676707324203,0.5059247785238855,0.4940752214761145,0.26947292106112775,0.7305270789388723,123,114,9
2024-12-19-CHI-BOS,2024-12-19,CHI,BOS,-14.5,14.5,15.484430298006039,7.895391748709123,0.5496132014879234,0.45038679851207664,0.9750720629499005,0.024927937050099547,108,117,-9
2024-12-19-BKN-TOR,2024-12-19,BKN,TOR,-2.5,2.5,2.5539267275134367,6.880046345776715,0.5031269311691959,0.49687306883080407,0.6447586104258406,0.3552413895741594,94,101,-7
2024-12-19-NOP-HOU,2024-12-19,NOP,HOU,-9.0,9.0,9.436861330087876,7.01734724144191,0.5248199125989683,0.4751800874010317,0.9106535372524119,0.08934646274758806,133,113,20
2024-12-19-GSW-MEM,2024-12-19,GSW,MEM,-2.0,2.0,2.7532324367453653,7.348626086143183,0.540819999766087,0.45918000023391303,0.6460431349286873,0.35395686507131274,144,93,51
2024-12-19-NYK-MIN,2024-12-19,NYK,MIN,-3.5,3.5,4.175492198306445,7.464920740740529,0.5360506285885757,0.46394937141142434,0.7120380483547595,0.2879619516452405,107,133,-26
2024-12-19-LAC-DAL,2024-12-19,LAC,DAL,1.0,-1.0,-0.9538690052683091,7.180265428889751,0.5025630636933845,0.49743693630661545,0.44715761651329033,0.5528423834867097,95,118,-23
2024-12-19-IND-PHX,2024-12-19,IND,PHX,-6.0,6.0,5.68900515325826,7.1056431937329805,0.4825449448089225,0.5174550551910775,0.7883276333346627,0.21167236666533729,111,120,-9
2024-12-19-ATL-SAS,2024-12-19,ATL,SAS,-1.0,1.0,1.2248366262228418,6.886951333340408,0.5130218584800127,0.4869781415199873,0.5705791732984576,0.42942082670154236,133,126,7
2024-12-19-DEN-POR,2024-12-19,DEN,POR,8.5,-8.5,-8.342180065359146,6.629200467864571,0.5094966350917394,0.49050336490826063,0.10412372417822358,0.8958762758217764,126,124,2
2024-12-19-LAL-SAC,2024-12-19,LAL,SAC,-4.5,4.5,3.953749024166622,6.845440114101125,0.4681990420014349,0.5318009579985651,0.7182241568446561,0.2817758431553439,100,113,-13
2024-12-20-CHA-PHI,2024-12-20,CHA,PHI,-13.5,13.5,14.12027289008885,6.754537434889528,0.5365836645356423,0.4634163354643577,0.9817129637853202,0.018287036214679753,108,98,10
2024-12-20-MIL-CLE,2024-12-20,MIL,CLE,-9.0,9.0,9.026121608094135,7.552675818290529,0.5013797749798647,0.49862022502013525,0.8839739173606207,0.1160260826393793,124,101,23
2024-12-20-OKC-MIA,2024-12-20,OKC,MIA,1.0,-1.0,-0.6182282801988289,6.954195674834604,0.5218901537385322,0.4781098462614678,0.4645806755083842,0.5354193244916158,97,104,-7
2024-12-21-LAL-SAC,2024-12-21,LAL,SAC,-4.0,4.0,3.269700722334383,6.97399143351469,0.4582999689005911,0.5417000310994089,0.6804087441133944,0.31959125588660564,99,103,-4
2024-12-21-MIA-ORL,2024-12-21,MIA,ORL,-2.0,2.0,2.282988248925886,7.024120235707041,0.5160682676575332,0.4839317323424668,0.6274175006856852,0.37258249931431475,121,114,7
2024-12-21-MEM-ATL,2024-12-21,MEM,ATL,1.5,-1.5,-0.7127786240026116,7.756834838621891,0.5404182396091248,0.45958176039087517,0.4633925610820553,0.5366074389179447,112,128,-16
2024-12-21-UTA-BKN,2024-12-21,UTA,BKN,-1.5,1.5,1.584039676246614,6.686031392873772,0.5050143493667556,0.4949856506332444,0.5936397096856643,0.40636029031433574,94,105,-11
2024-12-21-PHI-CLE,2024-12-21,PHI,CLE,-9.0,9.0,8.53362597699329,7.3064502684362775,0.474552615259469,0.525447384740531,0.8785881171803889,0.12141188281961113,126,99,27
2024-12-21-BOS-CHI,2024-12-21,BOS,CHI,12.0,-12.0,-11.232970497465526,7.353013720449173,0.5415403060357422,0.4584596939642578,0.06329738078822467,0.9367026192117753,98,123,-25
2024-12-21-WAS-MIL,2024-12-21,WAS,MIL,-8.5,8.5,7.464924978628099,6.993728540188722,0.44117120371755336,0.5588287962824466,0.8570985392040418,0.14290146079595822,112,101,11
2024-12-21-GSW-MIN,2024-12-21,GSW,MIN,-4.0,4.0,4.546541090261456,7.071936145944678,0.5308008292619768,0.4691991707380232,0.7398551998214591,0.2601448001785409,103,113,-10
2024-12-21-NYK-NOP,2024-12-21,NYK,NOP,8.0,-8.0,-8.169496612548476,6.715297588126853,0.489931617304295,0.510068382695705,0.11188770041090912,0.8881122995890909,93,104,-11
2024-12-21-LAC-DAL,2024-12-21,LAC,DAL,-3.5,3.5,3.051809932630798,7.185940262844756,0.4751339277410259,0.5248660722589741,0.6644693202856191,0.3355306797143809,113,97,16
2024-12-21-POR-SAS,2024-12-21,POR,SAS,-6.5,6.5,6.772566329377549,6.764508149304543,0.5160704686403521,0.4839295313596479,0.8416328205682702,0.15836717943172984,114,94,20
2024-12-21-DET-PHX,2024-12-21,DET,PHX,-5.5,5.5,4.917741978380039,7.046508481844087,0.46707258957643827,0.5329274104235617,0.757379409826078,0.242620590173922,125,133,-8
2024-12-22-HOU-TOR,2024-12-22,HOU,TOR,9.0,-9.0,-8.915282567934877,6.642935164851756,0.5050875777937611,0.4949124222062389,0.08978668485060504,0.910213315149395,110,114,-4
2024-12-22-IND-SAC,2024-12-22,IND,SAC,-3.0,3.0,2.1955617982485007,7.435897576974701,0.4569252385614494,0.5430747614385506,0.6161043514633204,0.38389564853667957,95,122,-27
2024-12-22-DEN-NOP,2024-12-22,DEN,NOP,8.5,-8.5,-8.979831685038825,6.855573133684957,0.47210022193312284,0.5278997780668772,0.0951218309968268,0.9048781690031732,129,132,-3
2024-12-23-HOU-CHA,2024-12-23,HOU,CHA,6.0,-6.0,-5.451077597184928,6.305332385866697,0.5346868397967725,0.46531316020322755,0.1936515130779154,0.8063484869220846,101,114,-13
2024-12-23-UTA-CLE,2024-12-23,UTA,CLE,-14.0,14.0,14.369799336154014,7.521970967634063,0.519605125338822,0.48039487466117803,0.9719576464726222,0.028042353527377828,124,113,11
2024-12-23-BOS-ORL,2024-12-23,BOS,ORL,8.5,-8.5,-7.63035975633315,7.125909205342972,0.5485660125797961,0.4514339874202039,0.1421316974214667,0.8578683025785333,108,104,4
2024-12-23-SAS-PHI,2024-12-23,SAS,PHI,-5.5,5.5,5.576590403334875,6.978121606992954,0.5043786191197239,0.4956213808802761,0.7878992985528261,0.21210070144717386,111,106,5
2024-12-23-MIN-ATL,2024-12-23,MIN,ATL,3.5,-3.5,-3.8988755843489105,7.055446563984899,0.4774580378002522,0.5225419621997478,0.29026693272778004,0.70973306727222,117,104,13
2024-12-23-BKN-MIA,2024-12-23,BKN,MIA,-10.0,10.0,9.373475542458188,6.988170700871266,0.4642806875728068,0.5357193124271932,0.9100940886457232,0.08990591135427684,110,95,15
2024-12-23-TOR-NYK,2024-12-23,TOR,NYK,-14.0,14.0,14.087170699970686,7.272867392147393,0.5047815040932164,0.4952184959067836,0.9736241898646615,0.026375810135338518,139,125,14
2024-12-23-MIL-CHI,2024-12-23,MIL,CHI,-3.0,3.0,2.547930514238935,7.213908944408089,0.47501608886612334,0.5249839111338767,0.6380295964966929,0.3619704035033071,91,112,-21
2024-12-23-LAC-MEM,2024-12-23,LAC,MEM,-6.0,6.0,6.275886779481689,7.759028569966684,0.5141821508221215,0.4858178491778785,0.790699155020386,0.209300844979614,110,114,-4
2024-12-23-WAS-OKC,2024-12-23,WAS,OKC,-18.0,18.0,18.605086200295673,7.273564629434793,0.5331496782815246,0.4668503217184754,0.9947347548489853,0.005265245151014675,123,105,18
2024-12-23-POR-DAL,2024-12-23,POR,DAL,-12.5,12.5,12.5475366347382,7.17281605305231,0.50264390366373,0.49735609633627,0.9598819717284269,0.04011802827157307,132,108,24
2024-12-23-PHX-DEN,2024-12-23,PHX,DEN,-4.0,4.0,3.1086218099844896,7.471077575211648,0.4525146725426217,0.5474853274573783,0.661327002932341,0.33867299706765897,117,90,27
2024-12-23-IND-GSW,2024-12-23,IND,GSW,-6.0,6.0,6.27245321329051,7.02507114917673,0.5154682937928781,0.48453170620712194,0.8140357617500569,0.18596423824994313,105,111,-6
2024-12-23-DET-LAL,2024-12-23,DET,LAL,-6.5,6.5,6.7989664664707306,7.065946943669348,0.5168745658413728,0.4831254341586272,0.8320294169804612,0.16797058301953882,114,117,-3
2024-12-25-SAS-NYK,2024-12-25,SAS,NYK,-8.5,8.5,8.460095936927276,7.41162670710797,0.49785211241217364,0.5021478875878264,0.8731613013948059,0.12683869860519414,117,114,3
2024-12-25-MIN-DAL,2024-12-25,MIN,DAL,-5.0,5.0,4.240712996707163,7.230797311125618,0.45818498061374224,0.5418150193862578,0.7212232683601402,0.27877673163985983,99,105,-6
2024-12-25-PHI-BOS,2024-12-25,PHI,BOS,-10.5,10.5,10.52423809287782,7.354203991348848,0.5013148374114762,0.4986851625885238,0.9237921442613914,0.07620785573860855,114,118,-4
2024-12-25-LAL-GSW,2024-12-25,LAL,GSW,-4.0,4.0,3.4275838632579108,6.662325995544485,0.4657656573545458,0.5342343426454542,0.6965391773857461,0.3034608226142539,113,115,-2
2024-12-25-DEN-PHX,2024-12-25,DEN,PHX,2.5,-2.5,-3.0874707413434472,6.965802497470711,0.466394484200504,0.533605515799496,0.3287987511614887,0.6712012488385113,110,100,10
2024-12-26-OKC-IND,2024-12-26,OKC,IND,5.0,-5.0,-4.804492747760013,7.215673379643142,0.5108079402709166,0.4891920597290834,0.2527562981927106,0.7472437018072894,114,120,-6
2024-12-26-MIA-ORL,2024-12-26,MIA,ORL,-1.5,1.5,1.8108085673442322,7.053527135723035,0.5175734156821957,0.4824265843178043,0.6013040164871835,0.39869598351281654,88,89,-1
2024-12-26-CHA-WAS,2024-12-26,CHA,WAS,5.0,-5.0,-4.66350665377486,6.373094724743171,0.5210539907315108,0.4789460092684892,0.23216084525516678,0.7678391547448332,113,110,3
2024-12-26-CHI-ATL,2024-12-26,CHI,ATL,-5.0,5.0,5.607820603360924,7.420545766402936,0.5326410570765469,0.46735894292345315,0.7750900711996198,0.2249099288003802,141,133,8
2024-12-26-TOR-MEM,2024-12-26,TOR,MEM,-11.0,11.0,11.597580467245045,7.7182884386688535,0.5308568602804664,0.4691431397195336,0.9335302298429945,0.0664697701570055,155,126,29
2024-12-26-BKN-MIL,2024-12-26,BKN,MIL,-6.5,6.5,6.299581767766652,6.917878812566373,0.48844383871580155,0.5115561612841985,0.8187530603737747,0.1812469396262253,105,111,-6
2024-12-26-HOU-NOP,2024-12-26,HOU,NOP,7.0,-7.0,-6.801837358538019,6.606435741206092,0.5119646366201224,0.48803536337987763,0.15160419931246172,0.8483958006875383,111,128,-17
2024-12-26-UTA-POR,2024-12-26,UTA,POR,-3.5,3.5,3.439604199748161,6.6029890760127845,0.49635103101973765,0.5036489689802623,0.6987874368938277,0.3012125631061723,122,120,2
2024-12-26-DET-SAC,2024-12-26,DET,SAC,-5.0,5.0,5.493104973338738,7.251869466099156,0.527105967128084,0.472894032871916,0.7756171307005066,0.22438286929949336,113,114,-1
2024-12-27-NYK-ORL,2024-12-27,NYK,ORL,6.5,-6.5,-6.565279193734653,7.067734462139857,0.4963153312731342,0.5036846687268658,0.1764682326476792,0.8235317673523208,85,108,-23
2024-12-27-IND-BOS,2024-12-27,IND,BOS,-12.0,12.0,12.355790111767904,7.493122769298329,0.5189355500548913,0.48106444994510866,0.9504211334957798,0.049578866504220165,142,105,37
2024-12-27-SAS-BKN,2024-12-27,SAS,BKN,8.0,-8.0,-8.220118328752944,6.649130937857956,0.48679549677465506,0.5132045032253449,0.10817918682101646,0.8918208131789835,87,96,-9
2024-12-27-MIN-HOU,2024-12-27,MIN,HOU,-1.0,1.0,0.3406316080333017,7.141432396760837,0.46321793021160584,0.5367820697883942,0.5190215117295145,0.4809784882704855,112,113,-1
2024-12-27-MEM-NOP,2024-12-27,MEM,NOP,7.0,-7.0,-6.691809058759837,7.205437421435236,0.5170583562833406,0.4829416437166594,0.17651799804965074,0.8234820019503493,124,132,-8
2024-12-27-CLE-DEN,2024-12-27,CLE,DEN,3.5,-3.5,-3.6292687045518495,7.708186341106215,0.49330992632042125,0.5066900736795787,0.31887998886682967,0.6811200111331703,135,149,-14
2024-12-27-DAL-PHX,2024-12-27,DAL,PHX,-1.0,1.0,0.5449883867490393,7.025242881692483,0.47417932145353126,0.5258206785464687,0.5309172279439838,0.46908277205601623,89,98,-9
2024-12-27-GSW-LAC,2024-12-27,GSW,LAC,-5.5,5.5,5.978397863932095,6.899767567736701,0.5276386596317164,0.4723613403682836,0.806882026895092,0.19311797310490797,102,92,10
2024-12-28-MIA-ATL,2024-12-28,MIA,ATL,1.0,-1.0,-1.2949515044269573,7.16670320874659,0.4835858395524033,0.5164141604475967,0.42830545960286115,0.5716945403971389,120,110,10
2024-12-28-OKC-CHA,2024-12-28,OKC,CHA,14.0,-14.0,-13.94619719279624,6.574426348849805,0.5032647677344477,0.4967352322655523,0.016949135570025975,0.983050864429974,94,106,-12
2024-12-28-NYK-WAS,2024-12-28,NYK,WAS,13.0,-13.0,-12.495163054347138,6.615815811167925,0.5304128053583419,0.4695871946416581,0.029467319034306994,0.970532680965693,132,136,-4
2024-12-28-MIL-CHI,2024-12-28,MIL,CHI,2.0,-2.0,-2.3731906876992515,7.063155488708573,0.47893118707961757,0.5210688129203824,0.36843701102800663,0.6315629889719934,116,111,5
2024-12-28-PHX-GSW,2024-12-28,PHX,GSW,-7.0,7.0,6.99415275783018,6.822186505441989,0.49965806976431637,0.5003419302356836,0.8473672161434124,0.15263278385658763,109,105,4
2024-12-28-DET-DEN,2024-12-28,DET,DEN,-6.5,6.5,5.842754367070289,7.348232772738149,0.4643650527932385,0.5356349472067615,0.7867292384885665,0.21327076151143354,134,121,13
2024-12-28-PHI-UTA,2024-12-28,PHI,UTA,7.0,-7.0,-7.925295639961193,6.4742158137834975,0.4431766378404345,0.5568233621595655,0.11045119222853494,0.889548807771465,111,114,-3
2024-12-28-DAL-POR,2024-12-28,DAL,POR,3.5,-3.5,-3.917784168396932,6.576201435108049,0.47467235103252736,0.5253276489674726,0.2756705073329695,0.7243294926670305,126,122,4
2024-12-28-SAC-LAL,2024-12-28,SAC,LAL,3.5,-3.5,-2.817013390182127,6.799398439852173,0.5400057051182474,0.4599942948817526,0.3393259890793451,0.6606740109206549,132,122,10
2024-12-29-BKN-ORL,2024-12-29,BKN,ORL,-8.5,8.5,8.291313586844295,6.805784454318573,0.4877691117425499,0.5122308882574501,0.8884401596568428,0.11155984034315725,102,101,1
2024-12-29-IND-BOS,2024-12-29,IND,BOS,-10.5,10.5,10.658249487732117,7.513475267611894,0.5084019367680803,0.4915980632319197,0.9219850516891057,0.07801494831089428,114,123,-9
2024-12-29-ATL-TOR,2024-12-29,ATL,TOR,-1.0,1.0,1.5045093688698432,6.770293881131326,0.5297009262832342,0.4702990737167658,0.5879295301402159,0.4120704698597841,107,136,-29
2024-12-29-MIA-HOU,2024-12-29,MIA,HOU,-8.5,8.5,8.580985605330927,7.255588650393073,0.5044528311584069,0.4955471688415931,0.8815305284300028,0.11846947156999721,100,104,-4
2024-12-29-MEM-OKC,2024-12-29,MEM,OKC,-8.0,8.0,8.419154227765956,8.390421042702227,0.5199213860812004,0.4800786139187996,0.8421719614068448,0.1578280385931552,130,106,24
2024-12-29-SAS-MIN,2024-12-29,SAS,MIN,-6.0,6.0,6.242588552501376,7.180398276053975,0.5134756344935265,0.4865243655064735,0.8076839158314235,0.19231608416857648,112,110,2
2024-12-30-CHI-CHA,2024-12-30,CHI,CHA,4.0,-4.0,-3.707759301204891,6.745400415469242,0.5172785455865098,0.48272145441349024,0.2912721029860218,0.7087278970139782,108,115,-7
2024-12-30-NYK-WAS,2024-12-30,NYK,WAS,13.0,-13.0,-12.69654246036385,6.713102941017179,0.5180275540627362,0.48197244593726385,0.029291648893075783,0.9707083511069242,106,126,-20
2024-12-30-LAC-NOP,2024-12-30,LAC,NOP,4.5,-4.5,-4.4419929956739095,6.771063744750229,0.5034176555406182,0.49658234445938176,0.25590373900168073,0.7440962609983193,113,116,-3
2024-12-30-DEN-UTA,2024-12-30,DEN,UTA,7.5,-7.5,-7.680760679850184,6.707089582055758,0.4892495324341041,0.5107504675658959,0.126069281871536,0.873930718128464,121,132,-11
2024-12-30-CLE-GSW,2024-12-30,CLE,GSW,3.5,-3.5,-2.874899886914716,7.321245875502289,0.5340210127352016,0.46597898726479836,0.34727827238684017,0.6527217276131598,95,113,-18
2024-12-30-PHI-POR,2024-12-30,PHI,POR,7.0,-7.0,-7.749178186846759,6.336547365936527,0.452942197893073,0.547057802106927,0.11067734342773017,0.8893226565722698,103,125,-22
2024-12-30-DAL-SAC,2024-12-30,DAL,SAC,-8.5,8.5,8.293292320244957,7.4088360036903795,0.4888708920398339,0.5111291079601661,0.868510667305024,0.13148933269497598,110,100,10
2024-12-31-TOR-BOS,2024-12-31,TOR,BOS,-17.0,17.0,17.119836334218746,7.269182841169935,0.5065764771785193,0.4934235228214807,0.9907417692914524,0.009258230708547588,125,71,54
2024-12-31-MIL-IND,2024-12-31,MIL,IND,2.0,-2.0,-3.084436062864866,7.129889920878907,0.4395551490399061,0.5604448509600939,0.332650366929123,0.667349633070877,112,120,-8
2024-12-31-LAC-SAS,2024-12-31,LAC,SAS,-3.5,3.5,3.445703774031346,6.967300981147594,0.49689107144700095,0.503108928552999,0.6895423685238503,0.3104576314761497,122,86,36
2024-12-31-MIN-OKC,2024-12-31,MIN,OKC,-6.5,6.5,6.680034582498009,7.4353277314309585,0.5096588061607468,0.49034119383925323,0.8155187110301785,0.18448128896982152,113,105,8
2024-12-31-MEM-PHX,2024-12-31,MEM,PHX,-5.5,5.5,5.967274687371885,7.299926471074192,0.5255192165706879,0.4744807834293121,0.7931623795594294,0.20683762044057064,112,117,-5
2024-12-31-CLE-LAL,2024-12-31,CLE,LAL,4.5,-4.5,-3.3746859433230876,7.201628019189878,0.5620852826629343,0.43791471733706566,0.3196776370834228,0.6803223629165772,110,122,-12
2025-01-01-ORL-DET,2025-01-01,ORL,DET,-2.0,2.0,1.3448229101464528,6.608920550478611,0.4605154363000973,0.5394845636999027,0.5806224125093032,0.41937758749069676,105,96,9
2025-01-01-CHI-WAS,2025-01-01,CHI,WAS,6.5,-6.5,-6.268072674743708,6.805840387275938,0.5135924008963688,0.4864075991036312,0.17852929164199205,0.821470708358008,125,107,18
2025-01-01-NOP-MIA,2025-01-01,NOP,MIA,-9.0,9.0,9.391752911645966,6.9173713762670435,0.5225813084160168,0.4774186915839832,0.9127214187840655,0.08727858121593446,119,108,11
2025-01-01-UTA-NYK,2025-01-01,UTA,NYK,-12.0,12.0,12.203306705811855,7.50708586060869,0.5108028240153539,0.48919717598464607,0.9479796056327819,0.05202039436721806,119,103,16
2025-01-01-BKN-TOR,2025-01-01,BKN,TOR,-1.0,1.0,-0.3733799268295317,6.619053145363695,0.41781403791665406,0.5821859620833459,0.47750764721440897,0.522492352785591,130,113,17
2025-01-01-DAL-HOU,2025-01-01,DAL,HOU,-4.5,4.5,5.099933551455809,7.135860286615622,0.533500824837446,0.466499175162554,0.7625999317926846,0.2374000682073154,110,99,11
2025-01-01-ATL-DEN,2025-01-01,ATL,DEN,-8.0,8.0,7.239894692531589,7.632148315152709,0.46033389419777304,0.539666105802227,0.8285892478102899,0.17141075218971014,139,120,19
2025-01-01-PHI-SAC,2025-01-01,PHI,SAC,-6.0,6.0,5.458464799355729,7.198160087065757,0.47001488407498626,0.5299851159250137,0.7758684539829149,0.22413154601708507,113,107,6
2025-01-02-IND-MIA,2025-01-02,IND,MIA,-2.0,2.0,1.3920192635692212,7.212225352519814,0.46640949971390366,0.5335905002860963,0.5765237611373724,0.42347623886262764,115,128,-13
2025-01-02-BOS-MIN,2025-01-02,BOS,MIN,3.0,-3.0,-2.39930256050787,7.21419635634719,0.5331799919040623,0.4668200080959377,0.3697254024634946,0.6302745975365054,115,118,-3
2025-01-02-BKN-MIL,2025-01-02,BKN,MIL,-12.5,12.5,12.477360671560819,7.090110121085358,0.49872614531899273,0.5012738546810073,0.9607813497969917,0.0392186502030083,110,113,-3
2025-01-02-LAC-OKC,2025-01-02,LAC,OKC,-12.0,12.0,11.871930673160607,7.5187196811187,0.4932049868926479,0.5067950131073521,0.9428300235426063,0.057169976457393745,116,98,18
2025-01-02-PHI-GSW,2025-01-02,PHI,GSW,-4.0,4.0,4.670410516516158,6.699569305480685,0.5398547123622288,0.4601452876377712,0.757136466410115,0.242863533589885,139,105,34
2025-01-02-POR-LAL,2025-01-02,POR,LAL,-6.5,6.5,6.341172682305032,7.092307722528385,0.491066710716658,0.508933289283342,0.8143635554529559,0.1856364445470441,114,106,8
2025-01-03-CHA-DET,2025-01-03,CHA,DET,-7.5,7.5,6.504580011046181,6.9006701294130375,0.44265162570186856,0.5573483742981314,0.8270575395493938,0.17294246045060624,98,94,4
2025-01-03-ORL-TOR,2025-01-03,ORL,TOR,2.0,-2.0,-2.781538174784896,6.4303558221453905,0.451632114879877,0.548367885120123,0.33266590158910847,0.6673340984108915,97,106,-9
2025-01-03-BOS-HOU,2025-01-03,BOS,HOU,3.5,-3.5,-2.303102754957699,7.3572661838673294,0.5646157220032333,0.4353842779967667,0.37712595474513055,0.6228740452548694,86,109,-23
2025-01-03-WAS-NOP,2025-01-03,WAS,NOP,-7.5,7.5,7.164623357299767,6.87019162881668,0.4805328862581846,0.5194671137418154,0.851492598960776,0.148507401039224,132,120,12
2025-01-03-NYK-OKC,2025-01-03,NYK,OKC,-3.5,3.5,3.453277588005102,7.76518158608429,0.49759961400612984,0.5024003859938702,0.6717364314200894,0.32826356857991057,117,107,10
2025-01-03-CLE-DAL,2025-01-03,CLE,DAL,9.5,-9.5,-9.147752927439202,7.309639050614695,0.5192173484358391,0.4807826515641609,0.10538255011980513,0.8946174498801949,122,134,-12
2025-01-03-SAS-DEN,2025-01-03,SAS,DEN,-6.0,6.0,5.028682376821549,7.470277770676532,0.4482736014164681,0.5517263985835319,0.7495768295446394,0.25042317045536056,110,113,-3
2025-01-03-MEM-SAC,2025-01-03,MEM,SAC,-3.5,3.5,3.794643496642576,7.783933394641902,0.5150974678178483,0.48490253218215174,0.687046884834035,0.312953115165965,138,133,5
2025-01-03-ATL-LAL,2025-01-03,ATL,LAL,-3.0,3.0,2.5657215281848,7.359296120914882,0.4764717248188781,0.5235282751811219,0.636319005639923,0.36368099436007695,119,102,17
2025-01-04-PHI-BKN,2025-01-04,PHI,BKN,9.0,-9.0,-9.068856686670491,6.453401463015518,0.49574343506303575,0.5042565649369642,0.07996854036269496,0.920031459637305,94,123,-29
2025-01-04-MIN-DET,2025-01-04,MIN,DET,6.5,-6.5,-6.88538560268926,6.8085754833161864,0.4774307337926096,0.5225692662073904,0.1559408879422175,0.8440591120577825,119,105,14
2025-01-04-PHX-IND,2025-01-04,PHX,IND,-3.0,3.0,2.3916396657360552,7.03034669832293,0.4655211731044744,0.5344788268955256,0.6331425272115669,0.36685747278843306,126,108,18
2025-01-04-UTA-MIA,2025-01-04,UTA,MIA,-8.5,8.5,8.287640672817233,7.149156119762371,0.48815151661934886,0.5118484833806511,0.8768223230608618,0.12317767693913817,100,136,-36
2025-01-04-NYK-CHI,2025-01-04,NYK,CHI,6.0,-6.0,-4.669129331162225,6.975360241185452,0.5756572794760829,0.4243427205239171,0.25162825860697746,0.7483717413930225,139,126,13
2025-01-04-POR-MIL,2025-01-04,POR,MIL,-12.5,12.5,12.999017858861531,7.3309326256948015,0.5271351134854425,0.4728648865145575,0.9619000462016446,0.0380999537983554,102,105,-3
2025-01-04-DEN-SAS,2025-01-04,DEN,SAS,3.0,-3.0,-2.5604800462128687,7.306298438328555,0.523984428883999,0.476015571116001,0.3630011325766975,0.6369988674233025,111,122,-11
2025-01-04-MEM-GSW,2025-01-04,MEM,GSW,-3.0,3.0,3.9120418919939706,7.336776098996704,0.5494654765350047,0.45053452346499534,0.7030558668163633,0.29694413318363666,121,113,8
2025-01-04-ATL-LAC,2025-01-04,ATL,LAC,-7.0,7.0,7.138216983340896,7.151725508138467,0.5077096312027396,0.4922903687972604,0.8408872684240917,0.15911273157590833,131,105,26
2025-01-05-BOS-OKC,2025-01-05,BOS,OKC,-1.0,1.0,1.9445480805690214,7.710148497451428,0.5487512958984957,0.4512487041015043,0.5995591984101456,0.4004408015898544,105,92,13
2025-01-05-CHA-CLE,2025-01-05,CHA,CLE,-16.0,16.0,15.272674309930883,7.358138023148146,0.4606301007732003,0.5393698992267997,0.9810352931090184,0.01896470689098162,115,105,10
2025-01-05-NOP-WAS,2025-01-05,NOP,WAS,6.0,-6.0,-5.631485757058233,6.647260007912253,0.5221054449204152,0.4778945550795848,0.19844488357916945,0.8015551164208305,98,110,-12
2025-01-05-UTA-ORL,2025-01-05,UTA,ORL,-9.5,9.5,10.330139867197087,7.106863624385877,0.5464939727274466,0.4535060272725534,0.9269636311270322,0.07303636887296783,92,105,-13
2025-01-05-LAL-HOU,2025-01-05,LAL,HOU,-4.5,4.5,4.486015724780338,7.150070246826418,0.49921973982121604,0.500780260178784,0.7348042914572788,0.26519570854272123,119,115,4
2025-01-05-SAC-GSW,2025-01-05,SAC,GSW,-3.0,3.0,2.686571999253914,6.928299011576721,0.4819584801047556,0.5180415198952444,0.6509061009353805,0.3490938990646195,99,129,-30
2025-01-06-POR-DET,2025-01-06,POR,DET,-6.0,6.0,6.161831164715159,7.01530906069059,0.5092020989789097,0.49079790102109033,0.8101205606994103,0.1898794393005897,118,115,3
2025-01-06-PHX-PHI,2025-01-06,PHX,PHI,1.5,-1.5,-1.7107259285767378,6.751290449581234,0.48754996027740005,0.5124500397226,0.399982486349415,0.600017513650585,99,109,-10
2025-01-06-IND-BKN,2025-01-06,IND,BKN,11.0,-11.0,-10.517982198509506,6.611461245175112,0.5290596972772287,0.4709403027227713,0.055819301094295226,0.9441806989057048,99,113,-14
2025-01-06-ORL-NYK,2025-01-06,ORL,NYK,-10.5,10.5,9.807696400029727,6.96601322468149,0.46041707245222185,0.5395829275477781,0.9204248956183116,0.07957510438168836,94,103,-9
2025-01-06-MIL-TOR,2025-01-06,MIL,TOR,6.0,-6.0,-6.147980114056231,6.537688105023591,0.490970740336538,0.509029259663462,0.17350863381218595,0.826491366187814,104,128,-24
2025-01-06-SAS-CHI,2025-01-06,SAS,CHI,3.0,-3.0,-2.9714526381090285,7.071153007882468,0.5016105886413071,0.49838941135869286,0.33716171571992803,0.662838284280072,114,110,4
2025-01-06-DAL-MEM,2025-01-06,DAL,MEM,-4.5,4.5,4.50837082179576,7.504321946897442,0.5004450067663851,0.49955499323361485,0.7260033759818352,0.2739966240181648,119,104,15
2025-01-06-LAC-MIN,2025-01-06,LAC,MIN,-2.5,2.5,1.9337254069772873,6.815805719356463,0.4668929461858715,0.5331070538141285,0.611684424945468,0.38831557505453196,108,106,2
2025-01-06-MIA-SAC,2025-01-06,MIA,SAC,-4.0,4.0,2.7758730813971546,7.004771993994764,0.4306356263668053,0.5693643736331947,0.6540519203128308,0.34594807968716923,123,118,5
2025-01-07-PHX-CHA,2025-01-07,PHX,CHA,5.0,-5.0,-4.682700308968825,6.473024369089577,0.5195478310824819,0.4804521689175181,0.23471165440961106,0.7652883455903889,115,104,11
2025-01-07-HOU-WAS,2025-01-07,HOU,WAS,13.5,-13.5,-12.997444139807557,6.5908153403558485,0.5303902715266349,0.46960972847336513,0.024301717862531214,0.9756982821374688,112,135,-23
2025-01-07-LAL-DAL,2025-01-07,LAL,DAL,6.5,-6.5,-6.960185090789219,6.9628002227426675,0.47365230723996155,0.5263476927600385,0.1587461518727995,0.8412538481272005,118,97,21
2025-01-07-MIN-NOP,2025-01-07,MIN,NOP,4.0,-4.0,-3.6757904546427667,6.5333329371970805,0.5197889548616486,0.48021104513835144,0.2868464870244356,0.7131535129755644,97,104,-7
2025-01-07-ATL-UTA,2025-01-07,ATL,UTA,5.5,-5.5,-5.666704285794688,7.023176109267026,0.4905314714557597,0.5094685285442403,0.2098742127100499,0.7901257872899501,121,124,-3
2025-01-07-BOS-DEN,2025-01-07,BOS,DEN,10.5,-10.5,-9.805302195245565,7.080012502400621,0.5390818880805428,0.4609181119194572,0.08303735790214695,0.916962642097853,106,118,-12
2025-01-07-MIA-GSW,2025-01-07,MIA,GSW,-9.0,9.0,8.460384345284153,6.747988476452258,0.4681317946339598,0.5318682053660402,0.8950360827937748,0.10496391720622522,98,114,-16
2025-01-08-OKC-CLE,2025-01-08,OKC,CLE,-3.0,3.0,3.3239927149259714,7.668119777559774,0.5168510597856536,0.4831489402143464,0.6676677186925608,0.3323322813074392,129,122,7
2025-01-08-CHI-IND,2025-01-08,CHI,IND,-5.0,5.0,4.689644404759813,7.195831889055088,0.48279898762496787,0.5172010123750321,0.742708052899191,0.25729194710080905,129,113,16
2025-01-08-TOR-NYK,2025-01-08,TOR,NYK,-12.0,12.0,11.54948288434557,7.031058352881673,0.4744551378458137,0.5255448621541863,0.9497710622003226,0.05022893779967741,112,98,14
2025-01-08-WAS-PHI,2025-01-08,WAS,PHI,-10.5,10.5,10.446029091305679,7.001383024949216,0.4969247412869412,0.5030752587130588,0.932149783644765,0.06785021635523503,109,103,6
2025-01-08-DET-BKN,2025-01-08,DET,BKN,9.5,-9.5,-8.855794759910204,6.6575093366642815,0.5385429743233825,0.4614570256766175,0.09172678976254767,0.9082732102374523,98,113,-15
2025-01-08-POR-NOP,2025-01-08,POR,NOP,-2.0,2.0,1.6785367407443381,6.869582971102436,0.48133824183533336,0.5186617581646666,0.596517533973548,0.403482466026452,100,119,-19
2025-01-08-LAC-DEN,2025-01-08,LAC,DEN,3.5,-3.5,-4.582949947918822,7.137167495297224,0.4396984263904381,0.5603015736095619,0.26039618205467274,0.7396038179453273,126,103,23
2025-01-08-SAS-MIL,2025-01-08,SAS,MIL,-4.5,4.5,4.7230525481597585,7.453314599524822,0.5119372140083209,0.48806278599167907,0.7368567431926673,0.26314325680733275,121,105,16
2025-01-09-TOR-CLE,2025-01-09,TOR,CLE,-13.5,13.5,13.114579560549783,7.289467140005905,0.47891630574831856,0.5210836942516814,0.963999644618167,0.036000355381832994,132,126,6
2025-01-09-GSW-DET,2025-01-09,GSW,DET,2.5,-2.5,-2.720174594241822,7.016874024378099,0.4874840929284826,0.5125159070715174,0.34913313366678855,0.6508668663332114,104,107,-3
2025-01-09-MIN-ORL,2025-01-09,MIN,ORL,5.5,-5.5,-4.439341640706119,6.587240344990584,0.5639600350500498,0.43603996494995023,0.25017777611682235,0.7498222238831777,89,104,-15
2025-01-09-HOU-MEM,2025-01-09,HOU,MEM,-3.0,3.0,4.313013882654822,7.391024653008113,0.5705009851343108,0.4294990148656892,0.7202376012636529,0.2797623987363471,115,119,-4
2025-01-09-POR-DAL,2025-01-09,POR,DAL,-7.5,7.5,7.903386844029418,7.0157387249466705,0.5229255175544094,0.4770744824455906,0.8700277682143263,0.12997223178567374,117,111,6
2025-01-09-ATL-PHX,2025-01-09,ATL,PHX,-6.0,6.0,5.740394956974444,7.1033638438484585,0.4854231911105019,0.5145768088894981,0.7904902427597837,0.20950975724021625,123,115,8
2025-01-09-MIA-UTA,2025-01-09,MIA,UTA,5.5,-5.5,-5.983165548749227,6.726354978469683,0.4713679203905756,0.5286320796094244,0.18686430475242677,0.8131356952475732,92,97,-5
2025-02-19-CHA-LAL,2025-02-19,CHA,LAL,-13.0,13.0,12.292930022038973,6.976895320158441,0.459638495480695,0.540361504519305,0.960960997741435,0.03903900225856505,97,100,-3
2025-01-10-GSW-IND,2025-01-10,GSW,IND,-11.0,11.0,10.718802655328915,7.084925188744069,0.48417032482172095,0.515829675178279,0.9348478157331994,0.06515218426680058,108,96,12
2025-01-10-MIL-ORL,2025-01-10,MIL,ORL,6.0,-6.0,-6.129022965997675,6.955591930910885,0.4926002322864108,0.5073997677135892,0.1891143066168237,0.8108856933831763,106,109,-3
2025-01-10-NOP-PHI,2025-01-10,NOP,PHI,-7.0,7.0,6.877521588122849,6.943268329937444,0.492963071465259,0.507036928534741,0.8390426447978931,0.16095735520210686,115,123,-8
2025-01-10-SAC-BOS,2025-01-10,SAC,BOS,-12.0,12.0,12.341811476750982,7.3654999951013895,0.5185071102072405,0.4814928897927595,0.9530941063758762,0.046905893624123784,97,114,-17
2025-01-10-OKC-NYK,2025-01-10,OKC,NYK,2.5,-2.5,-2.799177899029373,7.198803430747063,0.48342497257716355,0.5165750274228365,0.3486975025335277,0.6513024974664723,101,126,-25
2025-01-10-WAS-CHI,2025-01-10,WAS,CHI,-10.0,10.0,10.126316866160053,7.10762813686119,0.5070896345534681,0.4929103654465319,0.9228796387739796,0.0771203612260204,138,105,33
2025-01-10-BKN-DEN,2025-01-10,BKN,DEN,-15.0,15.0,13.93863246257652,7.036212024374313,0.44004954678378705,0.559950453216213,0.976203537937013,0.023796462062987023,124,105,19
2025-01-28-HOU-ATL,2025-01-28,HOU,ATL,5.0,-5.0,-4.197158397424976,7.110606558972111,0.5449480990734866,0.4550519009265134,0.2775057358125903,0.7224942641874097,96,100,-4
2025-01-11-UTA-PHX,2025-01-11,UTA,PHX,-10.5,10.5,10.091428807359947,7.085344221364806,0.47700802790151664,0.5229919720984834,0.9228155416637476,0.07718445833625243,114,106,8
2025-01-11-TOR-DET,2025-01-11,TOR,DET,-5.0,5.0,5.139755748042216,6.8897238194079256,0.5080918560733201,0.4919081439266799,0.7721672472429416,0.2278327527570584,123,114,9
2025-01-11-MEM-MIN,2025-01-11,MEM,MIN,-2.5,2.5,2.8054159753980596,7.212319861614065,0.5168887324062834,0.4831112675937166,0.6513528777825524,0.34864712221744765,125,127,-2
2025-01-11-MIA-POR,2025-01-11,MIA,POR,4.5,-4.5,-5.3109274545731395,6.552779443731519,0.4507553421471088,0.5492446578528912,0.2088308286973799,0.7911691713026201,98,119,-21
2025-03-17-SAS-LAL,2025-03-17,SAS,LAL,-9.0,9.0,9.305943000356853,7.274651465335191,0.5167729861406833,0.48322701385931666,0.8995917354962571,0.10040826450374285,125,109,16
2025-03-16-CHA-LAC,2025-03-16,CHA,LAC,-13.5,13.5,12.906309586365746,7.000300191445515,0.466206508181197,0.533793491818803,0.9673850649753498,0.03261493502465018,123,88,35
2025-01-12-MIL-NYK,2025-01-12,MIL,NYK,-5.0,5.0,4.551919439077426,7.250518990100134,0.475361134816626,0.524638865183374,0.7349344875999833,0.26506551240001675,140,106,34
2025-01-12-DEN-DAL,2025-01-12,DEN,DAL,5.5,-5.5,-4.6667617764411755,6.917473756959134,0.5479382896056533,0.4520617103943467,0.24995421879045865,0.7500457812095414,101,112,-11
2025-01-12-SAC-CHI,2025-01-12,SAC,CHI,5.0,-5.0,-4.495511473177561,7.00661354402144,0.5286997475309674,0.4713002524690326,0.26056330461720045,0.7394366953827995,119,124,-5
2025-01-12-NOP-BOS,2025-01-12,NOP,BOS,-14.5,14.5,14.647120851605,7.277059650784932,0.5080648961047806,0.49193510389521944,0.9779311158359276,0.022068884164072378,120,119,1
2025-01-12-IND-CLE,2025-01-12,IND,CLE,-9.0,9.0,9.525727184513421,7.452773767852787,0.5281185228786387,0.4718814771213613,0.8994008868716618,0.10059911312833825,93,108,-15
2025-01-12-PHI-ORL,2025-01-12,PHI,ORL,-2.0,2.0,2.184312186556958,6.849985456165376,0.5107330231623608,0.4892669768376392,0.6250906259335847,0.37490937406641534,104,99,5
2025-01-12-OKC-WAS,2025-01-12,OKC,WAS,15.5,-15.5,-15.441014610495106,6.707314833996931,0.5035083283056982,0.49649167169430175,0.010664324862902808,0.9893356751370972,95,136,-41
2025-01-12-BKN-UTA,2025-01-12,BKN,UTA,-3.5,3.5,2.518226052280267,6.6749023698613,0.4415327051655068,0.5584672948344932,0.6470127182662903,0.35298728173370975,112,111,1
2025-01-12-CHA-PHX,2025-01-12,CHA,PHX,-7.0,7.0,5.378976702161369,6.8894816149473295,0.4069919875392314,0.5930080124607686,0.7825258213838784,0.21747417861612162,120,113,7
2025-01-13-MIN-WAS,2025-01-13,MIN,WAS,14.5,-14.5,-14.965873550612859,6.497618379506422,0.47142067636960416,0.5285793236303958,0.010631377958841393,0.9893686220411586,106,120,-14
2025-01-13-DET-NYK,2025-01-13,DET,NYK,-8.5,8.5,7.781104811754476,7.401406990289287,0.4613117647702921,0.5386882352297079,0.8534397614765541,0.1465602385234459,119,124,-5
2025-01-13-GSW-TOR,2025-01-13,GSW,TOR,5.5,-5.5,-6.237120093335634,6.407350637461571,0.4542055657513978,0.5457944342486022,0.16516932263362283,0.8348306773663772,104,101,3
2025-01-13-MEM-HOU,2025-01-13,MEM,HOU,-2.5,2.5,3.5075644137846598,7.26085353581348,0.555182730829614,0.444817269170386,0.6854801069159504,0.3145198930840496,120,118,2
2025-01-13-SAS-LAL,2025-01-13,SAS,LAL,-4.5,4.5,4.0234548655180005,7.002138022702701,0.4728700943461388,0.5271299056538612,0.7172203471520056,0.28277965284799444,102,126,-24
2025-01-13-MIA-LAC,2025-01-13,MIA,LAC,-8.5,8.5,8.487523079104161,6.9436878686662284,0.4992831520237997,0.5007168479762003,0.8892097978451219,0.11079020215487811,109,98,11
2025-01-14-CLE-IND,2025-01-14,CLE,IND,8.0,-8.0,-7.459931269978388,7.27762445702949,0.5295781488358777,0.4704218511641223,0.15266972278538282,0.8473302772146172,117,127,-10
2025-01-14-OKC-PHI,2025-01-14,OKC,PHI,16.0,-16.0,-16.06531696330198,6.9036288211895345,0.4962255633655255,0.5037744366344745,0.00998042523860565,0.9900195747613943,102,118,-16
2025-01-14-PHX-ATL,2025-01-14,PHX,ATL,2.5,-2.5,-2.184774155325717,6.764680213601612,0.5185834977808333,0.48141650221916665,0.37335979905259176,0.6266402009474082,122,117,5
2025-01-14-NOP-CHI,2025-01-14,NOP,CHI,-1.5,1.5,1.8531329468023414,7.100820494108777,0.5198317383344261,0.4801682616655739,0.6029439068488274,0.39705609315117263,113,119,-6
2025-01-14-SAC-MIL,2025-01-14,SAC,MIL,-2.0,2.0,2.514543843416857,7.257890143000903,0.5282591040346567,0.4717408959653433,0.6355001973703189,0.36449980262968107,130,115,15
2025-01-14-DEN-DAL,2025-01-14,DEN,DAL,2.5,-2.5,-2.216195745524735,7.079894106175448,0.5159876969609709,0.4840123030390291,0.37713019622248367,0.6228698037775163,99,118,-19
2025-01-14-BKN-POR,2025-01-14,BKN,POR,-3.5,3.5,3.1875545413324025,6.48017674110364,0.4807722181084664,0.5192277818915336,0.688602559032475,0.311397440967525,114,132,-18
2025-01-15-NYK-PHI,2025-01-15,NYK,PHI,5.5,-5.5,-5.868881760602275,6.825398391497033,0.47844947470215105,0.521550525297849,0.19493332418838571,0.8050666758116143,119,125,-6
2025-01-15-BOS-TOR,2025-01-15,BOS,TOR,14.0,-14.0,-13.971553643781178,6.58410944099564,0.5017236072722,0.4982763927278,0.01691840088329688,0.9830815991167031,110,97,13
2025-01-15-ATL-CHI,2025-01-15,ATL,CHI,-6.0,6.0,6.120743961340915,7.4615540029730365,0.5064554607574585,0.4935445392425415,0.7939786388542107,0.20602136114578928,94,110,-16
2025-01-15-ORL-MIL,2025-01-15,ORL,MIL,-6.5,6.5,5.19824429623251,7.041200561910764,0.4266627741916955,0.5733372258083045,0.769822092309504,0.23017790769049595,122,93,29
2025-01-15-GSW-MIN,2025-01-15,GSW,MIN,-7.0,7.0,6.844689857964312,6.904024825774103,0.4910263131457733,0.5089736868542267,0.8392562513095122,0.1607437486904878,115,116,-1
2025-01-15-DAL-NOP,2025-01-15,DAL,NOP,-1.0,1.0,0.25600057404727294,6.778683779103976,0.45630154829724534,0.5436984517027547,0.5150626854040854,0.4849373145959146,119,116,3
2025-01-15-MEM-SAS,2025-01-15,MEM,SAS,2.5,-2.5,-1.8023203920340594,7.324721241202416,0.5379418669926681,0.4620581330073319,0.40281792060575006,0.5971820793942499,115,129,-14
2025-01-15-HOU-DEN,2025-01-15,HOU,DEN,5.5,-5.5,-5.5779191020431576,7.26941737981708,0.4957239174196504,0.5042760825803496,0.22144769416545407,0.7785523058345459,108,128,-20
2025-01-15-CHA-UTA,2025-01-15,CHA,UTA,6.0,-6.0,-6.098106240647955,6.576509194762908,0.4940489286004631,0.5059510713995369,0.1768968707825893,0.8231031292174107,112,117,-5
2025-01-15-MIA-LAL,2025-01-15,MIA,LAL,-4.5,4.5,3.414800682520349,6.706608876590159,0.4357275666545606,0.5642724333454394,0.6946832898056519,0.30531671019434814,117,108,9
2025-01-15-BKN-LAC,2025-01-15,BKN,LAC,-15.5,15.5,15.330440889131443,6.871885238764773,0.49015736835847235,0.5098426316415277,0.987155892261248,0.012844107738751998,126,67,59
2025-01-16-IND-DET,2025-01-16,IND,DET,1.5,-1.5,-0.7788941320686918,7.03783626623492,0.5408047362093501,0.4591952637906499,0.45593807209392256,0.5440619279060774,100,111,-11
2025-01-16-PHX-WAS,2025-01-16,PHX,WAS,11.5,-11.5,-11.283788503543986,6.219628642882363,0.513865544534587,0.486134455465413,0.03482176005375026,0.9651782399462497,123,130,-7
2025-01-16-CLE-OKC,2025-01-16,CLE,OKC,-2.5,2.5,3.403387033836059,7.922800319460494,0.5453904983113407,0.4546095016886593,0.6662452951975069,0.33375470480249314,134,114,20
2025-01-16-LAC-POR,2025-01-16,LAC,POR,7.0,-7.0,-7.531519946599385,6.536987468423068,0.4675978630761385,0.5324021369238615,0.12463192489397734,0.8753680751060227,89,118,-29
2025-01-16-HOU-SAC,2025-01-16,HOU,SAC,-5.0,5.0,5.6458419702223654,7.138390453248659,0.5360449028095406,0.46395509719045935,0.7855024622302519,0.21449753776974811,132,127,5
2025-01-17-ORL-BOS,2025-01-17,ORL,BOS,-15.0,15.0,14.365156602484058,6.868653794920899,0.46317972190372536,0.5368202780962746,0.9817542413441918,0.018245758655808242,121,94,27
2025-01-17-MIN-NYK,2025-01-17,MIN,NYK,-3.0,3.0,2.707062907129039,6.985425764549234,0.48327507126843106,0.5167249287315689,0.6508181056818612,0.34918189431813884,99,116,-17
2025-01-17-DEN-MIA,2025-01-17,DEN,MIA,3.5,-3.5,-3.4266284177290953,6.983640890064918,0.5041912933849586,0.4958087066150414,0.3118316893494054,0.6881683106505946,113,133,-20
2025-01-17-TOR-MIL,2025-01-17,TOR,MIL,-11.0,11.0,10.921877730172852,7.1269475546881464,0.49562706865521766,0.5043729313447823,0.9372975207223928,0.06270247927760719,130,112,18
2025-01-17-UTA-NOP,2025-01-17,UTA,NOP,-12.0,12.0,11.950115219877977,7.189864868411805,0.4972320775654012,0.5027679224345988,0.9517514180143505,0.04824858198564952,136,123,13
2025-01-17-MEM-SAS,2025-01-17,MEM,SAS,-2.0,2.0,2.4512525503208096,7.2777597039024196,0.524720304598784,0.47527969540121595,0.631871502493251,0.36812849750674903,112,140,-28
2025-01-17-OKC-DAL,2025-01-17,OKC,DAL,2.5,-2.5,-2.2208034979397744,7.158830248439228,0.5155549238765906,0.48444507612340937,0.37819729974899396,0.621802700251006,106,98,8
2025-01-17-CHA-CHI,2025-01-17,CHA,CHI,-4.5,4.5,4.136478322838793,7.079276459292931,0.479523266427902,0.520476733572098,0.7204934661430158,0.2795065338569842,123,125,-2
2025-01-17-BKN-LAL,2025-01-17,BKN,LAL,-9.5,9.5,8.257171865507434,6.571447922884755,0.4249972423008197,0.5750027576991803,0.8955366947748031,0.10446330522519687,102,101,1
2025-01-18-PHX-DET,2025-01-18,PHX,DET,1.0,-1.0,-0.8331776529209268,7.085650973579025,0.5093917044357376,0.49060829556426244,0.45319760888538774,0.5468023911146123,121,125,-4
2025-01-18-ATL-BOS,2025-01-18,ATL,BOS,-9.5,9.5,9.144280468221552,7.537686510346043,0.48118004729499053,0.5188199527050095,0.8874621409092172,0.11253785909078284,115,119,-4
2025-01-18-PHI-IND,2025-01-18,PHI,IND,-10.5,10.5,9.852437341595579,7.465694892956403,0.465439714155794,0.534560285844206,0.9065315005308521,0.09346849946914793,115,102,13
2025-01-18-WAS-GSW,2025-01-18,WAS,GSW,-13.5,13.5,14.10831684777969,6.819362483584193,0.5355402487332259,0.4644597512667741,0.9807204597648777,0.01927954023512235,122,114,8
2025-01-18-CLE-MIN,2025-01-18,CLE,MIN,5.0,-5.0,-5.02357031505449,7.146115728789946,0.498684155344681,0.501315844655319,0.24103437358868518,0.7589656264113148,117,124,-7
2025-01-18-HOU-POR,2025-01-18,HOU,POR,10.5,-10.5,-10.029337815314452,6.490802284867014,0.5289028412389093,0.4710971587610907,0.06115360173670059,0.9388463982632994,103,125,-22
2025-01-19-SAS-MIA,2025-01-19,SAS,MIA,-3.5,3.5,3.071165750575646,6.879192247063533,0.47514688228004254,0.5248531177199575,0.6723612837723238,0.32763871622767615,128,107,21
2025-01-19-DEN-ORL,2025-01-19,DEN,ORL,7.0,-7.0,-6.5423477663152205,6.726119325632672,0.5271235223263322,0.4728764776736678,0.1653567008168797,0.8346432991831203,100,113,-13
2025-01-19-PHI-MIL,2025-01-19,PHI,MIL,-12.5,12.5,12.284808631963841,7.1771645022068755,0.4880403919638785,0.5119596080361215,0.9565195988007715,0.04348040119922847,123,109,14
2025-01-19-BKN-OKC,2025-01-19,BKN,OKC,-16.5,16.5,16.174144316134402,7.282712606375654,0.4821557908759804,0.5178442091240196,0.9868209830240906,0.013179016975909397,127,101,26
2025-01-19-LAL-LAC,2025-01-19,LAL,LAC,-4.5,4.5,5.316933221137182,7.085971208442178,0.545891898062063,0.45410810193793705,0.7734769580363048,0.22652304196369522,116,102,14
2025-01-19-CHI-POR,2025-01-19,CHI,POR,4.5,-4.5,-4.769003529063366,6.8139689530120995,0.48425454937522305,0.515745450624777,0.24199915643951364,0.7580008435604864,113,102,11
2025-01-19-WAS-SAC,2025-01-19,WAS,SAC,-17.5,17.5,18.163853928025866,7.0633895647312395,0.5374395347119236,0.4625604652880764,0.9949377688745007,0.005062231125499306,123,100,23
2025-01-20-DAL-CHA,2025-01-20,DAL,CHA,4.0,-4.0,-3.7543331489098,6.788591370402516,0.5144338495647441,0.48556615043525586,0.2901194940305828,0.7098805059694172,110,105,5
2025-01-20-DET-HOU,2025-01-20,DET,HOU,-8.0,8.0,7.834761688597584,7.270085669321866,0.4909334117099118,0.5090665882900882,0.8594097343609111,0.14059026563908894,96,107,-11
2025-01-20-MIN-MEM,2025-01-20,MIN,MEM,-5.0,5.0,5.6334945052874685,7.177785521609825,0.5351640522916595,0.46483594770834047,0.783729629366124,0.216270370633876,108,106,2
2025-01-20-ATL-NYK,2025-01-20,ATL,NYK,-7.5,7.5,7.614237164329547,6.955277065569397,0.5065521452918769,0.49344785470812313,0.8631852606757546,0.13681473932424537,119,110,9
2025-01-20-PHX-CLE,2025-01-20,PHX,CLE,-8.0,8.0,7.809388265663654,7.265308181925128,0.48953459987022974,0.5104654001297703,0.858787429441589,0.14121257055841097,118,92,26
2025-01-20-BOS-GSW,2025-01-20,BOS,GSW,9.0,-9.0,-8.555857933898096,6.751637244745679,0.5262246522401094,0.4737753477598906,0.10253704262428598,0.897462957375714,85,125,-40
2025-01-20-UTA-NOP,2025-01-20,UTA,NOP,-11.0,11.0,11.306632723521945,7.25863166233656,0.5168478564371921,0.4831521435628079,0.9403455582434564,0.05965444175654355,123,119,4
2025-01-21-NYK-BKN,2025-01-21,NYK,BKN,11.5,-11.5,-10.77306776119195,6.154333127305077,0.5470125793384684,0.45298742066153164,0.040017331003229684,0.9599826689967703,95,99,-4
2025-01-21-POR-MIA,2025-01-21,POR,MIA,-9.0,9.0,8.649373599340107,6.884269684991447,0.4796900396662872,0.5203099603337128,0.8955139082251315,0.10448609177486845,107,116,-9
2025-01-21-ORL-TOR,2025-01-21,ORL,TOR,1.0,-1.0,-1.4991456176271574,6.124873813909632,0.46752421375858,0.53247578624142,0.4033197744124236,0.5966802255875764,109,93,16
2025-01-21-PHI-DEN,2025-01-21,PHI,DEN,-12.0,12.0,11.42166054287002,7.1560227569884844,0.46779312365971704,0.532206876340283,0.9447657147065922,0.05523428529340779,144,109,35
2025-01-21-WAS-LAL,2025-01-21,WAS,LAL,-13.5,13.5,12.706844411405987,6.690320601518072,0.45281486942090365,0.5471851305790963,0.9712366781002465,0.028763321899753502,111,88,23
2025-01-20-CHI-LAC,2025-01-20,CHI,LAC,-6.5,6.5,6.603249085331621,7.427791355618931,0.5055452687274152,0.49445473127258477,0.8129963824438156,0.18700361755618444,99,112,-13
2025-01-22-DET-ATL,2025-01-22,DET,ATL,-4.0,4.0,4.219594517796076,7.190229761610012,0.5121820753628787,0.48781792463712126,0.7213481557603967,0.2786518442396033,104,114,-10
2025-01-22-PHX-BKN,2025-01-22,PHX,BKN,13.0,-13.0,-13.351405078082305,6.366671556320909,0.47799176626847595,0.522008233731524,0.01799334791087015,0.9820066520891299,84,108,-24
2025-01-22-MIN-DAL,2025-01-22,MIN,DAL,3.5,-3.5,-3.4236629993285095,6.864542107484145,0.5044363380656511,0.49556366193434886,0.30897916278914217,0.6910208372108578,114,115,-1
2025-01-22-CLE-HOU,2025-01-22,CLE,HOU,1.0,-1.0,-0.4174778587604565,7.305175722125924,0.5317783817616164,0.4682216182383836,0.4772135587901294,0.5227864412098706,109,108,1
2025-01-22-CHA-MEM,2025-01-22,CHA,MEM,-11.5,11.5,11.025017456027225,7.322816122044198,0.47414139215325,0.52585860784675,0.9339112936846216,0.06608870631537844,132,120,12
2025-04-06-MIL-NOP,2025-04-06,MIL,NOP,6.5,-6.5,-6.911295364762667,6.359094700887024,0.4742150747491912,0.5257849252508088,0.13855456684173717,0.8614454331582628,107,111,-4
2025-01-22-UTA-OKC,2025-01-22,UTA,OKC,-16.0,16.0,16.493843621040817,7.609490499955648,0.5258725455583331,0.47412745444166693,0.9849029912156433,0.015097008784356714,123,114,9
2025-01-22-GSW-SAC,2025-01-22,GSW,SAC,-7.5,7.5,8.34708055848156,7.247971323070219,0.54651901900246,0.45348098099754,0.875266243252117,0.124733756747883,123,117,6
2025-01-22-BOS-LAC,2025-01-22,BOS,LAC,12.0,-12.0,-11.296833941561784,6.979521374281885,0.5401243621560239,0.4598756378439761,0.05277006090023373,0.9472299390997663,113,117,-4
2025-01-23-POR-ORL,2025-01-23,POR,ORL,-7.0,7.0,7.209776492722079,6.666719445828959,0.5125511362454256,0.4874488637545744,0.8602532636137727,0.13974673638622725,79,101,-22
2025-01-23-TOR-ATL,2025-01-23,TOR,ATL,-5.0,5.0,4.751292801929238,6.9921516083608095,0.4858128221004754,0.5141871778995246,0.7515951433778327,0.24840485662216727,119,122,-3
2025-01-23-MIA-MIL,2025-01-23,MIA,MIL,-6.0,6.0,6.070501156906774,7.165780844593467,0.5039249649368077,0.4960750350631923,0.8015446261742898,0.1984553738257102,125,96,29
2025-01-23-DAL-OKC,2025-01-23,DAL,OKC,-11.5,11.5,11.055005276403271,7.487690009279163,0.47630473988940625,0.5236952601105938,0.9300849488730454,0.06991505112695462,115,121,-6
2025-01-23-SAC-DEN,2025-01-23,SAC,DEN,-7.5,7.5,7.636193253210349,7.557565511468855,0.5071888634371884,0.4928111365628116,0.8438490768123799,0.15615092318762014,132,123,9
2025-03-19-WAS-UTA,2025-03-19,WAS,UTA,-2.5,2.5,2.5371254395657608,6.95538845840845,0.5021294047459345,0.4978705952540655,0.6423588999073172,0.3576411000926828,128,112,16
2025-01-23-CHI-GSW,2025-01-23,CHI,GSW,-4.0,4.0,3.505003783715126,7.0223151157946555,0.4719022138048278,0.5280977861951722,0.6911538728788198,0.3088461271211802,131,106,25
2025-01-23-BOS-LAL,2025-01-23,BOS,LAL,6.5,-6.5,-6.547137372584014,6.6529649192216525,0.4971734506636325,0.5028265493363675,0.1625348511033441,0.8374651488966559,117,96,21
2025-01-24-POR-CHA,2025-01-24,POR,CHA,1.5,-1.5,-1.0147829660972212,6.715501224945886,0.5287998302680001,0.47120016973199985,0.43994426208856163,0.5600557379114384,97,102,-5
2025-01-24-CLE-PHI,2025-01-24,CLE,PHI,9.0,-9.0,-8.179112227246954,6.581870069045016,0.5496272041670635,0.45037279583293655,0.10699417856867321,0.8930058214313268,132,129,3
2025-01-24-NOP-MEM,2025-01-24,NOP,MEM,-9.5,9.5,9.305459681054005,7.566569189877013,0.48974412221616304,0.510255877783837,0.8906162950371139,0.10938370496288607,139,126,13
2025-01-25-DEN-MIN,2025-01-25,DEN,MIN,3.5,-3.5,-2.7927319109322175,7.085926460021241,0.5397536351012789,0.46024636489872106,0.34674483849707793,0.6532551615029221,133,104,29
2025-01-25-BOS-DAL,2025-01-25,BOS,DAL,9.0,-9.0,-9.035027164937622,6.71402612558187,0.4979187221784661,0.5020812778215339,0.08920055121844062,0.9107994487815594,107,122,-15
2025-01-25-MIA-BKN,2025-01-25,MIA,BKN,7.0,-7.0,-6.431341036127421,6.256511672306274,0.5362102951747663,0.46378970482523374,0.1519881829571308,0.8480118170428692,97,106,-9
2025-01-25-NOP-CHA,2025-01-25,NOP,CHA,1.5,-1.5,-1.3846084336657905,7.001138739220722,0.5065750004665754,0.49342499953342456,0.4216128881040757,0.5783871118959243,123,92,31
2025-01-25-DET-ORL,2025-01-25,DET,ORL,-3.5,3.5,3.513618136405408,6.923622598155013,0.5007846827022029,0.4992153172977971,0.6940918859765339,0.30590811402346607,121,113,8
2025-01-25-TOR-ATL,2025-01-25,TOR,ATL,-5.5,5.5,5.60343588478428,6.899499702188166,0.5059806368347411,0.49401936316525885,0.7916475165378423,0.20835248346215773,94,117,-23
2025-01-25-HOU-CLE,2025-01-25,HOU,CLE,-4.5,4.5,4.265244140468273,7.258859235539735,0.48710021619408594,0.5128997838059141,0.7215967482494594,0.2784032517505406,131,135,-4
2025-01-25-SAC-NYK,2025-01-25,SAC,NYK,-5.0,5.0,5.430296712624074,7.096817389331098,0.5241739951514314,0.47582600484856863,0.777915886000274,0.22208411399972605,143,120,23
2025-01-25-PHI-CHI,2025-01-25,PHI,CHI,-3.5,3.5,3.8577005385407306,6.697152388735042,0.5212977159934574,0.4787022840065426,0.7176995125071562,0.28230048749284375,97,109,-12
2025-01-25-UTA-MEM,2025-01-25,UTA,MEM,-11.0,11.0,10.198959030850324,7.578428595848121,0.4579101343427665,0.5420898656572335,0.9108145680754082,0.08918543192459183,125,103,22
2025-01-25-LAL-GSW,2025-01-25,LAL,GSW,1.0,-1.0,-1.097604013961011,6.5946210421821965,0.4940956506692272,0.5059043493307728,0.43390562989158277,0.5660943701084172,108,118,-10
2025-01-25-WAS-PHX,2025-01-25,WAS,PHX,-14.0,14.0,13.672641162340708,6.804132660573601,0.4808135846201861,0.5191864153798139,0.9777558817726213,0.022244118227378706,119,109,10
2025-01-25-MIL-LAC,2025-01-25,MIL,LAC,-3.5,3.5,3.7124136120054256,7.723006752671909,0.5109711270116171,0.48902887298838293,0.6846334899457056,0.3153665100542944,127,117,10
2025-01-26-OKC-POR,2025-01-26,OKC,POR,14.0,-14.0,-13.44617184129462,7.033934610237573,0.5313789369326094,0.4686210630673906,0.027962824966789257,0.9720371750332107,108,118,-10
2025-01-27-LAL-CHA,2025-01-27,LAL,CHA,5.0,-5.0,-4.859713362675181,6.796655213811574,0.5082337996550883,0.4917662003449117,0.2372997538853292,0.7627002461146708,107,112,-5
2025-01-27-DET-CLE,2025-01-27,DET,CLE,-11.0,11.0,10.50086616006937,7.17707694864229,0.472277684147263,0.527722315852737,0.928281608795686,0.071718391204314,110,91,19
2025-01-27-HOU-BOS,2025-01-27,HOU,BOS,-5.5,5.5,6.292276062069843,7.275193978390856,0.543359502125994,0.45664049787400596,0.8064516820087171,0.19354831799128291,112,114,-2
2025-01-27-SAC-BKN,2025-01-27,SAC,BKN,12.0,-12.0,-11.345763860487645,6.524961123597607,0.5399336921595443,0.46006630784045566,0.04103279731811316,0.9589672026818868,96,110,-14
2025-01-27-ORL-MIA,2025-01-27,ORL,MIA,1.0,-1.0,-1.7139542163331107,6.451204307815993,0.45593905286052705,0.544060947139473,0.39524293794981247,0.6047570620501875,125,119,6
2025-01-27-MEM-NYK,2025-01-27,MEM,NYK,-3.5,3.5,3.8335701917903604,7.3381933782101765,0.5181283636363954,0.48187163636360464,0.6993087188298879,0.3006912811701121,143,106,37
2025-01-27-NOP-TOR,2025-01-27,NOP,TOR,-1.0,1.0,0.7848677970761903,6.887763228478067,0.4875414737446,0.5124585262554,0.5453616983192527,0.45463830168074726,113,104,9
2025-01-27-DEN-CHI,2025-01-27,DEN,CHI,9.5,-9.5,-9.055223354157741,6.979456085682395,0.5254060174178534,0.4745939825821466,0.0972448985757205,0.9027551014242795,129,121,8
2025-01-27-ATL-MIN,2025-01-27,ATL,MIN,-10.5,10.5,10.148863084454218,7.215302378532158,0.4805929010373855,0.5194070989626145,0.9202232570566309,0.07977674294336912,100,92,8
2025-01-27-WAS-DAL,2025-01-27,WAS,DAL,-13.0,13.0,12.273663807794987,6.819608250125929,0.45759004064664754,0.5424099593533525,0.9640507943507067,0.03594920564929327,130,108,22
2025-01-27-MIL-UTA,2025-01-27,MIL,UTA,8.5,-8.5,-8.411977947241967,6.873908360605143,0.5051084124134009,0.4948915875865991,0.11052238115189073,0.8894776188481093,110,125,-15
2025-01-27-LAC-PHX,2025-01-27,LAC,PHX,1.0,-1.0,-1.889268041291793,7.034012350628195,0.44969814906409666,0.5503018509359033,0.3941224584876101,0.6058775415123899,111,109,2
2025-01-28-LAL-PHI,2025-01-28,LAL,PHI,4.5,-4.5,-4.407459018611455,6.258682947485531,0.5058985517038845,0.49410144829611546,0.24064941534304585,0.7593505846569542,118,104,14
2025-01-28-UTA-GSW,2025-01-28,UTA,GSW,-10.5,10.5,11.243672308670817,6.635882975130425,0.5446153850367232,0.45538461496327676,0.9549029492121024,0.04509705078789761,114,103,11
2025-01-28-MIL-POR,2025-01-28,MIL,POR,5.5,-5.5,-5.307462887247803,6.814565350440886,0.5112701210842496,0.48872987891575037,0.21803669147557247,0.7819633085244275,125,112,13
2025-01-29-BKN-CHA,2025-01-29,BKN,CHA,-1.5,1.5,1.1940138938759528,6.517640224783625,0.48127758456321923,0.5187224154367808,0.5726783816986336,0.4273216183013664,83,104,-21
2025-01-29-DET-IND,2025-01-29,DET,IND,-5.5,5.5,5.726349609172773,7.294225600611812,0.5123777277958008,0.4876222722041992,0.7837885886174702,0.21621141138252975,133,119,14
2025-01-29-TOR-WAS,2025-01-29,TOR,WAS,5.5,-5.5,-5.624336032591559,6.480715130932239,0.4923465456311624,0.5076534543688376,0.19273622445106375,0.8072637755489362,82,106,-24
2025-01-29-CHI-BOS,2025-01-29,CHI,BOS,-14.5,14.5,14.582409112173481,7.270240326111665,0.5045219653893163,0.49547803461068374,0.9775594507047702,0.02244054929522976,122,100,22
2025-01-29-CLE-MIA,2025-01-29,CLE,MIA,6.0,-6.0,-5.425818077556766,6.950460235645007,0.532919427023322,0.46708057297667804,0.21750667234047216,0.7824933276595278,106,126,-20
2025-01-29-DEN-NYK,2025-01-29,DEN,NYK,-3.0,3.0,3.127815452012986,7.2687300386765035,0.5070147549778491,0.4929852450221509,0.6665153348165264,0.33348466518347364,122,112,10
2025-01-29-SAC-PHI,2025-01-29,SAC,PHI,8.0,-8.0,-8.548878594807796,6.696013591161379,0.4673349071459403,0.5326650928540597,0.10085203255623665,0.8991479674437634,117,104,13
2025-01-29-DAL-NOP,2025-01-29,DAL,NOP,1.0,-1.0,-1.5280939943607759,6.799835272319189,0.4690481577620237,0.5309518422379763,0.4110965494678771,0.5889034505321229,136,137,-1
2025-01-29-LAC-SAS,2025-01-29,LAC,SAS,4.0,-4.0,-4.065017597464821,6.728643201756121,0.4961451567300347,0.5038548432699653,0.2728765141906868,0.7271234858093132,116,128,-12
2025-01-29-MIN-PHX,2025-01-29,MIN,PHX,-1.0,1.0,0.7093170354778496,7.072064312358726,0.4836068968355386,0.5163931031644614,0.5399463030006639,0.46005369699933607,113,121,-8
2025-01-29-OKC-GSW,2025-01-29,OKC,GSW,9.0,-9.0,-9.019010487316393,7.067362500535516,0.49892688707914234,0.5010731129208577,0.10095135399680288,0.8990486460031971,116,109,7
2025-01-30-LAL-WAS,2025-01-30,LAL,WAS,8.5,-8.5,-9.155341487326284,6.419448304869993,0.45934385503969766,0.5406561449603023,0.07690701096021191,0.9230929890397881,96,134,-38
2025-01-30-ATL-CLE,2025-01-30,ATL,CLE,-11.5,11.5,10.461410489652186,7.239847389943684,0.44296557673873305,0.557034423261267,0.9257677789690129,0.07423222103098714,137,115,22
2025-01-30-HOU-MEM,2025-01-30,HOU,MEM,-4.0,4.0,4.589472049098341,7.169322524713646,0.5327646892571052,0.4672353107428948,0.738963828045078,0.261036171954922,120,119,1
2025-01-30-MIN-UTA,2025-01-30,MIN,UTA,5.5,-5.5,-5.0742814129298965,6.628109516686059,0.5256061613686229,0.4743938386313771,0.22196611779661946,0.7780338822033805,113,138,-25
2025-01-30-ORL-POR,2025-01-30,ORL,POR,5.0,-5.0,-5.83092461016936,6.314780675031792,0.44765663888077567,0.5523433611192243,0.17790533000323405,0.822094669996766,119,90,29
2025-01-31-LAC-CHA,2025-01-31,LAC,CHA,13.5,-13.5,-13.320601796310765,6.83801714965795,0.5104652149271361,0.48953478507286385,0.02570621830965958,0.9742937816903404,104,112,-8
2025-01-31-DAL-DET,2025-01-31,DAL,DET,1.0,-1.0,-1.125645761350358,6.969713482211904,0.4928085004068621,0.5071914995931379,0.43584771334165784,0.5641522866583422,117,102,15
2025-01-31-DEN-PHI,2025-01-31,DEN,PHI,9.5,-9.5,-9.433172216145417,6.637086361929328,0.5040168195136605,0.4959831804863395,0.07761737878459485,0.9223826212154052,134,137,-3
2025-01-31-CHI-TOR,2025-01-31,CHI,TOR,-4.5,4.5,4.508024136111155,7.164246160761573,0.5004468253068524,0.49955317469314764,0.7354037478192099,0.2645962521807901,106,122,-16
2025-01-31-BOS-NOP,2025-01-31,BOS,NOP,12.0,-12.0,-11.953213678235912,6.833348509511007,0.5027314421386091,0.4972685578613909,0.040124175377408644,0.9598758246225914,116,118,-2
2025-01-31-MIL-SAS,2025-01-31,MIL,SAS,2.5,-2.5,-3.10100604884997,6.924750388133695,0.46541881861819845,0.5345811813818016,0.3271434130018229,0.6728565869981771,144,118,26
2025-01-31-PHX-GSW,2025-01-31,PHX,GSW,3.0,-3.0,-2.921146813634622,6.778790347875217,0.5046405271370473,0.4953594728629527,0.3332616357289526,0.6667383642710474,105,130,-25
2025-02-01-ATL-IND,2025-02-01,ATL,IND,-9.5,9.5,9.471647497518791,7.313338668746185,0.4984533761974199,0.5015466238025801,0.9023604949670261,0.09763950503297392,132,127,5
2025-02-01-ORL-UTA,2025-02-01,ORL,UTA,4.0,-4.0,-5.036987318537758,6.010154828861635,0.43150682232778403,0.568493177672216,0.20099303872642738,0.7990069612735726,113,99,14
2025-02-01-DEN-CHA,2025-02-01,DEN,CHA,12.5,-12.5,-11.9448624749173,6.759122509314694,0.5327289663344474,0.46727103366555256,0.038595621522609536,0.9614043784773905,104,107,-3
2025-02-01-BKN-HOU,2025-02-01,BKN,HOU,-13.0,13.0,12.085088216470902,6.928516907123188,0.44747230758135315,0.5525276924186469,0.9594425312208028,0.04055746877919719,98,110,-12
2025-02-01-WAS-MIN,2025-02-01,WAS,MIN,-12.0,12.0,11.071458265547648,6.857131869883895,0.4461428497462321,0.5538571502537679,0.9468002709582358,0.05319972904176418,103,105,-2
2025-02-01-SAC-OKC,2025-02-01,SAC,OKC,-7.0,7.0,7.739862229728786,7.596197029615785,0.5387952428766831,0.4612047571233169,0.8458778119724792,0.15412218802752076,144,110,34
2025-02-01-LAL-NYK,2025-02-01,LAL,NYK,-11.0,11.0,10.860032019146859,7.203677639333132,0.4922490101600516,0.5077509898399484,0.9341674027764835,0.06583259722351653,112,128,-16
2025-02-01-MIA-SAS,2025-02-01,MIA,SAS,3.0,-3.0,-4.106543724915454,6.803922718273219,0.4354036225449731,0.5645963774550269,0.2730696642625753,0.7269303357374247,103,105,-2
2025-02-01-PHX-POR,2025-02-01,PHX,POR,4.5,-4.5,-4.260635513769932,6.860235986327988,0.5139169034275836,0.48608309657241644,0.26727924108966805,0.732720758910332,127,108,19
2025-02-02-CHI-DET,2025-02-02,CHI,DET,-6.0,6.0,5.9470248922204725,7.110142884890043,0.49702765259237225,0.5029723474076278,0.7985390531686116,0.20146094683138838,127,119,8
2025-02-02-DAL-CLE,2025-02-02,DAL,CLE,-15.5,15.5,15.63662103115066,7.2390574955430615,0.5075286969856898,0.4924713030143102,0.9846150384774565,0.015384961522543539,144,101,43
2025-02-02-LAC-TOR,2025-02-02,LAC,TOR,5.0,-5.0,-4.93178616541216,7.285294312871004,0.5037353309186056,0.49626466908139444,0.24921857022047667,0.7507814297795233,115,108,7
2025-02-02-BOS-PHI,2025-02-02,BOS,PHI,12.5,-12.5,-12.790770388589129,6.571077500729086,0.4823525507233293,0.5176474492766707,0.02579581964622546,0.9742041803537745,110,118,-8
2025-02-02-MEM-MIL,2025-02-02,MEM,MIL,-4.0,4.0,4.1543421705288175,7.503684303572524,0.5082052060721728,0.4917947939278272,0.7100874864959873,0.2899125135040127,119,132,-13
2025-02-03-WAS-CHA,2025-02-03,WAS,CHA,-4.5,4.5,3.9918805861787847,6.633809849017481,0.4694727035452173,0.5305272964547827,0.7263289918547122,0.2736710081452878,114,124,-10
2025-02-03-ATL-DET,2025-02-03,ATL,DET,-4.5,4.5,3.589757510148616,7.152624184030399,0.44936733476873536,0.5506326652312646,0.6921239581939889,0.30787604180601114,130,132,-2
2025-02-03-HOU-NYK,2025-02-03,HOU,NYK,-7.0,7.0,6.916817084240185,7.214841699868392,0.49540053014394847,0.5045994698560515,0.8311432469040894,0.16885675309591064,124,118,6
2025-02-03-SAS-MEM,2025-02-03,SAS,MEM,-3.5,3.5,3.198764225956724,7.242438224388996,0.4834115195111359,0.5165884804888641,0.6706358160665513,0.3293641839334487,128,109,19
2025-02-03-SAC-MIN,2025-02-03,SAC,MIN,-5.0,5.0,5.038955803364844,7.137866902099192,0.5021772666949804,0.4978227333050196,0.7598894545391048,0.24011054546089516,114,116,-2
2025-02-03-MIL-OKC,2025-02-03,MIL,OKC,-17.5,17.5,17.758305721437576,7.787864775836418,0.5132295803312303,0.48677041966876966,0.9887036702989879,0.011296329701012131,125,96,29
2025-02-03-NOP-DEN,2025-02-03,NOP,DEN,-9.0,9.0,7.932046161977521,7.2144002135506,0.44115920852791346,0.5588407914720865,0.8642193368543236,0.13578066314567638,125,113,12
2025-02-03-IND-UTA,2025-02-03,IND,UTA,6.5,-6.5,-6.639069804038481,6.787281093788725,0.4918263378007617,0.5081736621992383,0.16399676292937748,0.8360032370706225,111,112,-1
2025-02-03-ORL-GSW,2025-02-03,ORL,GSW,-3.5,3.5,3.096969150756975,6.200522765325524,0.47408720111998304,0.525912798880017,0.6912755037284649,0.3087244962715351,104,99,5
2025-02-03-PHX-POR,2025-02-03,PHX,POR,5.0,-5.0,-4.896694716118683,6.983726041849935,0.5059010537291333,0.4940989462708667,0.24160223860201635,0.7583977613979836,121,119,2
2025-02-04-BOS-CLE,2025-02-04,BOS,CLE,-1.5,1.5,1.5326006374277976,7.394903233147105,0.5017587424878921,0.4982412575121079,0.5820930563067395,0.41790694369326054,105,112,-7
2025-02-04-HOU-BKN,2025-02-04,HOU,BKN,9.0,-9.0,-7.681737614378266,6.288034372010175,0.5830280829633188,0.41697191703668124,0.11092119651409016,0.8890788034859098,99,97,2
2025-02-04-DAL-PHI,2025-02-04,DAL,PHI,-4.0,4.0,3.303658371155589,6.718327641979527,0.45872432319424317,0.5412756768057568,0.6885477866591128,0.31145221334088724,118,116,2
2025-02-04-NYK-TOR,2025-02-04,NYK,TOR,5.5,-5.5,-4.572290627053627,7.114813898978127,0.5518715496806403,0.44812845031935966,0.26022764658480213,0.7397723534151979,115,121,-6
2025-02-04-MIA-CHI,2025-02-04,MIA,CHI,4.0,-4.0,-4.1312305980216495,6.766641020889428,0.4922634949580962,0.5077365050419038,0.2707557184067121,0.7292442815932879,133,124,9
2025-02-04-LAL-LAC,2025-02-04,LAL,LAC,-8.5,8.5,7.813268136010048,7.522463257953964,0.463630754747379,0.536369245252621,0.8505181357167865,0.14948186428321353,97,122,-25
2025-02-04-IND-POR,2025-02-04,IND,POR,5.5,-5.5,-5.759835859678899,7.1210192157440275,0.4854463933438167,0.5145536066561833,0.2093007375247038,0.7906992624752962,112,89,23
2025-02-05-MIL-CHA,2025-02-05,MIL,CHA,10.5,-10.5,-10.424064462404331,6.752407617347634,0.5044862898890969,0.49551371011090306,0.06132382245021639,0.9386761775497836,102,112,-10
2025-02-05-CLE-DET,2025-02-05,CLE,DET,3.5,-3.5,-2.5623288075593402,7.2851725346078755,0.5512062560892631,0.4487937439107369,0.3625247516207113,0.6374752483792887,115,118,-3
2025-02-05-SAS-ATL,2025-02-05,SAS,ATL,4.5,-4.5,-3.7939788418455844,6.887069484297214,0.5408256562442346,0.4591743437557654,0.29085647590611285,0.7091435240938871,125,126,-1
2025-02-05-WAS-BKN,2025-02-05,WAS,BKN,-5.5,5.5,4.652633015468841,6.512416695356734,0.4482374853043788,0.5517625146956212,0.7625177778027243,0.23748222219727566,102,119,-17
2025-02-05-MIA-PHI,2025-02-05,MIA,PHI,-2.0,2.0,1.0679185735279677,6.636649771367651,0.44415437232884825,0.5558456276711518,0.5639187623990578,0.4360812376009422,101,108,-7
2025-02-05-MEM-TOR,2025-02-05,MEM,TOR,10.5,-10.5,-9.97732183812465,7.418128618438847,0.5280860609926039,0.4719139390073961,0.08931394840030149,0.9106860515996985,107,138,-31
2025-02-05-CHI-MIN,2025-02-05,CHI,MIN,-11.5,11.5,11.613724764590065,7.2725047090507084,0.5062382589940511,0.49376174100594894,0.9448600157937466,0.055139984206253434,127,108,19
2025-02-05-PHX-OKC,2025-02-05,PHX,OKC,-13.0,13.0,13.073371708900272,7.632527547930933,0.5038349846578469,0.49616501534215307,0.956629893199016,0.043370106800983965,140,109,31
2025-02-05-GSW-UTA,2025-02-05,GSW,UTA,6.5,-6.5,-6.412666579623794,6.57856458529017,0.5052959836561778,0.4947040163438222,0.16483419490728868,0.8351658050927113,131,128,3
2025-02-05-NOP-DEN,2025-02-05,NOP,DEN,-11.0,11.0,10.26378382140592,7.190373086502983,0.45922389827550103,0.540776101724499,0.9232725978979084,0.07672740210209161,144,119,25
2025-02-05-ORL-SAC,2025-02-05,ORL,SAC,-4.0,4.0,2.8236236586492023,6.3969468246733365,0.42704731243748206,0.5729526875625179,0.6705389199042644,0.3294610800957356,111,130,-19
2025-02-06-DAL-BOS,2025-02-06,DAL,BOS,-12.5,12.5,12.610494872283189,7.305607804721789,0.5060336383947506,0.4939663616052494,0.9578387994519696,0.04216120054803041,120,127,-7
2025-02-06-HOU-MIN,2025-02-06,HOU,MIN,-1.0,1.0,0.5794570103474639,7.079464910050049,0.4763154754316815,0.5236845245683185,0.5326171600885866,0.4673828399114134,127,114,13
2025-02-06-ORL-DEN,2025-02-06,ORL,DEN,-5.5,5.5,3.939005017299286,6.593253701715359,0.4064228904947472,0.5935771095052528,0.7248897066934628,0.27511029330653725,112,90,22
2025-02-06-GSW-LAL,2025-02-06,GSW,LAL,-5.0,5.0,5.184453639301814,7.204962621247131,0.5102121720794768,0.4897878279205232,0.7641041947055273,0.23589580529447274,120,112,8
2025-02-06-SAC-POR,2025-02-06,SAC,POR,1.5,-1.5,-0.9155307923992183,6.995907963295214,0.5332906782558409,0.46670932174415913,0.4479404125301564,0.5520595874698436,108,102,6
2025-02-06-IND-LAC,2025-02-06,IND,LAC,-5.5,5.5,5.206575224216557,7.150375407706145,0.483633488235478,0.516366511764522,0.7667403724446875,0.2332596275553125,112,119,-7
2025-02-07-SAS-CHA,2025-02-07,SAS,CHA,10.0,-10.0,-9.413110394493257,6.638039950463786,0.5352258200571633,0.46477417994283665,0.07808725161200769,0.9219127483879923,117,116,1
2025-02-07-CLE-WAS,2025-02-07,CLE,WAS,17.5,-17.5,-16.48651032672404,6.839382402408274,0.5589013725316248,0.44109862746837525,0.007964764041554995,0.992035235958445,124,134,-10
2025-02-07-MIL-ATL,2025-02-07,MIL,ATL,2.5,-2.5,-2.232524847601132,6.977117510488416,0.5152901274443158,0.4847098725556842,0.3744924637318775,0.6255075362681225,115,110,5
2025-02-07-MIA-BKN,2025-02-07,MIA,BKN,5.0,-5.0,-4.755693632914411,6.4897432951791885,0.5150146345568752,0.48498536544312476,0.23183975260932943,0.7681602473906706,102,86,16
2025-02-07-PHI-DET,2025-02-07,PHI,DET,5.5,-5.5,-5.035763507448183,6.910788922655359,0.5267790509627095,0.4732209490372905,0.23309827941789163,0.7669017205821084,125,112,13
2025-02-07-TOR-OKC,2025-02-07,TOR,OKC,-19.0,19.0,18.776359512116947,7.612602544407057,0.4882816929025341,0.5117183070974659,0.9931776516283698,0.006822348371630205,121,109,12
2025-02-07-UTA-PHX,2025-02-07,UTA,PHX,-7.5,7.5,6.95489922390212,6.882814371855886,0.4684378194056844,0.5315621805943156,0.8438656751408438,0.15613432485915624,135,127,8
2025-02-08-HOU-DAL,2025-02-08,HOU,DAL,-3.0,3.0,2.5025682727775997,6.662743751544515,0.4702431378381272,0.5297568621618728,0.6463951825127661,0.35360481748723394,116,105,11
2025-02-08-IND-LAL,2025-02-08,IND,LAL,4.5,-4.5,-4.533657757083151,7.269930740060996,0.49815301481183694,0.5018469851881631,0.2664393296262795,0.7335606703737205,124,117,7
2025-02-08-SAS-ORL,2025-02-08,SAS,ORL,-3.0,3.0,3.7337058632734066,6.659875768131133,0.5438619698396718,0.45613803016032817,0.7124740634924841,0.2875259365075159,112,111,1
2025-02-08-ATL-WAS,2025-02-08,ATL,WAS,7.0,-7.0,-7.384097457951781,6.587266013454387,0.4767512152777461,0.5232487847222539,0.13115128958949107,0.8688487104105089,111,125,-14
2025-02-08-GSW-CHI,2025-02-08,GSW,CHI,6.5,-6.5,-5.815925004142016,6.645876345962311,0.5409916285053147,0.4590083714946853,0.1907548934422152,0.8092451065577848,111,132,-21
2025-02-08-OKC-MEM,2025-02-08,OKC,MEM,1.5,-1.5,-0.2859637691010608,7.344858456478781,0.5656423805079314,0.43435761949206864,0.48447155607868686,0.5155284439213131,112,125,-13
2025-02-08-POR-MIN,2025-02-08,POR,MIN,-4.0,4.0,3.7553156478950758,7.304039896455913,0.48663798665519686,0.5133620133448031,0.6964237366918384,0.30357626330816156,114,98,16
2025-02-08-BOS-NYK,2025-02-08,BOS,NYK,3.0,-3.0,-2.541221348153448,7.0829134826891265,0.5258224672370596,0.4741775327629404,0.35987911695252917,0.6401208830474708,104,131,-27
2025-02-08-DEN-PHX,2025-02-08,DEN,PHX,6.5,-6.5,-6.568737746288872,6.967601945379709,0.4960643635124341,0.5039356364875659,0.17290325739531487,0.8270967426046851,105,122,-17
2025-02-08-NOP-SAC,2025-02-08,NOP,SAC,-8.0,8.0,7.409070849822875,7.045090544408738,0.46657665668767856,0.5334233433123214,0.8535232228470923,0.14647677715290774,123,118,5
2025-02-08-UTA-LAC,2025-02-08,UTA,LAC,-18.0,18.0,17.9408135446727,7.004422059542971,0.496629029736401,0.503370970263599,0.9947867667167367,0.0052132332832632855,130,110,20
2025-02-09-CHA-DET,2025-02-09,CHA,DET,-12.0,12.0,11.686000356496512,7.10013461838364,0.4823627410802772,0.5176372589197228,0.950106212825597,0.04989378717440296,112,102,10
2025-02-09-TOR-HOU,2025-02-09,TOR,HOU,-8.0,8.0,6.909738856794032,6.977193841197248,0.43791376915394054,0.5620862308460595,0.838994083157514,0.161005916842486,94,87,7
2025-02-09-PHI-MIL,2025-02-09,PHI,MIL,3.5,-3.5,-3.4624094101915324,6.783755667188244,0.5022106336975987,0.49778936630240134,0.30488663424324713,0.6951133657567529,135,127,8
2025-02-10-MIN-CLE,2025-02-10,MIN,CLE,-7.5,7.5,8.001760880643987,7.508896904241019,0.5266383681734961,0.4733616318265039,0.856706192251796,0.143293807748204,128,107,21
2025-02-10-ATL-ORL,2025-02-10,ATL,ORL,-6.5,6.5,6.1915376758975995,6.904278547418779,0.4821823907857352,0.5178176092142648,0.8150786989324976,0.18492130106750237,106,112,-6
2025-02-10-SAS-WAS,2025-02-10,SAS,WAS,11.5,-11.5,-10.898004688259844,6.559338891027494,0.5365623222075568,0.46343767779244316,0.04831168781265405,0.951688312187346,121,131,-10
2025-02-10-CHA-BKN,2025-02-10,CHA,BKN,-5.0,5.0,5.621096106433595,6.442743230458732,0.5383995190673918,0.4616004809326082,0.8085238136543028,0.19147618634569719,97,89,8
2025-02-10-BOS-MIA,2025-02-10,BOS,MIA,8.5,-8.5,-7.743737464724616,6.712218016320515,0.5448537256212173,0.45514627437878274,0.12431612753913968,0.8756838724608603,85,103,-18
2025-02-10-GSW-MIL,2025-02-10,GSW,MIL,7.5,-7.5,-7.918640934769886,6.975432290841071,0.47607125219502666,0.5239287478049733,0.12814185539574408,0.8718581446042559,111,125,-14
2025-02-10-NOP-OKC,2025-02-10,NOP,OKC,-17.5,17.5,17.477693242192775,7.577811303054139,0.49882563769143806,0.5011743623085619,0.9894566984156687,0.010543301584331255,137,101,36
2025-02-10-SAC-DAL,2025-02-10,SAC,DAL,1.5,-1.5,-2.02072736844865,6.650671332934833,0.4687959165417874,0.5312040834582126,0.3806256176959376,0.6193743823040624,128,129,-1
2025-02-10-POR-DEN,2025-02-10,POR,DEN,-9.0,9.0,8.01897320879401,7.220759559400542,0.4459651906476011,0.5540348093523989,0.8666177203911032,0.13338227960889681,146,117,29
2025-02-11-TOR-PHI,2025-02-11,TOR,PHI,-11.0,11.0,9.967794889494105,6.9927169822679645,0.441324708175427,0.558675291824573,0.9229869649088465,0.07701303509115354,103,106,-3
2025-02-11-NYK-IND,2025-02-11,NYK,IND,2.0,-2.0,-1.2602717092871751,7.082887754741567,0.5415894330737285,0.45841056692627147,0.4293882271349728,0.5706117728650272,115,128,-13
2025-02-11-DET-CHI,2025-02-11,DET,CHI,5.0,-5.0,-4.457605752414576,6.654660793660518,0.5324801913063221,0.46751980869367793,0.25147760767261107,0.7485223923273889,92,132,-40
2025-02-11-MEM-PHX,2025-02-11,MEM,PHX,4.0,-4.0,-3.3462347088131112,6.991904760986359,0.5372480860836694,0.46275191391633064,0.31611623497806096,0.683883765021939,112,119,-7
2025-02-10-UTA-LAL,2025-02-10,UTA,LAL,-12.0,12.0,11.951088538779574,7.472639754953108,0.49738877944227855,0.5026112205577214,0.9451244435035048,0.054875556496495226,132,113,19
2025-02-12-SAS-BOS,2025-02-12,SAS,BOS,-8.0,8.0,8.164870901911039,7.336295727052202,0.5089648018458395,0.4910351981541605,0.8671333083021282,0.1328666916978718,116,103,13
2025-02-12-CHA-ORL,2025-02-12,CHA,ORL,-13.0,13.0,12.43580889623695,6.719397474923177,0.46654231342406893,0.5334576865759311,0.9678959942021889,0.03210400579781114,102,86,16
2025-02-12-IND-WAS,2025-02-12,IND,WAS,10.0,-10.0,-9.62354512547324,6.506146791777639,0.5230704919291133,0.47692950807088674,0.06955056444760244,0.9304494355523976,130,134,-4
2025-02-12-PHI-BKN,2025-02-12,PHI,BKN,-2.0,2.0,2.8274619627224253,6.79990143369382,0.5484266826517252,0.45157331734827477,0.6612252077327722,0.33877479226722784,100,96,4
2025-02-12-ATL-NYK,2025-02-12,ATL,NYK,-8.0,8.0,6.795596906813271,7.418692081316809,0.43551626584590686,0.5644837341540931,0.8201692023494609,0.1798307976505391,149,148,1
2025-02-12-CLE-TOR,2025-02-12,CLE,TOR,12.5,-12.5,-11.825915760756262,7.3579682080499484,0.5364971685002207,0.46350283149977933,0.05400243080341893,0.9459975691965811,108,131,-23
2025-02-12-DET-CHI,2025-02-12,DET,CHI,6.0,-6.0,-6.148163441744588,6.695793616140007,0.4911729898812339,0.5088270101187661,0.17925373290008229,0.8207462670999177,110,128,-18
2025-02-12-MIL-MIN,2025-02-12,MIL,MIN,-9.5,9.5,9.550436530472025,7.306930211801263,0.5027537015024341,0.49724629849756585,0.9044001220602752,0.0955998779397248,101,103,-2
2025-02-12-SAC-NOP,2025-02-12,SAC,NOP,6.0,-6.0,-6.413291862545644,6.440398299594863,0.47441672122518275,0.5255832787748173,0.15967580679089854,0.8403241932091015,111,119,-8
2025-02-12-MIA-OKC,2025-02-12,MIA,OKC,-14.0,14.0,13.679045301054792,7.335770911063763,0.482551041713954,0.517448958286046,0.968888584767042,0.031111415232958017,115,101,14
2025-02-12-PHX-HOU,2025-02-12,PHX,HOU,-10.0,10.0,10.621859857471371,6.857093916333725,0.5361299628183414,0.46387003718165865,0.9393130203603332,0.06068697963966685,119,111,8
2025-02-12-POR-DEN,2025-02-12,POR,DEN,-8.0,8.0,7.123801421763702,7.188276916486604,0.4514919932185113,0.5485080067814887,0.8391646479613648,0.1608353520386352,132,121,11
2025-02-12-LAL-UTA,2025-02-12,LAL,UTA,9.0,-9.0,-9.249791362867978,6.794490240854973,0.4853366641258615,0.5146633358741385,0.08669894945206702,0.913301050547933,131,119,12
2025-02-12-GSW-DAL,2025-02-12,GSW,DAL,8.0,-8.0,-8.234457140482803,6.818696321187037,0.4862852905826571,0.5137147094173429,0.11359495104390904,0.886405048956091,111,107,4
2025-02-12-MEM-LAC,2025-02-12,MEM,LAC,-6.5,6.5,7.594347382689191,7.239926582404963,0.560073073781796,0.43992692621820395,0.852900273300271,0.14709972669972904,128,114,14
2025-02-13-GSW-HOU,2025-02-13,GSW,HOU,1.5,-1.5,-1.5321454284850127,6.943648348487022,0.4981531143150034,0.5018468856849966,0.41268083334775896,0.587319166652241,98,105,-7
2025-02-13-SAC-NOP,2025-02-13,SAC,NOP,8.5,-8.5,-9.278727611567705,6.344721903842786,0.451157963921175,0.548842036078825,0.07181136235459118,0.9281886376454088,140,133,7
2025-02-13-MIA-DAL,2025-02-13,MIA,DAL,3.0,-3.0,-4.25374125461781,6.456165319695274,0.4230124338526744,0.5769875661473256,0.25499123685667924,0.7450087631433208,118,113,5
2025-02-13-OKC-MIN,2025-02-13,OKC,MIN,9.5,-9.5,-8.782474012909676,7.32885952350545,0.538995809888718,0.461004190111282,0.1153921147575041,0.8846078852424959,116,101,15
2025-02-20-MEM-IND,2025-02-20,MEM,IND,1.0,-1.0,-0.31761394223179995,7.254200009482643,0.537472318956111,0.46252768104388897,0.48253850757658556,0.5174614924234144,127,113,14
2025-02-20-BOS-PHI,2025-02-20,BOS,PHI,6.5,-6.5,-6.292692112550934,6.991743463738052,0.5118270593406062,0.48817294065939376,0.18405544454774547,0.8159445554522545,104,124,-20
2025-02-20-ORL-ATL,2025-02-20,ORL,ATL,1.0,-1.0,-1.1817584120104825,6.733950663505459,0.48923331703796613,0.5107666829620339,0.4303462981777959,0.5696537018222041,108,114,-6
2025-02-20-CLE-BKN,2025-02-20,CLE,BKN,12.5,-12.5,-10.883491300420294,7.137314352772857,0.5895886536886515,0.41041134631134846,0.06364550493741639,0.9363544950625836,97,110,-13
2025-02-20-CHI-NYK,2025-02-20,CHI,NYK,-10.0,10.0,9.771778556273484,7.260668651438064,0.487462285189061,0.512537714810939,0.9108247216693824,0.08917527833061756,113,111,2
2025-02-20-LAC-MIL,2025-02-20,LAC,MIL,2.0,-2.0,-1.8858762754000882,6.836581617697241,0.5066592731674248,0.49334072683257524,0.3913313451294915,0.6086686548705085,116,110,6
2025-02-20-CHA-DEN,2025-02-20,CHA,DEN,-18.0,18.0,17.242143770197064,6.813524367943541,0.45571768460553386,0.5442823153944661,0.9943062354364332,0.00569376456356685,129,115,14
2025-02-20-PHX-SAS,2025-02-20,PHX,SAS,2.5,-2.5,-2.242120145784782,6.794289343204304,0.5151383722080114,0.4848616277919886,0.37069972179664756,0.6293002782033524,120,109,11
2025-02-20-LAL-POR,2025-02-20,LAL,POR,2.0,-2.0,-1.501042028780963,7.019971092689342,0.5283317342526059,0.47166826574739407,0.4153419470586426,0.5846580529413574,102,110,-8
2025-02-21-NYK-CLE,2025-02-21,NYK,CLE,-7.5,7.5,7.932648047391987,7.743648379479966,0.5222778505882048,0.47772214941179525,0.8471784749540204,0.15282152504597957,142,105,37
2025-02-21-MEM-ORL,2025-02-21,MEM,ORL,2.0,-2.0,-1.8685361201398294,6.968016907216306,0.5075263004464894,0.4924736995535106,0.3942884843818212,0.6057115156181788,104,105,-1
2025-02-21-MIL-WAS,2025-02-21,MIL,WAS,5.5,-5.5,-4.808665214147235,6.44790212914457,0.5426922045027284,0.45730779549727163,0.22790256216576577,0.7720974378342342,101,104,-3
2025-02-21-MIA-TOR,2025-02-21,MIA,TOR,3.5,-3.5,-3.4940009467560786,6.619261262005844,0.500361562349485,0.49963843765051497,0.2988004726548512,0.7011995273451488,111,120,-9
2025-02-21-MIN-HOU,2025-02-21,MIN,HOU,-4.0,4.0,4.740243126142181,7.145042816751012,0.5412575330815742,0.4587424669184258,0.7464727314593027,0.2535272685406973,121,115,6
2025-02-21-DET-SAS,2025-02-21,DET,SAS,4.5,-4.5,-5.032369948512963,7.2636906192401725,0.47078690426275116,0.5292130957372488,0.24421385996945966,0.7557861400305403,110,125,-15
2025-02-21-NOP-DAL,2025-02-21,NOP,DAL,-5.5,5.5,5.157938519766647,6.785135438037416,0.4798964948132519,0.5201035051867481,0.7764271290644403,0.22357287093555966,111,103,8
2025-02-21-OKC-UTA,2025-02-21,OKC,UTA,15.5,-15.5,-14.863800665437413,6.816468157796498,0.5371803701849098,0.46281962981509017,0.014607538239458928,0.9853924617605411,107,130,-23
2025-02-21-GSW-SAC,2025-02-21,GSW,SAC,2.0,-2.0,-2.0519952441769744,6.886338771433817,0.49698781821830407,0.5030121817816959,0.38285899154099334,0.6171410084590067,108,132,-24
2025-02-22-PHX-CHI,2025-02-22,PHX,CHI,5.0,-5.0,-4.943747720537744,6.621315287815401,0.5033892273240812,0.4966107726759188,0.22764004360113455,0.7723599563988655,117,121,-4
2025-02-22-BKN-PHI,2025-02-22,BKN,PHI,-11.0,11.0,9.751844640870047,6.678212774208035,0.4258696727197385,0.5741303272802615,0.9278889907854618,0.07211100921453817,103,105,-2
2025-02-22-LAL-DEN,2025-02-22,LAL,DEN,-6.5,6.5,5.77945711499518,7.650289503640737,0.4624810809236919,0.5375189190763081,0.7750122886202289,0.22498771137977114,100,123,-23
2025-02-22-HOU-UTA,2025-02-22,HOU,UTA,8.0,-8.0,-8.694318895431648,6.327682557138147,0.4563128637181968,0.5436871362818032,0.0847188036226676,0.9152811963773324,124,115,9
2025-02-22-CHA-POR,2025-02-22,CHA,POR,-6.0,6.0,5.436615961428826,6.76089441950811,0.46679464940171367,0.5332053505982863,0.7893381073639056,0.21066189263609436,141,88,53
2025-02-23-NYK-BOS,2025-02-23,NYK,BOS,-7.5,7.5,8.246182343000417,7.217299199094505,0.5411724938727662,0.4588275061272338,0.8733889068775849,0.12661109312241514,118,105,13
2025-02-23-DAL-GSW,2025-02-23,DAL,GSW,-9.5,9.5,9.87482383185061,7.2750371827299904,0.5205451794534119,0.47945482054658806,0.9126661238348645,0.08733387616513555,126,102,24
2025-02-23-LAC-IND,2025-02-23,LAC,IND,-4.0,4.0,4.185257730908084,7.164304633918842,0.5103148748955584,0.4896851251044416,0.720451061083899,0.279548938916101,129,111,18
2025-02-23-DET-ATL,2025-02-23,DET,ATL,2.0,-2.0,-1.1783574275114637,7.17877971544188,0.5455611843789628,0.45443881562103716,0.43480868337938605,0.565191316620614,143,148,-5
2025-02-23-WAS-ORL,2025-02-23,WAS,ORL,-13.5,13.5,13.322033810575883,7.080014805855841,0.4899730772437114,0.5100269227562886,0.9700574939697885,0.029942506030211535,110,90,20
2025-02-23-PHX-TOR,2025-02-23,PHX,TOR,3.0,-3.0,-2.871060226945623,6.6163180125433705,0.5077741534138585,0.49222584658614155,0.33216736756878407,0.6678326324312159,127,109,18
2025-02-23-MIA-MIL,2025-02-23,MIA,MIL,-4.0,4.0,3.494393731996619,6.713701746410886,0.4699841872981705,0.5300158127018295,0.698637867949283,0.30136213205071705,120,113,7
2025-02-23-SAS-NOP,2025-02-23,SAS,NOP,-2.0,2.0,1.5866826209006824,6.884935038235249,0.47606501870179385,0.5239349812982061,0.5911317280768347,0.4088682719231653,114,96,18
2025-02-23-MEM-CLE,2025-02-23,MEM,CLE,-5.5,5.5,5.901550493711279,7.6665086643619,0.5208859417991164,0.4791140582008836,0.7792857821932124,0.22071421780678757,129,123,6
2025-02-23-OKC-MIN,2025-02-23,OKC,MIN,9.0,-9.0,-7.987991328367281,7.349271635820377,0.5547619913402733,0.44523800865972674,0.1385384587705092,0.8614615412294908,123,130,-7
2025-02-24-LAC-DET,2025-02-24,LAC,DET,-3.0,3.0,2.7396666561294825,7.325483125821543,0.48582535527802595,0.514174644721974,0.6457945902564376,0.3542054097435624,106,97,9
2025-02-24-DEN-IND,2025-02-24,DEN,IND,3.5,-3.5,-3.4619558776497175,7.428856874333661,0.5020430253056394,0.4979569746943606,0.32060251959345243,0.6793974804065476,116,125,-9
2025-02-24-CHI-PHI,2025-02-24,CHI,PHI,-6.0,6.0,5.477338705168403,6.728757150888719,0.4690429900922305,0.5309570099077695,0.7921830748161223,0.20781692518387773,110,142,-32
2025-02-24-BKN-WAS,2025-02-24,BKN,WAS,2.5,-2.5,-3.4493056172890944,6.6031709942951915,0.44284297662330474,0.5571570233766953,0.30070599106039364,0.6992940089396064,107,99,8
2025-02-24-MIA-ATL,2025-02-24,MIA,ATL,-2.5,2.5,1.5900907422814492,6.76823042997149,0.4465280066481674,0.5534719933518326,0.5928702089970075,0.4071297910029925,98,86,12
2025-02-24-MIN-OKC,2025-02-24,MIN,OKC,-11.5,11.5,11.414791274347838,7.690109013098933,0.4955796897419311,0.5044203102580689,0.9311415740143032,0.0688584259856968,128,131,-3
2025-02-24-POR-UTA,2025-02-24,POR,UTA,7.5,-7.5,-7.6237296000601456,6.812030585850344,0.4927542523173468,0.5072457476826532,0.13153664932715214,0.8684633506728479,112,114,-2
2025-02-24-CHA-SAC,2025-02-24,CHA,SAC,-11.0,11.0,10.363174272862931,6.42282801015512,0.46050944267824034,0.5394905573217597,0.9466810460174894,0.05331895398251063,130,88,42
2025-02-25-BOS-TOR,2025-02-25,BOS,TOR,10.0,-10.0,-9.775803238041151,6.878095813990826,0.5130015245571682,0.4869984754428318,0.07761550723001276,0.9223844927699872,101,111,-10
2025-02-25-CLE-ORL,2025-02-25,CLE,ORL,6.0,-6.0,-4.931084919228302,7.532782115699507,0.5564212000882138,0.44357879991178617,0.25635728678612346,0.7436427132138765,82,122,-40
2025-02-25-MIL-HOU,2025-02-25,MIL,HOU,-3.0,3.0,3.3955404943857195,6.896941714138493,0.5228668554162744,0.4771331445837256,0.688755382998148,0.311244617001852,100,97,3
2025-02-25-PHX-MEM,2025-02-25,PHX,MEM,-6.5,6.5,6.299075011424399,7.087413218747619,0.488691679898161,0.511308320101839,0.8129364505025541,0.18706354949744586,151,148,3
2025-02-25-SAS-NOP,2025-02-25,SAS,NOP,-2.5,2.5,1.919396183028868,6.791435375659723,0.46593568810236097,0.534064311897639,0.6112659668084719,0.3887340331915281,109,103,6
2025-02-25-CHA-GSW,2025-02-25,CHA,GSW,-17.0,17.0,16.829130556741106,6.8498149144960685,0.4900493696160859,0.5099506303839141,0.9929924037520278,0.007007596247972203,128,92,36
2025-02-25-DAL-LAL,2025-02-25,DAL,LAL,-8.5,8.5,8.971073556141034,7.3004244254381145,0.525724644736022,0.474275355263978,0.8904346133270192,0.10956538667298077,107,99,8
2025-02-26-BOS-DET,2025-02-26,BOS,DET,4.5,-4.5,-3.7624558269760695,7.478492925243771,0.5392808120895238,0.46071918791047617,0.307445759553151,0.692554240446849,117,97,20
2025-02-26-TOR-IND,2025-02-26,TOR,IND,-12.0,12.0,11.744437193256294,6.933008008695168,0.48529761911229463,0.5147023808877054,0.9548662844184689,0.04513371558153112,111,91,20
2025-02-26-PHI-NYK,2025-02-26,PHI,NYK,-8.5,8.5,8.111160649277949,6.646461922938799,0.4766739032471633,0.5233260967528367,0.8888381882850251,0.11116181171497486,110,105,5
2025-02-26-POR-WAS,2025-02-26,POR,WAS,6.0,-6.0,-5.958094124965584,6.893546106604262,0.502425155663494,0.497574844336506,0.1937114664584616,0.8062885335415384,121,129,-8
2025-02-26-OKC-BKN,2025-02-26,OKC,BKN,17.0,-17.0,-15.647428185746726,7.065555620322915,0.5759063340508745,0.42409366594912545,0.013393529214207,0.986606470785793,121,129,-8
2025-02-26-ATL-MIA,2025-02-26,ATL,MIA,-3.0,3.0,3.123275052177465,7.0222175576915085,0.507003073335528,0.49299692666447203,0.6717571840853751,0.3282428159146249,131,109,22
2025-02-26-LAC-CHI,2025-02-26,LAC,CHI,9.5,-9.5,-9.55803576532682,6.6046497492943015,0.4964944965297823,0.5035055034702177,0.07392498075730913,0.9260750192426909,117,122,-5
2025-02-26-SAC-UTA,2025-02-26,SAC,UTA,9.5,-9.5,-9.300709179585851,6.586730368018042,0.512068720142004,0.487931279857996,0.07896948453512376,0.9210305154648762,101,118,-17
2025-02-26-SAS-HOU,2025-02-26,SAS,HOU,-7.5,7.5,7.267834518255917,7.084491838459657,0.4869286247462036,0.5130713752537964,0.8475257924658162,0.15247420753418384,118,106,12
2025-02-27-GSW-ORL,2025-02-27,GSW,ORL,4.5,-4.5,-3.8862030600578112,7.190300880218089,0.5340142201619134,0.46598577983808664,0.2944335408875992,0.7055664591124008,115,121,-6
2025-02-27-DEN-MIL,2025-02-27,DEN,MIL,3.0,-3.0,-2.471450011792418,7.383845753904665,0.528532692667528,0.471467307332472,0.36892177538891,0.63107822461109,121,112,9
2025-02-27-CHA-DAL,2025-02-27,CHA,DAL,-11.0,11.0,10.051503724189754,6.525251548204665,0.44221418671300705,0.557785813286993,0.9382686757548536,0.06173132424514638,103,96,7
2025-02-27-NOP-PHX,2025-02-27,NOP,PHX,-6.5,6.5,5.59495221988404,6.719465561634375,0.44642831562743257,0.5535716843725674,0.7974784718827168,0.2025215281172832,116,124,-8
2025-02-27-MIN-LAL,2025-02-27,MIN,LAL,-6.0,6.0,6.119049919451457,7.557849647409856,0.5062838088344439,0.4937161911655561,0.790923117458051,0.209076882541949,111,102,9
2025-02-28-DEN-DET,2025-02-28,DEN,DET,-2.0,2.0,2.9897258920768257,7.609933378778559,0.5517393758310558,0.4482606241689442,0.6527928014744446,0.34720719852555537,119,134,-15
2025-02-28-OKC-ATL,2025-02-28,OKC,ATL,11.0,-11.0,-10.352965815002097,7.1544072551744,0.5360306362909135,0.4639693637090865,0.07393792162617863,0.9260620783738214,119,135,-16
2025-02-28-CLE-BOS,2025-02-28,CLE,BOS,-1.5,1.5,1.9816521472240218,7.779134928030017,0.5246850976435453,0.4753149023564547,0.6005378076296729,0.3994621923703271,116,123,-7
2025-02-28-POR-BKN,2025-02-28,POR,BKN,1.5,-1.5,-1.0427039000342178,6.977737514623335,0.5261265544887724,0.47387344551122756,0.4406060066981491,0.5593939933018509,102,121,-19
2025-02-28-IND-MIA,2025-02-28,IND,MIA,3.0,-3.0,-3.154552018960988,6.7678886061958785,0.4908905154943436,0.5091094845056564,0.3205698919892642,0.6794301080107358,125,120,5
2025-02-28-TOR-CHI,2025-02-28,TOR,CHI,-1.0,1.0,0.6274046896475937,6.542780745706576,0.4772934895794877,0.5227065104205123,0.5381970903428046,0.4618029096571954,125,115,10
2025-02-28-NYK-MEM,2025-02-28,NYK,MEM,-2.5,2.5,2.9799280068825076,6.8930355628462605,0.5277539543800976,0.47224604561990235,0.6672419295384646,0.3327580704615354,113,114,-1
2025-02-28-NOP-PHX,2025-02-28,NOP,PHX,-9.0,9.0,7.915468241224632,6.787557910320976,0.43652627535931865,0.5634737246406814,0.8782277904704903,0.12177220952950973,125,108,17
2025-02-28-MIN-UTA,2025-02-28,MIN,UTA,4.0,-4.0,-3.8651495234569695,6.6228149693108165,0.5081225037656174,0.4918774962343826,0.2797409345723334,0.7202590654276666,117,116,1
2025-02-28-LAC-LAL,2025-02-28,LAC,LAL,-1.5,1.5,1.2852950779765084,7.236884611923024,0.4881658597716637,0.5118341402283363,0.5704827601826425,0.42951723981735745,106,102,4
2025-03-01-WAS-CHA,2025-03-01,WAS,CHA,-3.5,3.5,3.3342924616616507,6.818657141698329,0.49030582777212317,0.5096941722278768,0.6875775484258505,0.3124224515741495,100,113,-13
2025-03-01-BKN-DET,2025-03-01,BKN,DET,-12.5,12.5,12.086268415279203,7.277556299150051,0.4773322047123437,0.5226677952876563,0.9516190885596493,0.04838091144035073,115,94,21
2025-03-01-SAC-HOU,2025-03-01,SAC,HOU,-4.0,4.0,4.776506911882909,7.166422085674392,0.5431423570430457,0.4568576429569543,0.7474580784603315,0.2525419215396685,103,113,-10
2025-03-01-SAS-MEM,2025-03-01,SAS,MEM,-6.0,6.0,5.1693145504950895,7.300304001720593,0.4547030094445361,0.5452969905554639,0.7605571139714251,0.2394428860285749,128,130,-2
2025-03-01-GSW-PHI,2025-03-01,GSW,PHI,7.0,-7.0,-6.136775859602323,6.829047252200973,0.5502942363403263,0.44970576365967374,0.18442531101576576,0.8155746889842342,126,119,7
2025-03-01-MIL-DAL,2025-03-01,MIL,DAL,2.5,-2.5,-2.998248405910684,7.012949163566989,0.4716802083572025,0.5283197916427975,0.33449655270760414,0.6655034472923959,117,132,-15
2025-03-02-DEN-BOS,2025-03-02,DEN,BOS,-5.5,5.5,6.109625364041461,7.512223052178529,0.532339116714049,0.467660883285951,0.7919744570564289,0.20802554294357112,110,103,7
2025-03-02-POR-CLE,2025-03-02,POR,CLE,-11.0,11.0,11.042556357580118,7.743801334436272,0.5021923915851566,0.4978076084148434,0.92306388419683,0.07693611580316995,133,129,4
2025-03-02-CHI-IND,2025-03-02,CHI,IND,-11.5,11.5,11.228052710067079,7.228404872532418,0.4849945201002547,0.5150054798997453,0.9398270912876489,0.06017290871235115,127,112,15
2025-03-02-NYK-MIA,2025-03-02,NYK,MIA,6.5,-6.5,-6.568994380336296,6.4809793585251585,0.4957530715631392,0.5042469284368608,0.1553914801446874,0.8446085198553126,112,116,-4
2025-03-02-TOR-ORL,2025-03-02,TOR,ORL,-7.0,7.0,7.129867509654528,6.689762235076829,0.5077441297096177,0.4922558702903823,0.856740229513078,0.14325977048692196,102,104,-2
2025-03-02-OKC-SAS,2025-03-02,OKC,SAS,12.5,-12.5,-12.240182167266106,7.075876402935225,0.5146453987567015,0.48535460124329854,0.04182882500271112,0.9581711749972889,132,146,-14
2025-03-02-NOP-UTA,2025-03-02,NOP,UTA,7.5,-7.5,-7.526295430972731,6.480386000523381,0.49838121827796655,0.5016187817220334,0.122740414482714,0.877259585517286,121,128,-7
2025-03-02-MIN-PHX,2025-03-02,MIN,PHX,1.5,-1.5,-2.0235963784313236,6.788052608360273,0.4692580784665773,0.5307419215334227,0.3828090417126604,0.6171909582873396,98,116,-18
2025-03-02-LAC-LAL,2025-03-02,LAC,LAL,2.5,-2.5,-2.2055691754754356,7.067394138226492,0.5166153087988716,0.48338469120112837,0.3774911095180926,0.6225088904819074,108,102,6
2025-03-03-GSW-CHA,2025-03-03,GSW,CHA,13.0,-13.0,-12.090336472576999,6.659831757462077,0.554322387721329,0.445677612278671,0.03473033242953383,0.9652696675704662,101,119,-18
2025-03-03-POR-PHI,2025-03-03,POR,PHI,1.5,-1.5,-1.4778671889507873,6.784157892977812,0.5013015172388264,0.49869848276117357,0.413776530728178,0.586223469271822,102,119,-17
2025-03-03-WAS-MIA,2025-03-03,WAS,MIA,-8.5,8.5,7.487958233955018,7.020609856130084,0.4426898385049348,0.5573101614950652,0.8569165350425585,0.1430834649574415,106,90,16
2025-03-03-ATL-MEM,2025-03-03,ATL,MEM,-8.0,8.0,7.668401560162615,7.360404332216997,0.4820330656534849,0.5179669343465151,0.8512582613982309,0.1487417386017691,130,132,-2
2025-03-03-HOU-OKC,2025-03-03,HOU,OKC,-14.5,14.5,13.378639001753095,7.411565787876674,0.43987000853976466,0.5601299914602353,0.9644707104218943,0.03552928957810575,137,128,9
2025-03-03-SAC-DAL,2025-03-03,SAC,DAL,2.0,-2.0,-1.9174759612724221,7.013311421752388,0.50469415466007,0.49530584533993005,0.39227086981133996,0.60772913018866,98,122,-24
2025-03-03-DET-UTA,2025-03-03,DET,UTA,10.5,-10.5,-10.867858454360116,7.009882458199323,0.47907426225367256,0.5209257377463274,0.06052727445810935,0.9394727255418907,106,134,-28
2025-03-04-HOU-IND,2025-03-04,HOU,IND,-5.0,5.0,4.715473236891003,6.999138211715743,0.48378678968449684,0.5162132103155032,0.7497559566684119,0.2502440433315881,115,102,13
2025-03-04-TOR-ORL,2025-03-04,TOR,ORL,-6.5,6.5,5.964241077610241,6.744868389274461,0.4683444767302811,0.5316555232697189,0.8117230125439971,0.18827698745600285,113,114,-1
2025-03-04-MIL-ATL,2025-03-04,MIL,ATL,5.0,-5.0,-6.124628992329346,7.196103023087352,0.4379049546625693,0.5620950453374307,0.19735591049773848,0.8026440895022615,121,127,-6
2025-03-04-GSW-NYK,2025-03-04,GSW,NYK,1.0,-1.0,-0.8907695805871514,7.109375509803731,0.5061292188256101,0.4938707811743899,0.45014498426783267,0.5498550157321673,102,114,-12
2025-03-04-CLE-CHI,2025-03-04,CLE,CHI,13.5,-13.5,-12.712424644467035,7.043690185391185,0.544514116542195,0.45548588345780505,0.03555329670042073,0.9644467032995793,117,139,-22
2025-03-04-PHI-MIN,2025-03-04,PHI,MIN,-13.0,13.0,13.172618338094184,6.9806257250679336,0.5098641208554417,0.49013587914455825,0.9704215480746711,0.02957845192532893,126,112,14
2025-03-04-BKN-SAS,2025-03-04,BKN,SAS,-3.5,3.5,2.8813473253885435,6.747681768038903,0.4634746598299505,0.5365253401700495,0.6653150430046345,0.3346849569953655,127,113,14
2025-03-04-LAC-PHX,2025-03-04,LAC,PHX,2.5,-2.5,-3.002288583668348,6.674339663109788,0.47000524763353335,0.5299947523664666,0.32641811269692234,0.6735818873030777,119,117,2
2025-03-04-NOP-LAL,2025-03-04,NOP,LAL,-7.5,7.5,7.760459715189566,7.267586523498636,0.5142944502050752,0.48570554979492475,0.8571986918106591,0.1428013081893409,136,115,21
2025-03-05-POR-BOS,2025-03-05,POR,BOS,-9.5,9.5,9.944825452237987,7.2582289867979854,0.5244341498973668,0.4755658501026332,0.9146791633745073,0.08532083662549272,128,118,10
2025-03-05-MIN-CHA,2025-03-05,MIN,CHA,9.0,-9.0,-8.313308492024852,6.40916253724572,0.5426618989755434,0.4573381010244566,0.09729882650067578,0.9027011734993242,110,125,-15
2025-03-05-MIA-CLE,2025-03-05,MIA,CLE,-13.0,13.0,12.261661960940318,7.584752631212716,0.4612261950170894,0.5387738049829106,0.9470198220509077,0.052980177949092266,112,107,5
2025-03-05-UTA-WAS,2025-03-05,UTA,WAS,-5.5,5.5,5.499560433667959,6.978715756438925,0.499974871939065,0.500025128060935,0.7846655777962559,0.2153344222037441,125,122,3
2025-03-05-OKC-MEM,2025-03-05,OKC,MEM,7.0,-7.0,-6.370428273750879,7.149547410673789,0.535084537700754,0.46491546229924596,0.18645777447666356,0.8135422255233364,103,120,-17
2025-03-05-SAC-DEN,2025-03-05,SAC,DEN,-8.5,8.5,8.881229271384028,7.434338834631834,0.5204486033702956,0.47955139662970436,0.8838827445785153,0.11611725542148466,116,110,6
2025-03-05-DAL-MIL,2025-03-05,DAL,MIL,-12.0,12.0,11.053687972572206,7.349508019596572,0.4487743506692786,0.5512256493307214,0.9337098055501585,0.06629019444984152,137,107,30
2025-03-05-DET-LAC,2025-03-05,DET,LAC,3.5,-3.5,-4.093315991500457,7.366055462888599,0.4679009831630295,0.5320990168369705,0.28920802606035867,0.7107919739396413,123,115,8
2025-03-06-IND-ATL,2025-03-06,IND,ATL,-2.0,2.0,2.0821481521828877,7.247436044678254,0.5045218294059406,0.4954781705940594,0.6130565640486676,0.3869434359513324,124,118,6
2025-03-06-PHI-BOS,2025-03-06,PHI,BOS,-13.5,13.5,12.834265443212901,7.095170273445651,0.46262239514154957,0.5373776048584504,0.9647646704260003,0.03523532957399966,123,105,18
2025-03-06-GSW-BKN,2025-03-06,GSW,BKN,11.0,-11.0,-9.959358621780943,6.9038008107721325,0.5599074451569765,0.44009255484302345,0.0745679069010623,0.9254320930989377,119,121,-2
2025-03-06-HOU-NOP,2025-03-06,HOU,NOP,3.5,-3.5,-3.82745769950202,6.718496300432171,0.4805633565355185,0.5194366434644815,0.28444411095737987,0.7155558890426201,97,109,-12
2025-03-06-NYK-LAL,2025-03-06,NYK,LAL,-2.5,2.5,2.7137182911572486,6.952853144017893,0.5122608425965975,0.48773915740340246,0.6518436862839676,0.3481563137160324,113,109,4
2025-03-07-CLE-CHA,2025-03-07,CLE,CHA,15.5,-15.5,-14.539807821077252,6.8128448430758,0.556040739121926,0.443959260878074,0.016414201078521207,0.9835857989214788,117,118,-1
2025-03-07-UTA-TOR,2025-03-07,UTA,TOR,-5.5,5.5,6.186816650876333,6.967866019419195,0.5392598184228389,0.4607401815771611,0.8127045964736506,0.18729540352634944,118,109,9
2025-03-07-MEM-DAL,2025-03-07,MEM,DAL,10.0,-10.0,-9.672731471504493,6.676267325443271,0.5195481962136477,0.4804518037863523,0.07369347147076355,0.9263065285292365,111,122,-11
2025-03-07-MIN-MIA,2025-03-07,MIN,MIA,3.5,-3.5,-3.666295487197795,6.895222731718822,0.4903794449209853,0.5096205550790147,0.2974615935513891,0.7025384064486109,104,106,-2
2025-03-07-POR-OKC,2025-03-07,POR,OKC,-1.5,1.5,1.457202956508345,7.409745307046536,0.49769581078834013,0.5023041892116599,0.5779533220298585,0.4220466779701415,107,89,18
2025-03-07-PHX-DEN,2025-03-07,PHX,DEN,-9.0,9.0,8.419065089403455,7.422163060036093,0.4688065220714266,0.5311934779285734,0.8716686164256413,0.1283313835743587,149,141,8
2025-03-07-SAS-SAC,2025-03-07,SAS,SAC,-6.5,6.5,6.342750401380215,7.338522277655746,0.4914521329144499,0.5085478670855501,0.8062908994506146,0.1937091005493854,127,109,18
2025-03-07-NYK-LAC,2025-03-07,NYK,LAC,-7.0,7.0,6.676190812424152,6.7586255433928635,0.4808937821581366,0.5191062178418634,0.8383754391284699,0.1616245608715301,105,95,10
2025-03-08-BKN-CHA,2025-03-08,BKN,CHA,5.0,-5.0,-5.230490728893003,6.366906769761768,0.4855608979818905,0.5144391020181095,0.20567732729514776,0.7943226727048522,105,102,3
2025-03-08-NOP-HOU,2025-03-08,NOP,HOU,-6.5,6.5,6.8221685661753435,7.105024968065462,0.5180833471523294,0.4819166528476706,0.8315200108665737,0.16847998913342632,146,117,29
2025-03-08-IND-ATL,2025-03-08,IND,ATL,1.0,-1.0,-0.951629475299313,7.16656578732987,0.5026926287273406,0.49730737127265945,0.44718076869496237,0.5528192313050376,120,118,2
2025-03-08-WAS-TOR,2025-03-08,WAS,TOR,-4.0,4.0,2.9407288029784975,7.156735057402771,0.4411672815029447,0.5588327184970553,0.6594284196333199,0.3405715803666801,117,118,-1
2025-03-08-CHI-MIA,2025-03-08,CHI,MIA,-5.0,5.0,4.284593527219155,7.059161299912514,0.4596385353937531,0.5403614646062469,0.7280596250140993,0.27194037498590073,109,114,-5
2025-03-08-ORL-MIL,2025-03-08,ORL,MIL,-6.5,6.5,6.216001681035611,7.088800031708905,0.4840214654737326,0.5159785345262674,0.8097231207781808,0.19027687922181924,109,111,-2
2025-03-08-LAL-BOS,2025-03-08,LAL,BOS,-6.0,6.0,5.79373600783054,7.257854803909078,0.48866381951537297,0.511336180484627,0.7876434182015002,0.2123565817984998,111,101,10
2025-03-08-DET-GSW,2025-03-08,DET,GSW,-5.0,5.0,5.061585194256866,7.925809494351454,0.5030998336038642,0.49690016639613577,0.7384651107387843,0.2615348892612157,115,110,5
2025-03-09-DEN-OKC,2025-03-09,DEN,OKC,-7.5,7.5,7.695020528914413,7.6445339436137525,0.5101763556543575,0.4898236443456425,0.8429375097608476,0.15706249023915242,127,103,24
2025-03-09-PHX-DAL,2025-03-09,PHX,DAL,6.5,-6.5,-6.314695032761386,6.710813961749423,0.5110145495440057,0.4889854504559943,0.17335933694565941,0.8266406630543406,116,125,-9
2025-03-09-CLE-MIL,2025-03-09,CLE,MIL,7.0,-7.0,-7.032171082130115,7.684927405097702,0.4983299299128142,0.5016700700871858,0.18008001804783957,0.8199199819521604,100,112,-12
2025-03-09-MEM-NOP,2025-03-09,MEM,NOP,10.5,-10.5,-10.586209517886449,6.769217738547424,0.49491939936062124,0.5050806006393788,0.0589234784592495,0.9410765215407505,104,107,-3
2025-03-09-UTA-PHI,2025-03-09,UTA,PHI,-6.5,6.5,6.661035311537864,6.644979475067671,0.509667073748149,0.490332926251851,0.8419286980301064,0.1580713019698936,126,122,4
2025-03-09-SAS-MIN,2025-03-09,SAS,MIN,-11.0,11.0,11.041780806288388,7.1882217913656055,0.502318798274365,0.497681201725635,0.937742275489144,0.06225772451085598,141,124,17
2025-03-09-DET-POR,2025-03-09,DET,POR,3.5,-3.5,-3.0746066436481416,7.313100417035895,0.5231928636317711,0.4768071363682289,0.33708768380513243,0.6629123161948676,112,119,-7
2025-03-09-SAC-LAC,2025-03-09,SAC,LAC,-6.5,6.5,6.707954781956357,7.174034111275614,0.5115625792847147,0.4884374207152853,0.8251142150074131,0.1748857849925869,111,110,1
2025-03-10-PHI-ATL,2025-03-10,PHI,ATL,-9.5,9.5,9.400005286393279,6.803822083980877,0.4941370184977468,0.5058629815022532,0.916449216662798,0.083550783337202,132,123,9
2025-03-10-UTA-BOS,2025-03-10,UTA,BOS,-15.5,15.5,15.577023108675665,7.134049457987275,0.5043071158735175,0.4956928841264825,0.9854995990098406,0.014500400990159368,114,108,6
2025-03-10-LAL-BKN,2025-03-10,LAL,BKN,5.5,-5.5,-5.572286619302312,6.682457682746368,0.4956845777845893,0.5043154222154107,0.20217772798599154,0.7978222720140085,111,108,3
2025-03-10-CHA-MIA,2025-03-10,CHA,MIA,-9.0,9.0,8.442450603622214,6.637906788477366,0.4665302984551202,0.5334697015448798,0.8982875624614177,0.10171243753858228,102,105,-3
2025-03-10-WAS-TOR,2025-03-10,WAS,TOR,-6.5,6.5,6.134224961972242,7.019495642472626,0.47922113997649496,0.520778860023505,0.8089092867842023,0.19109071321579774,119,104,15
2025-03-10-IND-CHI,2025-03-10,IND,CHI,3.5,-3.5,-3.0329825586140164,7.213605562108463,0.5258099684677043,0.47419003153229566,0.3370772553550767,0.6629227446449233,121,103,18
2025-03-10-ORL-HOU,2025-03-10,ORL,HOU,-3.5,3.5,2.969402444561813,6.921697140126916,0.4694481479440872,0.5305518520559128,0.6660380917651751,0.33396190823482486,97,84,13
2025-03-10-PHX-MEM,2025-03-10,PHX,MEM,-3.0,3.0,2.772975573820611,7.0640530457195165,0.48718100595987013,0.5128189940401299,0.6526730977947662,0.34732690220523377,120,118,2
2025-03-10-DEN-OKC,2025-03-10,DEN,OKC,-9.5,9.5,9.311446256757263,7.613061479148175,0.49012035159840905,0.509879648401591,0.8893518222867942,0.11064817771320579,127,140,-13
2025-03-10-DAL-SAS,2025-03-10,DAL,SAS,-7.0,7.0,5.969715069165934,6.683983644290851,0.43874874931819696,0.561251250681803,0.8141081734571514,0.18589182654284864,129,133,-4
2025-03-10-POR-GSW,2025-03-10,POR,GSW,-12.5,12.5,12.87102017963113,7.68604879662787,0.5192502255427727,0.48074977445722733,0.9529931560609646,0.047006843939035425,130,120,10
2025-03-10-NYK-SAC,2025-03-10,NYK,SAC,1.0,-1.0,-2.2529225732624503,6.927152426962789,0.428234326126139,0.571765673873861,0.3725032409187249,0.6274967590812751,104,133,-29
2025-03-11-BKN-CLE,2025-03-11,BKN,CLE,-14.5,14.5,14.705631461242929,7.24149180910278,0.5113269562057887,0.4886730437942113,0.9788596228486653,0.021140377151334655,109,104,5
2025-03-11-WAS-DET,2025-03-11,WAS,DET,-15.0,15.0,14.663013701744356,7.459067756615668,0.48198268630669394,0.5180173136933061,0.9753389730422676,0.024661026957732424,123,103,20
2025-03-11-MIL-IND,2025-03-11,MIL,IND,-1.0,1.0,0.025061702070635183,7.369516965417856,0.44737612223253476,0.5526238777674652,0.5013566904520862,0.4986433095479138,115,114,1
2025-03-11-LAC-NOP,2025-03-11,LAC,NOP,8.0,-8.0,-8.228483416835644,6.5248000937409,0.4860328180925133,0.5139671819074867,0.10363480868346842,0.8963651913165316,127,120,7
2025-03-06-CHI-ORL,2025-03-06,CHI,ORL,-8.0,8.0,7.978342839183997,7.052801460611169,0.49877496288629475,0.5012250371137053,0.8710209178232111,0.12897908217678888,123,125,-2
2025-03-12-CHA-ATL,2025-03-12,CHA,ATL,-7.5,7.5,6.878208616015896,6.657041605432477,0.46279148126804914,0.5372085187319509,0.8492502282338821,0.15074977176611792,123,110,13
2025-03-12-OKC-BOS,2025-03-12,OKC,BOS,-3.0,3.0,3.5847224567547995,7.384972873641939,0.5315542132054498,0.4684457867945502,0.6863064027402523,0.31369359725974766,112,118,-6
2025-03-12-PHI-TOR,2025-03-12,PHI,TOR,-2.5,2.5,2.994725371760816,6.7993232975011075,0.5290018357658578,0.4709981642341422,0.6701924433023242,0.3298075566976758,118,105,13
2025-03-12-LAC-MIA,2025-03-12,LAC,MIA,4.0,-4.0,-4.136303103838096,6.58364837834923,0.4917411769846479,0.5082588230153521,0.26491382208955905,0.735086177910441,104,119,-15
2025-03-12-PHX-HOU,2025-03-12,PHX,HOU,-2.5,2.5,3.0209966070062886,7.214561695815312,0.5287844323910602,0.4712155676089398,0.6622954536556472,0.33770454634435276,111,104,7
2025-03-12-UTA-MEM,2025-03-12,UTA,MEM,-10.5,10.5,10.279165577517102,7.190559045921732,0.48774972293500785,0.5122502770649922,0.923574933408321,0.07642506659167903,122,115,7
2025-03-12-DAL-SAS,2025-03-12,DAL,SAS,-6.0,6.0,5.177032982207349,6.607885198501416,0.4504426079712288,0.5495573920287712,0.7833223377453479,0.21667766225465213,126,116,10
2025-03-12-MIN-DEN,2025-03-12,MIN,DEN,4.0,-4.0,-4.2523652047394975,7.132395113508355,0.48588718866319336,0.5141128113368066,0.2755193500577382,0.7244806499422618,95,115,-20
2025-03-12-NYK-POR,2025-03-12,NYK,POR,-1.5,1.5,1.4169128052693312,6.9572836869419366,0.4952357545664141,0.5047642454335859,0.5806899724945833,0.4193100275054167,113,114,-1
2025-03-13-WAS-DET,2025-03-13,WAS,DET,-13.0,13.0,12.472422431804763,7.518667684636029,0.4720295646665227,0.5279704353334773,0.9514280685260311,0.04857193147396888,125,129,-4
2025-03-13-LAL-MIL,2025-03-13,LAL,MIL,-6.0,6.0,5.3615515567934775,7.530074299153703,0.4662155737947228,0.5337844262052772,0.7617733131660452,0.23822668683395476,126,106,20
2025-03-13-BKN-CHI,2025-03-13,BKN,CHI,-1.5,1.5,2.2267859299288726,6.88070588422747,0.5420607113291339,0.4579392886708661,0.6268899829987851,0.37311001700121493,116,110,6
2025-03-13-SAC-GSW,2025-03-13,SAC,GSW,-7.5,7.5,8.29508518976296,7.471499853796843,0.5423737475709702,0.45762625242902977,0.8665500907899394,0.1334499092100606,130,104,26
2025-03-14-BOS-MIA,2025-03-14,BOS,MIA,8.0,-8.0,-7.3702596154065105,6.817135837915125,0.5368003839974737,0.46319961600252635,0.13981802888648254,0.8601819711135175,91,103,-12
2025-03-14-IND-PHI,2025-03-14,IND,PHI,13.0,-13.0,-13.03134552191674,6.712034260444981,0.49813692718865166,0.5018630728113483,0.026099452523966837,0.9739005474760332,100,112,-12
2025-03-14-LAC-ATL,2025-03-14,LAC,ATL,5.0,-5.0,-5.227796460844219,6.809681827451831,0.4866571308873252,0.5133428691126748,0.2213325556992174,0.7786674443007826,98,121,-23
2025-03-14-DAL-HOU,2025-03-14,DAL,HOU,-11.5,11.5,11.446279577611607,7.089148633374549,0.49697690882066614,0.5030230911793339,0.9468034699222326,0.05319653007776737,133,96,37
2025-03-14-CLE-MEM,2025-03-14,CLE,MEM,2.5,-2.5,-2.5698662861936574,7.45708755498169,0.4962623198990762,0.5037376801009238,0.36518979339938484,0.6348102066006152,124,133,-9
2025-03-14-ORL-MIN,2025-03-14,ORL,MIN,-11.0,11.0,10.25065152429176,6.8899772676169935,0.45669673927984444,0.5433032607201556,0.9315932636976422,0.06840673630235783,118,111,7
2025-03-14-CHA-SAS,2025-03-14,CHA,SAS,-3.0,3.0,2.33871128282034,6.4602364506234995,0.45923430420646905,0.540765695793531,0.6413300974212336,0.3586699025787664,134,145,-11
2025-03-14-LAL-DEN,2025-03-14,LAL,DEN,-15.5,15.5,14.760385761673751,7.0930394297103545,0.4584762547691552,0.5415237452308448,0.9812815674848138,0.018718432515186234,131,126,5
2025-03-14-TOR-UTA,2025-03-14,TOR,UTA,-2.0,2.0,1.9305526972115559,6.879604447453274,0.4959728796881635,0.5040271203118365,0.6104989567153384,0.3895010432846616,118,126,-8
2025-03-14-SAC-PHX,2025-03-14,SAC,PHX,-1.5,1.5,0.9169448794125663,6.640555003426767,0.465016957629095,0.534983042370905,0.554912418241522,0.44508758175847796,122,106,16
2025-03-15-BOS-BKN,2025-03-15,BOS,BKN,11.5,-11.5,-10.475251516863977,6.449721927847882,0.5631193086546935,0.4368806913453065,0.052172963967861086,0.9478270360321389,113,115,-2
2025-03-15-OKC-DET,2025-03-15,OKC,DET,4.0,-4.0,-3.428671787583209,7.729448684041805,0.5294612993883727,0.4705387006116273,0.3286711254613812,0.6713288745386188,107,113,-6
2025-03-15-CHI-HOU,2025-03-15,CHI,HOU,-8.5,8.5,8.447079798407005,7.670745108124136,0.4972477330256555,0.5027522669743445,0.8645967571872082,0.1354032428127918,117,114,3
2025-03-15-MIA-MEM,2025-03-15,MIA,MEM,-5.5,5.5,4.787154641955005,7.005683283745181,0.4594765890693957,0.5405234109306043,0.7527990745792587,0.24720092542074135,125,91,34
2025-03-15-IND-MIL,2025-03-15,IND,MIL,-3.5,3.5,3.6662949754774155,7.322735459904661,0.5090589637230312,0.49094103627696883,0.6916993154398406,0.30830068456015935,126,119,7
2025-03-15-NOP-SAS,2025-03-15,NOP,SAS,1.0,-1.0,-1.7540419347977112,6.572300524964019,0.45432945287875093,0.5456705471212491,0.3947792332883209,0.6052207667116791,119,115,4
2025-03-15-NYK-GSW,2025-03-15,NYK,GSW,-6.5,6.5,6.106208254868367,7.2739305193242725,0.4784128442840152,0.5215871557159848,0.7993957185963674,0.20060428140363262,97,94,3
2025-03-15-WAS-DEN,2025-03-15,WAS,DEN,-12.5,12.5,10.936496447365219,7.205687630689762,0.4141112383066631,0.5858887616933369,0.9354624036947267,0.06453759630527334,123,126,-3
2025-03-16-PHI-DAL,2025-03-16,PHI,DAL,-6.5,6.5,6.028658211576611,6.6429136160886975,0.47171715322956753,0.5282828467704325,0.8179372932837945,0.1820627067162055,125,130,-5
2025-03-16-PHX-LAL,2025-03-16,PHX,LAL,-3.0,3.0,3.3666152024753053,7.0599142042933565,0.52070741839859,0.47929258160141,0.6832703278746862,0.3167296721253138,107,96,11
2025-03-16-ATL-BKN,2025-03-16,ATL,BKN,6.5,-6.5,-6.582394278101202,6.590737676017024,0.4950127426366553,0.5049872573633447,0.15896176528145212,0.8410382347185479,122,114,8
2025-03-16-ORL-CLE,2025-03-16,ORL,CLE,-10.0,10.0,9.34032640745172,7.138642008572383,0.46318661001680606,0.536813389983194,0.9046341839898753,0.09536581601012473,103,108,-5
2025-03-16-TOR-POR,2025-03-16,TOR,POR,-7.5,7.5,7.86318964906643,6.9655833454571745,0.5207916659616008,0.47920833403839924,0.8705221945907324,0.12947780540926757,105,102,3
2025-03-16-UTA-MIN,2025-03-16,UTA,MIN,-13.0,13.0,12.67740351547401,7.390067432233079,0.48259061684709015,0.5174093831529099,0.9568700149196678,0.04312998508033217,128,102,26
2025-03-16-OKC-MIL,2025-03-16,OKC,MIL,5.5,-5.5,-5.420877783439327,7.493895039733737,0.5042120433882304,0.49578795661176955,0.23472552291886206,0.7652744770811379,105,121,-16
2025-01-23-WAS-LAC,2025-01-23,WAS,LAC,-14.5,14.5,13.922048326478338,7.2671311164152605,0.46830571394108933,0.5316942860589107,0.972301904636761,0.027698095363238973,110,93,17
2025-03-17-MIA-NYK,2025-03-17,MIA,NYK,-7.5,7.5,7.05681202624822,6.822227342029552,0.4741019855118155,0.5258980144881845,0.8495219751097269,0.15047802489027307,116,95,21
2025-03-17-PHI-HOU,2025-03-17,PHI,HOU,-17.0,17.0,17.467810776576766,7.264329190386189,0.5256734760590609,0.4743265239409391,0.9919049266506137,0.008095073349386306,144,137,7
2025-03-17-IND-MIN,2025-03-17,IND,MIN,-11.0,11.0,10.68916516136947,7.643174033532351,0.4837801697231282,0.5162198302768718,0.9190221703510566,0.0809778296489434,130,132,-2
2025-03-17-DET-NOP,2025-03-17,DET,NOP,6.5,-6.5,-7.1743569145163555,6.687669117155009,0.45984037704106706,0.5401596229589329,0.1416862858250858,0.8583137141749142,81,127,-46
2025-04-01-ORL-SAS,2025-04-01,ORL,SAS,4.5,-4.5,-4.891133419405553,6.513390850065107,0.4760576433053696,0.5239423566946304,0.22634587554140329,0.7736541244585967,105,116,-11
2025-03-17-CHI-UTA,2025-03-17,CHI,UTA,4.5,-4.5,-4.777400327157382,7.077363294940573,0.4843672869209047,0.5156327130790953,0.24982979862158716,0.7501702013784128,97,111,-14
2025-03-17-DEN-GSW,2025-03-17,DEN,GSW,-13.0,13.0,13.287031530380055,7.488035398500156,0.5152885197756738,0.4847114802243262,0.9620043813913872,0.03799561860861278,105,114,-9
2025-03-17-TOR-PHX,2025-03-17,TOR,PHX,-8.5,8.5,7.189761331754833,6.8633553578194135,0.424300592797189,0.575699407202811,0.8525788019686185,0.14742119803138154,129,89,40
2025-03-17-MEM-SAC,2025-03-17,MEM,SAC,-3.0,3.0,3.5204422644539317,7.028073454670989,0.5295154598848337,0.47048454011516627,0.691783268028118,0.30821673197188204,132,122,10
2025-03-18-ATL-CHA,2025-03-18,ATL,CHA,8.0,-8.0,-7.4199047623973815,6.610247397204577,0.5349650779366688,0.4650349220633312,0.13082810191178584,0.8691718980882142,102,134,-32
2025-03-18-BKN-BOS,2025-03-18,BKN,BOS,-13.5,13.5,13.86943928297607,6.740119870319867,0.5218558700300777,0.4781441299699223,0.9801926290586039,0.019807370941396063,104,96,8
2025-03-17-WAS-POR,2025-03-17,WAS,POR,-6.0,6.0,5.591259061041203,7.19217221588844,0.4773397657306093,0.5226602342693907,0.7815412335580598,0.21845876644194018,112,97,15
2025-03-20-MIL-LAL,2025-03-20,MIL,LAL,8.5,-8.5,-9.230743325444353,6.975601549700604,0.45828430233160034,0.5417156976683997,0.09286948867657097,0.907130511323429,89,118,-29
2025-03-18-CLE-LAC,2025-03-18,CLE,LAC,2.5,-2.5,-2.7761187665983424,7.268614845624697,0.48484870023507076,0.5151512997649292,0.3512557915998664,0.6487442084001336,132,119,13
2025-03-19-DAL-IND,2025-03-19,DAL,IND,-10.5,10.5,9.802370209604575,7.043000939015245,0.46054812731309347,0.5394518726869065,0.9180068270059729,0.08199317299402709,135,131,4
2025-03-19-HOU-ORL,2025-03-19,HOU,ORL,2.0,-2.0,-1.3515953615115635,6.82338547257789,0.5378532388802924,0.46214676111970765,0.4214901373736163,0.5785098626263837,108,116,-8
2025-03-19-DET-MIA,2025-03-19,DET,MIA,4.5,-4.5,-4.941240151043626,6.877480059383304,0.47442251166392246,0.5255774883360775,0.23623479785349688,0.7637652021465031,113,116,-3
2025-03-19-NOP-MIN,2025-03-19,NOP,MIN,-13.0,13.0,13.02607288859292,7.098029619522546,0.5014654143189612,0.4985345856810388,0.9667595584942358,0.03324044150576422,115,119,-4
2025-03-19-PHI-OKC,2025-03-19,PHI,OKC,-11.5,11.5,12.018557647950292,7.356531419358501,0.5280979402002425,0.4719020597997575,0.9488418160137272,0.05115818398627281,133,100,33
2025-03-19-NYK-SAS,2025-03-19,NYK,SAS,8.0,-8.0,-9.034142011400414,6.372608322375437,0.43554298251204704,0.564457017487953,0.07814617049976402,0.921853829500236,120,105,15
2025-02-13-LAC-UTA,2025-02-13,LAC,UTA,10.0,-10.0,-10.464968513313817,6.5839496242903754,0.47184949235799134,0.5281505076420087,0.055977536055123345,0.9440224639448767,116,120,-4
2025-03-20-TOR-GSW,2025-03-20,TOR,GSW,-14.5,14.5,14.18007653946811,7.375327523296302,0.4827002962916128,0.5172997037083872,0.9727371641636191,0.027262835836380894,117,114,3
2025-03-19-DEN-LAL,2025-03-19,DEN,LAL,-5.5,5.5,5.677181434296092,7.113772388811303,0.5099353555339898,0.49006464446601017,0.7875807053833705,0.21241929461662945,120,108,12
2025-03-19-CHI-PHX,2025-03-19,CHI,PHX,-5.5,5.5,4.817682810362265,7.094041017709794,0.461688117538435,0.538311882461565,0.7514680875059299,0.24853191249407014,127,121,6
2025-03-19-MEM-POR,2025-03-19,MEM,POR,4.5,-4.5,-3.6845697742963495,6.985319307701208,0.5464649149890576,0.4535350850109424,0.29893245928418644,0.7010675407158136,115,99,16
2025-03-19-CLE-SAC,2025-03-19,CLE,SAC,6.5,-6.5,-6.5486227232489655,6.779254284920077,0.497138698008595,0.502861301991405,0.1670271435755657,0.8329728564244343,123,119,4
2025-03-20-NYK-CHA,2025-03-20,NYK,CHA,7.5,-7.5,-7.622130320908378,6.246887304291449,0.49220094061646613,0.5077990593835339,0.11120428838183671,0.8887957116181633,115,98,17
2025-03-20-BKN-IND,2025-03-20,BKN,IND,-8.0,8.0,7.379145426155373,7.133775278811515,0.4653237153841169,0.5346762846158831,0.8495243588022638,0.15047564119773615,105,99,6
2025-03-18-MIL-GSW,2025-03-18,MIL,GSW,2.0,-2.0,-2.5904668364616317,7.339809383969321,0.4679408091830207,0.5320591908169793,0.36206903430182624,0.6379309656981738,104,93,11
2025-03-20-CHI-SAC,2025-03-20,CHI,SAC,-7.5,7.5,6.509581122924037,7.036648660184663,0.4440331281543495,0.5559668718456505,0.8225422199645167,0.1774577800354833,116,128,-12
2025-03-21-ORL-WAS,2025-03-21,ORL,WAS,8.5,-8.5,-8.657809340930305,6.530047910681536,0.4903598424298794,0.5096401575701206,0.09244608086413342,0.9075539191358666,105,120,-15
2025-03-21-HOU-MIA,2025-03-21,HOU,MIA,4.5,-4.5,-4.1225659590445956,6.852999791758816,0.521960938621925,0.47803906137807495,0.27372986772467867,0.7262701322753213,98,102,-4
2025-03-21-NOP-MIN,2025-03-21,NOP,MIN,-15.5,15.5,15.342096261819634,7.1549682751845864,0.49119641599841013,0.5088035840015899,0.9839938804323782,0.016006119567621768,134,93,41
2025-03-21-CHA-OKC,2025-03-21,CHA,OKC,-20.5,20.5,20.436864183654585,7.346996821536273,0.49657176433314776,0.5034282356668522,0.9972959360287683,0.002704063971231685,141,106,35
2025-03-21-PHI-SAS,2025-03-21,PHI,SAS,-6.0,6.0,5.4293721412435705,6.6504524661362625,0.4658115654490971,0.5341884345509029,0.7928618406293773,0.20713815937062274,128,120,8
2025-03-21-DET-DAL,2025-03-21,DET,DAL,9.5,-9.5,-10.64192555827376,6.687189757400312,0.4322050044535459,0.5677949955464541,0.055760939409286836,0.9442390605907132,123,117,6
2025-03-21-BOS-UTA,2025-03-21,BOS,UTA,15.0,-15.0,-14.285204842745644,6.873942248712915,0.5414098513731425,0.45859014862685754,0.01884695736929176,0.9811530426307082,99,121,-22
2025-03-21-CLE-PHX,2025-03-21,CLE,PHX,8.5,-8.5,-8.899091919772804,6.851084880763654,0.47677380381524237,0.5232261961847576,0.09698367005425657,0.9030163299457434,123,112,11
2025-03-21-DEN-POR,2025-03-21,DEN,POR,1.5,-1.5,-0.861276534998226,6.903575420038137,0.5368578177173908,0.46314218228260917,0.4503575536989217,0.5496424463010783,128,109,19
2025-03-21-MEM-LAC,2025-03-21,MEM,LAC,-6.5,6.5,6.702420192233769,7.145698859486672,0.5112995489733199,0.48870045102668014,0.8258689726549953,0.17413102734500474,128,108,20
2025-03-22-BKN-IND,2025-03-22,BKN,IND,-13.0,13.0,12.961662563065952,7.157919228200871,0.49786329645461813,0.5021367035453819,0.9649151997256233,0.03508480027437666,108,103,5
2025-03-22-GSW-ATL,2025-03-22,GSW,ATL,3.0,-3.0,-2.8218435970470503,7.12190256744456,0.5099786130288,0.4900213869712,0.34597119503254137,0.6540288049674586,124,115,9
2025-03-22-WAS-NYK,2025-03-22,WAS,NYK,-15.5,15.5,15.708358499425021,6.9902372200364935,0.5118895404155713,0.48811045958442867,0.9876859071763232,0.012314092823676792,122,103,19
2025-03-22-MIL-SAC,2025-03-22,MIL,SAC,-1.5,1.5,0.3682412621502569,6.809236422017326,0.4339961020420514,0.5660038979579486,0.5215641554391524,0.47843584456084765,108,114,-6
2025-03-22-CHI-LAL,2025-03-22,CHI,LAL,-10.5,10.5,10.335265270016421,7.2595215467636685,0.4909478870468691,0.5090521129531309,0.9227310281973288,0.07726897180267123,115,146,-31
2025-03-23-NOP-DET,2025-03-23,NOP,DET,-11.5,11.5,11.344880725899273,7.096237674144558,0.49128006814196756,0.5087199318580324,0.9450583278055199,0.054941672194480096,136,130,6
2025-03-23-CLE-UTA,2025-03-23,CLE,UTA,16.5,-16.5,-16.083861198404296,6.740657754265229,0.524613320148156,0.475386679851844,0.00851413654407207,0.9914858634559279,91,120,-29
2025-03-23-PHI-ATL,2025-03-23,PHI,ATL,-10.5,10.5,10.038697916844086,7.28936416423995,0.47477007105621094,0.5252299289437891,0.9157702432177466,0.08422975678225342,132,119,13
2025-03-23-CHA-MIA,2025-03-23,CHA,MIA,-7.5,7.5,7.429827638318251,6.623001443659692,0.4957731855474804,0.5042268144525196,0.8690308999916757,0.1309691000083243,122,105,17
2025-03-23-SAS-TOR,2025-03-23,SAS,TOR,1.0,-1.0,0.6542150372900348,7.042859183934103,0.5928484172231615,0.4071515827768385,0.5370047418931345,0.4629952581068655,89,123,-34
2025-03-23-BOS-POR,2025-03-23,BOS,POR,6.5,-6.5,-5.49015371199589,7.01646260960918,0.5572202602720879,0.44277973972791207,0.21696994930685765,0.7830300506931424,116,129,-13
2025-03-23-DEN-HOU,2025-03-23,DEN,HOU,-8.0,8.0,8.451533267317695,7.320542147338299,0.5245912875057945,0.47540871249420547,0.875851467208314,0.12414853279168603,111,116,-5
2025-03-23-OKC-LAC,2025-03-23,OKC,LAC,1.0,-1.0,-1.2398065634959181,7.5630394689901665,0.4873525783484083,0.5126474216515917,0.43489325492708764,0.5651067450729124,101,103,-2
2025-03-24-MIN-IND,2025-03-24,MIN,IND,2.0,-2.0,-1.791312999631331,7.558440828234929,0.5110133152429567,0.4889866847570433,0.4063303184067042,0.5936696815932958,119,103,16
2025-03-24-LAL-ORL,2025-03-24,LAL,ORL,4.0,-4.0,-3.7234225680153794,6.693664900928387,0.5164793195662922,0.4835206804337078,0.28901633246901415,0.7109836675309859,118,106,12
2025-03-24-TOR-WAS,2025-03-24,TOR,WAS,-2.5,2.5,2.7000476671859834,6.674513775744161,0.5119552566890351,0.4880447433109649,0.6570888531315905,0.3429111468684095,104,112,-8
2025-03-24-DAL-BKN,2025-03-24,DAL,BKN,3.0,-3.0,-3.162220919482526,6.667467075305182,0.4902946053679329,0.5097053946320671,0.3176514820603151,0.6823485179396849,101,120,-19
2025-03-24-PHI-NOP,2025-03-24,PHI,NOP,-3.0,3.0,2.372409155981909,6.444583305387569,0.46121124625711907,0.5387887537428809,0.6436098069682441,0.3563901930317559,112,99,13
2025-03-24-CHI-DEN,2025-03-24,CHI,DEN,-2.5,2.5,1.5251424554342865,7.153191161290967,0.44579882582535924,0.5542011741746408,0.584418991780975,0.415581008219025,119,129,-10
2025-03-24-MIL-PHX,2025-03-24,MIL,PHX,-3.0,3.0,2.3570758331301835,6.931256130026765,0.4630482122471107,0.5369517877528893,0.6330961138374119,0.36690388616258807,108,106,2
2025-03-24-BOS-SAC,2025-03-24,BOS,SAC,5.0,-5.0,-4.596830278403739,6.655828966990946,0.5241507321020343,0.47584926789796567,0.2448936087932505,0.7551063912067495,95,113,-18
2025-03-25-ORL-CHA,2025-03-25,ORL,CHA,5.0,-5.0,-5.517723772555687,6.345860185565619,0.4674885673233051,0.5325114326766949,0.19228692548963622,0.8077130745103638,104,111,-7
2025-03-25-SAS-DET,2025-03-25,SAS,DET,-8.5,8.5,8.987046805887902,7.544476522817928,0.5257365351691913,0.4742634648308087,0.8832141866157954,0.11678581338420457,122,96,26
2025-03-25-GSW-MIA,2025-03-25,GSW,MIA,5.0,-5.0,-5.583810439870653,6.846090533167394,0.4660207984570657,0.5339792015429343,0.20735866662475466,0.7926413333752453,112,86,26
2025-03-25-DAL-NYK,2025-03-25,DAL,NYK,-12.5,12.5,13.310596497522164,7.028443971093,0.5459085611493055,0.4540914388506945,0.9708754405866509,0.029124559413349127,128,113,15
2025-03-25-ATL-HOU,2025-03-25,ATL,HOU,-7.5,7.5,8.095301758626277,7.603001049480808,0.5312045995296386,0.4687954004703614,0.8565056517433995,0.14349434825660046,121,114,7
2025-03-25-MEM-UTA,2025-03-25,MEM,UTA,11.0,-11.0,-10.75897408909027,6.725741395955433,0.5142935690931907,0.4857064309068093,0.05483578395578914,0.9451642160442109,103,140,-37
2025-03-25-CLE-POR,2025-03-25,CLE,POR,6.0,-6.0,-5.647493600974628,6.807591678665011,0.5206485484562231,0.4793514515437769,0.20338599670849766,0.7966140032915023,111,122,-11
2025-03-25-OKC-SAC,2025-03-25,OKC,SAC,8.5,-8.5,-9.453323513761328,6.821642762461881,0.44442882137778916,0.5555711786222108,0.08290643203870163,0.9170935679612984,105,121,-16
2025-03-26-WAS-PHI,2025-03-26,WAS,PHI,-3.0,3.0,2.6705212884148137,6.6668098617535385,0.4802919980342196,0.5197080019657804,0.6556314804448431,0.3443685195551569,114,119,-5
2025-03-26-TOR-BKN,2025-03-26,TOR,BKN,-2.5,2.5,2.4539716752291763,6.671246567748501,0.49724751604144,0.50275248395856,0.6435048660549492,0.35649513394505083,86,116,-30
2025-03-26-LAL-IND,2025-03-26,LAL,IND,-1.0,1.0,1.0563799882607374,7.000924409219596,0.5032127354406519,0.4967872645593481,0.5599693472900131,0.44003065270998687,119,120,-1
2025-03-26-LAC-NYK,2025-03-26,LAC,NYK,4.0,-4.0,-4.5810688102569035,7.310815056024527,0.46832513501161,0.53167486498839,0.2654557075575896,0.7345442924424104,113,126,-13
2025-03-26-MIL-DEN,2025-03-26,MIL,DEN,-11.5,11.5,10.207923579060544,6.917856280099418,0.4259188750937434,0.5740811249062566,0.9299730826162794,0.07002691738372058,127,117,10
2025-03-26-BOS-PHX,2025-03-26,BOS,PHX,4.5,-4.5,-4.366096778885762,7.042485957099343,0.5075848838306136,0.4924151161693864,0.26764032283122785,0.7323596771687721,102,132,-30
2025-03-27-SAS-CLE,2025-03-27,SAS,CLE,-14.0,14.0,14.496234888511067,7.385212523268566,0.5267859874929247,0.4732140125070753,0.9751695385456931,0.024830461454306896,124,116,8
2025-03-27-DAL-ORL,2025-03-27,DAL,ORL,-7.0,7.0,6.852325142901771,7.103764929622548,0.4917072845412378,0.5082927154587622,0.8326285814632215,0.1673714185367785,92,101,-9
2025-03-27-IND-WAS,2025-03-27,IND,WAS,12.0,-12.0,-12.160491864863301,6.657106523169376,0.4903830908133273,0.5096169091866727,0.033872948311306716,0.9661270516886933,109,162,-53
2025-03-27-ATL-MIA,2025-03-27,ATL,MIA,-1.0,1.0,1.3830211935821102,6.997553373055988,0.5218257829193524,0.47817421708064756,0.5783380151727877,0.4216619848272123,122,112,10
2025-03-27-LAL-CHI,2025-03-27,LAL,CHI,4.0,-4.0,-3.2421677997407956,6.9164691448167135,0.5436244928023424,0.4563755071976576,0.3196204047548671,0.6803795952451329,119,117,2
2025-03-27-MEM-OKC,2025-03-27,MEM,OKC,-10.5,10.5,10.72581343597682,7.740256080632457,0.5116370503467187,0.4883629496532813,0.9170835100492839,0.0829164899507161,125,104,21
2025-03-27-HOU-UTA,2025-03-27,HOU,UTA,13.5,-13.5,-13.066599735467648,6.6726845604919065,0.5258936557753606,0.4741063442246394,0.025101966514599505,0.9748980334854005,110,121,-11
2025-03-27-POR-SAC,2025-03-27,POR,SAC,-6.0,6.0,5.616200173759474,6.680306147959301,0.47709239912680557,0.5229076008731944,0.7997447911544063,0.20025520884559367,128,107,21
2025-03-28-CLE-DET,2025-03-28,CLE,DET,6.5,-6.5,-5.407899880335055,7.092042965677271,0.5611909909878039,0.4388090090121961,0.2228716892614595,0.7771283107385405,133,122,11
2025-03-28-LAC-BKN,2025-03-28,LAC,BKN,13.0,-13.0,-12.688722433262521,6.651778838012736,0.5186621468303312,0.4813378531696688,0.028223517942909893,0.9717764820570901,100,132,-32
2025-03-28-CHA-TOR,2025-03-28,CHA,TOR,-5.5,5.5,5.9124701457801985,7.051721065222123,0.5233216822128555,0.47667831778714453,0.7991091844971714,0.2008908155028286,108,97,11
2025-03-28-NYK-MIL,2025-03-28,NYK,MIL,-1.0,1.0,0.6141147674647492,6.863686580020076,0.4775827652178791,0.5224172347821209,0.5356470028020566,0.46435299719794343,107,116,-9
2025-03-28-PHX-MIN,2025-03-28,PHX,MIN,-8.5,8.5,9.244512952726677,7.3493963870637335,0.540344873319258,0.45965512668074204,0.8957788338764388,0.10422116612356125,124,109,15
2025-03-28-GSW-NOP,2025-03-28,GSW,NOP,17.5,-17.5,-17.852936116459357,6.300586113142051,0.47766437342541446,0.5223356265745855,0.0023018077792749114,0.9976981922207251,95,111,-16
2025-03-28-UTA-DEN,2025-03-28,UTA,DEN,-19.0,19.0,18.066126436349183,6.824877375583239,0.4455811030046879,0.5544188969953121,0.9959407215473312,0.004059278452668846,129,93,36
2025-03-29-SAC-ORL,2025-03-29,SAC,ORL,-1.5,1.5,1.7517693838208208,6.826909869594956,0.5147092448817121,0.4852907551182879,0.6012553253924662,0.3987446746075338,121,91,30
2025-03-29-BKN-WAS,2025-03-29,BKN,WAS,-2.5,2.5,2.3399290483187,6.380969385133117,0.48999331142207736,0.5100066885779226,0.6430802086113058,0.35691979138869423,112,115,-3
2025-03-29-MIA-PHI,2025-03-29,MIA,PHI,8.0,-8.0,-8.040006788817918,6.198285735509987,0.49742504792055964,0.5025749520794404,0.09729255293984918,0.9027074470601508,95,118,-23
2025-03-29-DAL-CHI,2025-03-29,DAL,CHI,-3.0,3.0,2.891168002994171,7.305454143836029,0.49405703214244656,0.5059429678575534,0.6538570104900161,0.3461429895099839,119,120,-1
2025-03-29-LAL-MEM,2025-03-29,LAL,MEM,-1.5,1.5,1.456377721422892,6.967607182225158,0.49750234805882554,0.5024976519411745,0.5827841615322912,0.4172158384677088,127,134,-7
2025-03-29-IND-OKC,2025-03-29,IND,OKC,-8.5,8.5,8.386665314121542,7.808270212351342,0.4942096765012003,0.5057903234987997,0.8586053936668019,0.14139460633319811,132,111,21
2025-03-29-BOS-SAS,2025-03-29,BOS,SAS,12.5,-12.5,-12.128591546882431,6.999769731477089,0.5211579872443435,0.4788420127556565,0.04157335226136449,0.9584266477386355,111,121,-10
2025-03-30-LAC-CLE,2025-03-30,LAC,CLE,-7.0,7.0,6.7110859305412705,7.3559855411997015,0.48433514987134363,0.5156648501286564,0.8192024739872542,0.1807975260127458,127,122,5
2025-03-30-POR-NYK,2025-03-30,POR,NYK,-7.0,7.0,7.15871625575409,7.289185112568848,0.5086859670850659,0.49131403291493414,0.8369749625979246,0.1630250374020754,110,93,17
2025-03-30-ATL-MIL,2025-03-30,ATL,MIL,-4.5,4.5,4.409340354682374,7.288330584752763,0.49503767940565413,0.5049623205943459,0.7274059593504543,0.27259404064954573,124,145,-21
2025-03-30-DET-MIN,2025-03-30,DET,MIN,-8.0,8.0,7.9612069233955705,7.59554088363696,0.49796247148176653,0.5020375285182335,0.8527134517528125,0.14728654824718745,123,104,19
2025-03-30-CHA-NOP,2025-03-30,CHA,NOP,-2.5,2.5,1.9529754283391674,6.335918725943986,0.46559924089174154,0.5344007591082585,0.6210496512496955,0.37895034875030453,98,94,4
2025-03-30-GSW-SAS,2025-03-30,GSW,SAS,11.5,-11.5,-12.258595435539338,6.775218021629145,0.45542510211141407,0.5445748978885859,0.03519998762854515,0.9648000123714549,106,148,-42
2025-03-30-TOR-PHI,2025-03-30,TOR,PHI,6.0,-6.0,-7.114523177625722,6.500729731265577,0.43193660006227164,0.5680633999377284,0.13688559205045658,0.8631144079495434,109,127,-18
2025-03-30-HOU-PHX,2025-03-30,HOU,PHX,2.5,-2.5,-2.875331553697066,6.951082914812154,0.47846912509781536,0.5215308749021846,0.3395643763227537,0.6604356236772463,109,148,-39
2025-03-31-UTA-CHA,2025-03-31,UTA,CHA,-4.5,4.5,2.918805024669507,6.617273595677198,0.4055723263877662,0.5944276736122338,0.6704256308923846,0.3295743691076154,110,106,4
2025-03-31-SAC-IND,2025-03-31,SAC,IND,-4.0,4.0,3.893383719027088,7.00953157190983,0.4939322475615845,0.5060677524384155,0.7107035939522097,0.2892964060477903,111,109,2
2025-03-31-LAC-ORL,2025-03-31,LAC,ORL,3.0,-3.0,-2.3868960615487116,7.240883533528744,0.5337391328599195,0.4662608671400805,0.3708354122308093,0.6291645877691907,87,96,-9
2025-03-31-MIA-WAS,2025-03-31,MIA,WAS,9.5,-9.5,-9.654300745177311,6.369766384259854,0.49033699704247835,0.5096630029575216,0.06480464691655174,0.9351953530834483,94,120,-26
2025-03-31-BOS-MEM,2025-03-31,BOS,MEM,4.0,-4.0,-3.4614573692235076,7.240656764817347,0.529645031684209,0.47035496831579104,0.316304291240172,0.683695708759828,103,117,-14
2025-03-31-CHI-OKC,2025-03-31,CHI,OKC,-15.5,15.5,15.470007367551922,7.98366692793594,0.49850127752731055,0.5014987224726895,0.9736705108584724,0.02632948914152755,145,117,28
2025-03-31-BKN-DAL,2025-03-31,BKN,DAL,-9.5,9.5,8.538569773480248,6.8810239948335985,0.4444398336609128,0.5555601663390872,0.8926761595147223,0.10732384048527766,109,113,-4
2025-03-31-HOU-LAL,2025-03-31,HOU,LAL,-4.0,4.0,4.134187064205893,7.041597924791789,0.5076019185017614,0.4923980814982386,0.7214348221012453,0.2785651778987547,104,98,6
2025-04-01-POR-ATL,2025-04-01,POR,ATL,-6.0,6.0,6.372505917660284,7.128284563235137,0.5208382183705635,0.47916178162943646,0.8143322809443749,0.18566771905562507,113,127,-14
2025-04-01-PHI-NYK,2025-04-01,PHI,NYK,-13.0,13.0,12.807723058604202,7.045323374284414,0.4891136465666073,0.5108863534333927,0.9654606130128516,0.034539386987148424,105,91,14
2025-04-01-TOR-CHI,2025-04-01,TOR,CHI,-4.0,4.0,3.078408192274857,7.272660011303427,0.44958098985225303,0.550419010147747,0.6639563465291896,0.33604365347081044,137,118,19
2025-04-01-GSW-MEM,2025-04-01,GSW,MEM,4.0,-4.0,-4.6211378342484855,7.188468843898826,0.4655712307909148,0.5344287692090852,0.2601593349665421,0.7398406650334579,125,134,-9
2025-04-01-PHX-MIL,2025-04-01,PHX,MIL,-6.5,6.5,6.208646052152515,6.962011444832071,0.48330949458020434,0.5166905054197957,0.8137470124784307,0.18625298752156927,133,123,10
2025-04-01-MIN-DEN,2025-04-01,MIN,DEN,-3.5,3.5,3.9165191447506262,7.258652823431838,0.5228797210122738,0.47712027898772624,0.7052516667729184,0.2947483332270816,139,140,-1
2025-04-02-NYK-CLE,2025-04-02,NYK,CLE,-10.5,10.5,10.762011886543087,6.921705802905878,0.5150978190812918,0.4849021809187082,0.9400056184414065,0.05999438155859349,124,105,19
2025-04-02-CHA-IND,2025-04-02,CHA,IND,-15.0,15.0,14.618084998188602,7.154513590600605,0.4787141766241554,0.5212858233758446,0.9794835593847611,0.02051644061523894,119,105,14
2025-04-02-SAC-WAS,2025-04-02,SAC,WAS,14.0,-14.0,-13.87423430157061,6.285806833879259,0.5079814586310218,0.49201854136897816,0.013648925878262608,0.9863510741217374,116,111,5
2025-04-02-MIA-BOS,2025-04-02,MIA,BOS,-10.0,10.0,9.82163525180501,7.188158153252987,0.4901017845743837,0.5098982154256163,0.9140875137342488,0.08591248626575121,103,124,-21
2025-04-02-UTA-HOU,2025-04-02,UTA,HOU,-15.0,15.0,14.563292068757349,7.198342906930716,0.4758118713659202,0.5241881286340798,0.9784709042501628,0.02152909574983719,143,105,38
2025-04-02-DET-OKC,2025-04-02,DET,OKC,-12.5,12.5,12.29262540212144,8.04936202364002,0.48972324217416585,0.5102767578258341,0.9366387934053045,0.06336120659469546,119,103,16
2025-04-02-ATL-DAL,2025-04-02,ATL,DAL,-3.5,3.5,3.551917254691821,7.142273168819091,0.5028998898659307,0.4971001101340693,0.6905144430008537,0.30948555699914626,120,118,2
2025-04-02-SAS-DEN,2025-04-02,SAS,DEN,-2.0,2.0,1.4302032731770908,6.889631932080127,0.46704364788622943,0.5329563521137706,0.582224569603373,0.417775430396627,106,113,-7
2025-04-02-NOP-LAC,2025-04-02,NOP,LAC,-18.0,18.0,17.170140173473385,7.358475278902309,0.45510405053614456,0.5448959494638554,0.9901859702710694,0.00981402972893064,114,98,16
2025-04-03-ORL-WAS,2025-04-03,ORL,WAS,15.5,-15.5,-16.244214650688424,6.444542531879511,0.4540324049771737,0.5459675950228263,0.005857487015374363,0.9941425129846256,97,109,-12
2025-04-03-MIN-BKN,2025-04-03,MIN,BKN,14.0,-14.0,-12.950919515167678,6.650925098285569,0.562667001429084,0.437332998570916,0.025753235217295778,0.9742467647827042,90,105,-15
2025-04-03-MEM-MIA,2025-04-03,MEM,MIA,5.5,-5.5,-5.779727579921315,7.041111276784625,0.48415508487572767,0.5158449151242723,0.20586458735806357,0.7941354126419364,108,110,-2
2025-04-03-MIL-PHI,2025-04-03,MIL,PHI,11.5,-11.5,-12.008903359367077,6.319851622288394,0.467910026250158,0.532089973749842,0.028704255878137963,0.971295744121862,113,126,-13
2025-04-03-POR-TOR,2025-04-03,POR,TOR,5.0,-5.0,-3.9803452779258173,6.976214656976933,0.5581030921069454,0.4418969078930546,0.28414915231063576,0.7158508476893642,103,112,-9
2025-04-03-GSW-LAL,2025-04-03,GSW,LAL,-1.0,1.0,1.1743231659655327,6.95748071852252,0.509994653006766,0.49000534699323395,0.5670173917179698,0.43298260828203017,116,123,-7
2025-04-04-SAC-CHA,2025-04-04,SAC,CHA,11.5,-11.5,-11.695685383418455,6.209152913876671,0.48742916257117197,0.512570837428828,0.029808188876105368,0.9701918111238946,102,125,-23
2025-04-04-UTA-IND,2025-04-04,UTA,IND,-17.5,17.5,16.89655099134761,7.12593402829322,0.4662565083969752,0.5337434916030248,0.9911332217623454,0.008866778237654582,140,112,28
2025-04-04-PHX-BOS,2025-04-04,PHX,BOS,-15.0,15.0,15.252156786790167,7.338425641280491,0.5137054208258793,0.48629457917412067,0.9811635639262953,0.018836436073704665,123,103,20
2025-04-04-DET-TOR,2025-04-04,DET,TOR,10.0,-10.0,-9.82483069880639,6.981827556822197,0.5100081402854435,0.4899918597145565,0.07968398296770518,0.9203160170322948,105,117,-12
2025-04-04-POR-CHI,2025-04-04,POR,CHI,-6.0,6.0,6.965353376935301,7.183933231054952,0.5534476548902395,0.4465523451097605,0.8338705089040306,0.16612949109596942,118,113,5
2025-04-04-OKC-HOU,2025-04-04,OKC,HOU,5.5,-5.5,-5.179854413853244,7.589776233688551,0.5168228604080163,0.4831771395919837,0.24746841171591494,0.7525315882840851,125,111,14
2025-04-04-CLE-SAS,2025-04-04,CLE,SAS,12.5,-12.5,-11.900814439606274,6.68395889987303,0.5357154609919953,0.4642845390080047,0.037496771312838684,0.9625032286871613,113,114,-1
2025-04-04-DEN-GSW,2025-04-04,DEN,GSW,-3.0,3.0,2.7093357346413804,7.18762185810613,0.48387134585720837,0.5161286541427916,0.6468926372905561,0.3531073627094439,118,104,14
2025-04-04-NOP-LAL,2025-04-04,NOP,LAL,-16.0,16.0,14.52902049835459,6.720210569953325,0.41336829653576146,0.5866317034642385,0.9846904831905099,0.015309516809490109,124,108,16
2025-04-04-DAL-LAC,2025-04-04,DAL,LAC,-12.0,12.0,11.26649905902512,7.51513079664867,0.4611236850050636,0.5388763149949364,0.9330859297108003,0.06691407028919971,114,91,23
2025-04-05-NYK-ATL,2025-04-05,NYK,ATL,1.5,-1.5,-1.1881154535728307,6.919458271558433,0.5179756578721344,0.4820243421278656,0.43183416659476515,0.5681658334052349,105,121,-16
2025-04-05-MEM-DET,2025-04-05,MEM,DET,1.0,-1.0,-1.3327490898989884,7.258156802083969,0.4817169567159094,0.5182830432840906,0.42715544354452983,0.5728445564554702,103,109,-6
2025-04-05-MIN-PHI,2025-04-05,MIN,PHI,16.0,-16.0,-16.103184271915524,6.501206005252278,0.49366843005712124,0.5063315699428788,0.0066254602165720655,0.9933745397834279,109,114,-5
2025-04-05-MIL-MIA,2025-04-05,MIL,MIA,-1.0,1.0,0.6112957110868413,7.050913817509306,0.4780181592233903,0.5219818407766097,0.5345439680308638,0.4654560319691362,115,121,-6
2025-04-05-DAL-LAC,2025-04-05,DAL,LAC,-9.0,9.0,7.955576084090497,7.474975635313956,0.4444395378886825,0.5555604621113175,0.8564023646321239,0.14359763536787606,135,104,31
2025-04-06-CHI-CHA,2025-04-06,CHI,CHA,8.0,-8.0,-7.892336070899282,6.7495266207840245,0.5063633902644613,0.4936366097355387,0.12113797262261716,0.8788620273773828,117,131,-14
2025-04-06-TOR-BKN,2025-04-06,TOR,BKN,2.0,-2.0,-1.2902388279888646,6.513403528794221,0.543386588888147,0.45661341111185305,0.4214874010243004,0.5785125989756996,109,120,-11
2025-04-06-LAL-OKC,2025-04-06,LAL,OKC,-9.0,9.0,9.081841639169427,7.691506870340172,0.5042448735484442,0.49575512645155584,0.8811514253848869,0.11884857461511311,99,126,-27
2025-04-06-UTA-ATL,2025-04-06,UTA,ATL,-13.5,13.5,12.526246935042881,6.971033859832979,0.44445420119397383,0.5555457988060262,0.9638242083132457,0.03617579168675433,147,134,13
2025-04-06-WAS-BOS,2025-04-06,WAS,BOS,-19.0,19.0,18.21713737261847,7.088555556236551,0.4560300731217066,0.5439699268782934,0.9949141415187214,0.005085858481278627,124,90,34
2025-04-06-SAC-CLE,2025-04-06,SAC,CLE,-9.5,9.5,9.064737105729872,6.998109963508476,0.47520289332350796,0.524797106676492,0.9023937212311234,0.09760627876887662,113,120,-7
2025-04-06-SAS-POR,2025-04-06,SAS,POR,-3.5,3.5,4.059779269842656,6.987396174871991,0.5319261944430856,0.46807380555691436,0.719384696852936,0.28061530314706395,120,109,11
2025-04-06-PHX-NYK,2025-04-06,PHX,NYK,-9.5,9.5,9.308830132474549,7.121227898355086,0.4892916524056764,0.5107083475943236,0.9044266730452915,0.09557332695470855,112,98,14
2025-03-13-ORL-NOP,2025-03-13,ORL,NOP,2.5,-2.5,-3.6098763141565615,6.577049651694564,0.4329966929037734,0.5670033070962266,0.291550930040814,0.708449069959186,93,113,-20
2025-04-06-IND-DEN,2025-04-06,IND,DEN,-6.0,6.0,5.641217424280136,7.345110139577851,0.4805208311776423,0.5194791688223577,0.7787633973746375,0.2212366026253625,120,125,-5
2025-04-06-HOU-GSW,2025-04-06,HOU,GSW,-5.5,5.5,6.026761025733965,7.400356630732151,0.5283729464093613,0.4716270535906387,0.7922886209313758,0.20771137906862425,96,106,-10
2025-04-07-SAC-DET,2025-04-07,SAC,DET,-5.5,5.5,5.389593318179334,6.998093794522084,0.49370627665453726,0.5062937233454627,0.7793950226535997,0.22060497734640028,117,127,-10
2025-04-07-PHI-MIA,2025-04-07,PHI,MIA,6.5,-6.5,-6.476157779397846,6.670964004667449,0.5014258283511042,0.49857417164889584,0.16582446678822582,0.8341755332117742,117,105,12
2025-04-08-MEM-CHA,2025-04-08,MEM,CHA,14.5,-14.5,-14.770084630145647,6.468445485757161,0.48334733152812526,0.5166526684718747,0.011203243923728401,0.9887967560762716,100,124,-24
2025-04-08-CHI-CLE,2025-04-08,CHI,CLE,-15.0,15.0,15.152864999721025,7.683598670406625,0.5079364229449506,0.49206357705504944,0.9757012015549356,0.02429879844506444,135,113,22
2025-04-08-WAS-IND,2025-04-08,WAS,IND,-19.0,19.0,18.48240581924371,7.223588442427542,0.47143889816456963,0.5285611018354304,0.9947455476270405,0.005254452372959517,104,98,6
2025-04-08-ATL-ORL,2025-04-08,ATL,ORL,-5.5,5.5,6.976171666450586,7.431267393311193,0.5787291199049813,0.4212708800950187,0.8260728402089429,0.1739271597910571,119,112,7
2025-04-08-NOP-BKN,2025-04-08,NOP,BKN,-1.5,1.5,1.5283239840657554,6.419785014665899,0.5017601209555332,0.49823987904446676,0.5940845308350828,0.40591546916491716,119,114,5
2025-04-08-BOS-NYK,2025-04-08,BOS,NYK,2.0,-2.0,-1.3514725908898728,7.397900983121088,0.5349280161152168,0.4650719838847832,0.427523279779941,0.572476720220059,117,119,-2
2025-04-08-MIN-MIL,2025-04-08,MIN,MIL,6.0,-6.0,-6.678331040424706,7.097723154741484,0.4619309546427637,0.5380690453572363,0.1733750455203349,0.8266249544796651,110,103,7
2025-04-08-LAL-OKC,2025-04-08,LAL,OKC,-9.0,9.0,9.132680664765681,7.609761406480295,0.5069554408318377,0.49304455916816226,0.8849550032365934,0.11504499676340663,136,120,16
2025-04-08-GSW-PHX,2025-04-08,GSW,PHX,10.0,-10.0,-10.197064260906016,6.536319123077699,0.48797406374125374,0.5120259362587463,0.05937259391999783,0.9406274060800022,95,133,-38
2025-04-08-SAS-LAC,2025-04-08,SAS,LAC,-13.0,13.0,13.24519410430026,7.42775490893422,0.5131669035749765,0.4868330964250235,0.962723359820598,0.03727664017940202,122,117,5
2025-04-09-BOS-ORL,2025-04-09,BOS,ORL,-8.0,8.0,8.664355073738575,7.647751303808805,0.5346123129563358,0.4653876870436642,0.8713778504509199,0.12862214954908013,96,76,20
2025-04-09-PHI-WAS,2025-04-09,PHI,WAS,3.0,-3.0,-3.8086632326603116,6.315484226845863,0.4490568651587511,0.5509431348412489,0.27323189565582795,0.726768104344172,103,122,-19
2025-04-09-CHA-TOR,2025-04-09,CHA,TOR,-11.5,11.5,12.201183431162777,6.86550913140096,0.5406737748273182,0.45932622517268185,0.9622299417913103,0.03777005820868973,126,96,30
2025-04-09-LAL-DAL,2025-04-09,LAL,DAL,4.5,-4.5,-3.9506390573974546,6.781232885906716,0.5322837780191239,0.46771622198087615,0.28008662602351264,0.7199133739764874,97,112,-15
2025-04-09-MIA-CHI,2025-04-09,MIA,CHI,2.5,-2.5,-3.153732055735372,7.312651524534946,0.46438304363593463,0.5356169563640654,0.3331357903125869,0.6668642096874131,119,111,8
2025-04-10-NOP-MIL,2025-04-10,NOP,MIL,-16.5,16.5,15.247555603453625,6.863353142361424,0.42760189721841846,0.5723981027815815,0.9868444814105322,0.01315551858946784,136,111,25
2025-04-09-POR-UTA,2025-04-09,POR,UTA,6.5,-6.5,-6.187247978472695,6.352480802773072,0.5196332144865934,0.4803667855134066,0.16503093976563976,0.8349690602343602,133,126,7
2025-04-09-SAS-GSW,2025-04-09,SAS,GSW,-17.5,17.5,17.330606462533083,7.28487742167924,0.49072432508063246,0.5092756749193675,0.9913197840764488,0.008680215923551171,111,114,-3
2025-04-09-OKC-PHX,2025-04-09,OKC,PHX,7.5,-7.5,-8.046208406470358,6.546193128805867,0.4667512032320005,0.5332487967679995,0.10950907068745241,0.8904909293125476,112,125,-13
2025-04-09-DEN-SAC,2025-04-09,DEN,SAC,4.5,-4.5,-5.04907183788797,6.845536875033107,0.4680356223972918,0.5319643776027082,0.23038748695363187,0.7696125130463681,116,124,-8
2025-04-09-HOU-LAC,2025-04-09,HOU,LAC,-10.5,10.5,9.754277716976421,7.996590464051855,0.46285047862861495,0.537149521371385,0.888730518668658,0.11126948133134196,134,117,17
2025-04-10-NYK-DET,2025-04-10,NYK,DET,-4.0,4.0,4.1586405878369375,6.9509781157491615,0.5091041782872168,0.49089582171278323,0.7251738914996221,0.2748261085003779,115,106,9
2025-04-10-CLE-IND,2025-04-10,CLE,IND,-10.0,10.0,10.394211498598304,7.785630509423808,0.5201911022400547,0.4798088977599453,0.9090701241139897,0.09092987588601031,114,112,2
2025-04-10-ATL-BKN,2025-04-10,ATL,BKN,13.5,-13.5,-12.272974162599922,6.744346963239045,0.5721827285450544,0.42781727145494564,0.03439912117571542,0.9656008788242846,109,133,-24
2025-04-10-MIN-MEM,2025-04-10,MIN,MEM,2.0,-2.0,-1.824034189019382,7.105565495022404,0.5098785982916745,0.4901214017083255,0.3987032557877752,0.6012967442122248,125,141,-16
2025-04-11-MIL-DET,2025-04-11,MIL,DET,-4.5,4.5,3.6970941599007228,7.100761620106867,0.45498626093099737,0.5450137390690026,0.6986987478665919,0.3013012521334081,119,125,-6
2025-04-11-ORL-IND,2025-04-11,ORL,IND,-3.5,3.5,2.5552744583928386,7.4232287456443995,0.4493648861386762,0.5506351138613238,0.6346621447083118,0.36533785529168816,115,129,-14
2025-04-11-ATL-PHI,2025-04-11,ATL,PHI,11.5,-11.5,-10.622019348145061,6.59605436284163,0.5529455990391443,0.4470544009608557,0.05365968939357324,0.9463403106064268,110,124,-14
2025-04-11-CHA-BOS,2025-04-11,CHA,BOS,-20.0,20.0,19.168310432190303,6.846323080558671,0.4516555293353154,0.5483444706646846,0.9974432572979699,0.0025567427020301015,130,94,36
2025-04-11-CLE-NYK,2025-04-11,CLE,NYK,-3.5,3.5,3.3849387999678484,7.299943696377356,0.49371216014293984,0.5062878398570602,0.6785664383058202,0.3214335616941798,102,108,-6
2025-04-11-WAS-CHI,2025-04-11,WAS,CHI,-14.0,14.0,13.24938218635902,6.999457936212292,0.4572995213059914,0.5427004786940086,0.9708154439727639,0.02918455602723613,119,89,30
2025-04-11-MIA-NOP,2025-04-11,MIA,NOP,14.5,-14.5,-14.88884229245807,6.612215581214891,0.4765530531344876,0.5234469468655124,0.012170061415676336,0.9878299385843237,104,153,-49
2025-04-11-TOR-DAL,2025-04-11,TOR,DAL,-11.0,11.0,10.427387892376409,7.190154569863365,0.4682624431911624,0.5317375568088376,0.9265029985190149,0.07349700148098515,124,102,22
2025-04-11-BKN-MIN,2025-04-11,BKN,MIN,-21.5,21.5,20.47882114258924,7.1442745283008815,0.44317009613322234,0.5568299038667777,0.9979245873040842,0.0020754126959158237,117,91,26
2025-04-11-MEM-DEN,2025-04-11,MEM,DEN,-7.0,7.0,6.699098013310417,7.072696225833386,0.4830324507387659,0.5169675492612341,0.8282258049230622,0.1717741950769378,117,109,8
2025-04-11-OKC-UTA,2025-04-11,OKC,UTA,9.0,-9.0,-9.27556294051424,6.4769566450433915,0.48303206923179254,0.5169679307682075,0.07605951679061862,0.9239404832093814,111,145,-34
2025-04-11-SAS-PHX,2025-04-11,SAS,PHX,-5.5,5.5,4.92054339356395,6.330022258654767,0.4635313624049807,0.5364686375950193,0.7815192169494363,0.21848078305056373,117,98,19
2025-04-11-GSW-POR,2025-04-11,GSW,POR,15.5,-15.5,-14.577877301670664,6.829545324181267,0.5537018239254972,0.44629817607450284,0.01639966288991057,0.9836003371100894,86,103,-17
2025-04-11-LAC-SAC,2025-04-11,LAC,SAC,7.0,-7.0,-7.388820444501402,6.977061143103407,0.4777790879163163,0.5222209120836837,0.14479621189201008,0.8552037881079899,100,101,-1
2025-04-11-HOU-LAL,2025-04-11,HOU,LAL,-14.0,14.0,13.674854729879781,7.302585968496026,0.4822430916603617,0.5177569083396383,0.969438484428273,0.030561515571727038,140,109,31
2025-04-13-ORL-ATL,2025-04-13,ORL,ATL,3.5,-3.5,-3.844112960774282,6.967012713985784,0.4803035507389103,0.5196964492610897,0.2905566917473821,0.7094433082526179,117,105,12
2025-04-13-CHA-BOS,2025-04-13,CHA,BOS,-10.5,10.5,9.861011375419713,6.8334028528188915,0.4627493700099312,0.5372506299900688,0.9254982367276204,0.07450176327237956,93,86,7
2025-04-13-NYK-BKN,2025-04-13,NYK,BKN,4.5,-4.5,-4.367412762801443,6.443216366518281,0.5082087763290496,0.4917912236709504,0.24893937886133977,0.7510606211386602,105,113,-8
2025-04-13-IND-CLE,2025-04-13,IND,CLE,7.0,-7.0,-6.703574255505388,7.170289995196748,0.5164879086419727,0.4835120913580273,0.1749173977645201,0.8250826022354799,118,126,-8
2025-04-13-WAS-MIA,2025-04-13,WAS,MIA,-8.5,8.5,8.157813799644622,7.014147272657145,0.48054525983644136,0.5194547401635586,0.8775956754869465,0.1224043245130535,118,119,-1
2025-04-13-CHI-PHI,2025-04-13,CHI,PHI,8.0,-8.0,-7.715663139234934,6.791236881832482,0.5166981163677911,0.48330188363220894,0.1279530775897828,0.8720469224102172,102,122,-20
2025-04-13-DET-MIL,2025-04-13,DET,MIL,9.0,-9.0,-9.533434989213209,6.767361780173822,0.4685860447436301,0.5314139552563699,0.07945643000829095,0.920543569991709,140,133,7
2025-04-13-DEN-HOU,2025-04-13,DEN,HOU,6.0,-6.0,-6.0047928526194605,7.054112594120247,0.4997289423182564,0.5002710576817436,0.19731605336486635,0.8026839466351336,111,126,-15
2025-04-13-DAL-MEM,2025-04-13,DAL,MEM,2.0,-2.0,-2.7037939184202116,6.814584262640857,0.45887132594774893,0.5411286740522511,0.3457700895061546,0.6542299104938454,132,97,35
2025-04-13-UTA-MIN,2025-04-13,UTA,MIN,-23.0,23.0,22.84904438604635,7.119660985454338,0.4915420038817908,0.5084579961182092,0.9993346799212206,0.0006653200787793967,116,105,11
2025-04-13-OKC-NOP,2025-04-13,OKC,NOP,12.5,-12.5,-12.34267718768721,6.803994852763454,0.5092235709770624,0.4907764290229376,0.034836254889163865,0.9651637451108361,100,115,-15
2025-04-13-TOR-SAS,2025-04-13,TOR,SAS,-4.5,4.5,4.392713202639028,6.948744078985959,0.49384067989299785,0.5061593201070022,0.7363586057872058,0.2636413942127942,125,118,7
2025-04-13-LAC-GSW,2025-04-13,LAC,GSW,-3.5,3.5,3.8754890934531563,7.472193620982905,0.5200390221544686,0.4799609778455314,0.6979992567191785,0.3020007432808215,119,124,-5
2025-04-13-LAL-POR,2025-04-13,LAL,POR,-6.0,6.0,6.629822366214376,7.304784023876423,0.5343544454291997,0.46564555457080026,0.817955216808129,0.182044783191871,109,81,28
2025-04-13-PHX-SAC,2025-04-13,PHX,SAC,-14.0,14.0,13.804497952213495,6.813889158021108,0.4885552389651726,0.5114447610348274,0.9786142876834576,0.021385712316542405,109,98,11
2024-12-10-ORL-MIL,2024-12-10,ORL,MIL,-8.0,8.0,7.392093949725018,7.243465897633491,0.46655813144642266,0.5334418685535773,0.8462587880958363,0.15374121190416368,114,109,5
2024-12-11-ATL-NYK,2024-12-11,ATL,NYK,-8.0,8.0,7.576815144512735,7.4897337635878385,0.4774709554920793,0.5225290445079207,0.8441417283933237,0.1558582716066763,100,108,-8
2024-12-10-DAL-OKC,2024-12-10,DAL,OKC,-4.5,4.5,5.299397786861987,7.784576174014586,0.540895477380243,0.459104522619757,0.7519870867595512,0.24801291324044883,118,104,14
2024-12-11-GSW-HOU,2024-12-11,GSW,HOU,-3.5,3.5,3.9687746075582235,7.189492431135713,0.5259937103173229,0.4740062896826771,0.7095341515211364,0.2904658484788636,91,90,1
2024-12-12-DET-BOS,2024-12-12,DET,BOS,-11.5,11.5,11.954455716749386,7.314538677941233,0.5247705333457747,0.4752294666542253,0.948906440821105,0.05109355917889502,123,99,24
2024-12-12-TOR-MIA,2024-12-12,TOR,MIA,-11.5,11.5,11.64099226376943,7.246597143193317,0.5077614672871802,0.4922385327128198,0.9459078625553653,0.0540921374446347,114,104,10
2024-12-12-SAC-NOP,2024-12-12,SAC,NOP,7.0,-7.0,-6.408058093326735,6.695356339434432,0.535224916846633,0.464775083153367,0.16926093432799094,0.8307390656720091,109,111,-2
2024-12-13-WAS-CLE,2024-12-13,WAS,CLE,-17.0,17.0,16.775951320963912,7.051745085851699,0.4873269022020419,0.5126730977979581,0.9913196603332961,0.008680339666703896,115,105,10
2024-12-13-IND-PHI,2024-12-13,IND,PHI,-6.5,6.5,6.873364708916676,7.067961656453743,0.5210643083003896,0.47893569169961037,0.8345910472154711,0.16540895278452894,107,121,-14
2024-12-13-LAL-MIN,2024-12-13,LAL,MIN,-8.5,8.5,8.597881735957952,6.88252413016084,0.505673477624409,0.49432652237559105,0.8942102126033804,0.1057897873966196,97,87,10
2024-12-13-BKN-MEM,2024-12-13,BKN,MEM,-10.0,10.0,10.039888645199596,7.471851327430348,0.502129752158265,0.49787024784173495,0.9104764690643405,0.08952353093565946,135,119,16
2024-12-13-CHA-CHI,2024-12-13,CHA,CHI,-5.5,5.5,5.246378808183601,6.8759409284840585,0.48528822755975487,0.5147117724402451,0.7772698580716202,0.2227301419283798,109,95,14
2024-12-13-LAC-DEN,2024-12-13,LAC,DEN,-7.0,7.0,6.6385284101207835,7.294607584178187,0.480239196777852,0.519760803222148,0.8186044875957467,0.18139551240425333,120,98,22
2024-12-13-PHX-UTA,2024-12-13,PHX,UTA,7.0,-7.0,-6.769448786982252,6.590581431079299,0.5139529223493383,0.4860470776506617,0.15217730951839048,0.8478226904816095,126,134,-8
2024-12-13-SAS-POR,2024-12-13,SAS,POR,3.5,-3.5,-3.1313566306646496,6.5651245512316025,0.5223895491018222,0.4776104508981778,0.31669232935241043,0.6833076706475896,116,118,-2
2024-12-15-NOP-IND,2024-12-15,NOP,IND,-7.0,7.0,6.277707958204663,6.971431239581979,0.45874044739856146,0.5412595526014385,0.816070374224364,0.18392962577563599,119,104,15
2024-12-15-BOS-WAS,2024-12-15,BOS,WAS,17.5,-17.5,-17.165059576963912,6.892655090127804,0.5193785014376279,0.48062149856237213,0.006381034401164887,0.9936189655988351,98,112,-14
2024-12-15-MIN-SAS,2024-12-15,MIN,SAS,4.5,-4.5,-5.413702528637835,6.719532558139549,0.4459196934690255,0.5540803065309745,0.21021757447982692,0.7897824255201731,92,106,-14
2024-12-15-POR-PHX,2024-12-15,POR,PHX,-11.5,11.5,10.9687919248543,6.800924136261471,0.46887098448372944,0.5311290155162706,0.9466101946303158,0.053389805369684185,116,109,7
2024-12-15-MEM-LAL,2024-12-15,MEM,LAL,2.5,-2.5,-2.044890520275867,7.176367124204137,0.5252830968750262,0.47471690312497383,0.3878420406062971,0.6121579593937029,116,110,6
2024-12-16-MIA-DET,2024-12-16,MIA,DET,4.5,-4.5,-4.512664184438667,6.7200107460320595,0.49924817447177083,0.5007518255282292,0.250942644449496,0.749057355550504,125,124,1
2024-12-16-PHI-CHA,2024-12-16,PHI,CHA,2.5,-2.5,-2.067063360923261,6.503514087533526,0.5265378449676617,0.47346215503233835,0.37530394422489244,0.6246960557751076,108,121,-13
2024-12-16-CHI-TOR,2024-12-16,CHI,TOR,1.0,-1.0,-0.048873881369837835,7.306688817865445,0.5517848169400342,0.44821518305996577,0.4973315255681179,0.5026684744318821,121,122,-1
2024-12-16-CLE-BKN,2024-12-16,CLE,BKN,10.5,-10.5,-10.122776631218652,6.813407112002029,0.5220761069474573,0.4779238930525427,0.06867734836115957,0.9313226516388404,101,130,-29
2024-12-16-DEN-SAC,2024-12-16,DEN,SAC,-1.5,1.5,1.6220436934280826,7.213468907660555,0.5067493278563552,0.4932506721436448,0.5889571504013414,0.41104284959865856,129,130,-1
2024-12-16-UTA-LAC,2024-12-16,UTA,LAC,-7.5,7.5,8.149669918826177,7.118266395529536,0.536360176894146,0.46363982310585405,0.8738737396126979,0.12612626038730212,144,107,37
2024-12-15-NYK-ORL,2024-12-15,NYK,ORL,4.5,-4.5,-3.7879537512865236,7.1138596261952785,0.5398646809939536,0.46013531900604643,0.2971984606096937,0.7028015393903063,91,100,-9
2024-12-15-DAL-GSW,2024-12-15,DAL,GSW,-1.0,1.0,1.8787308150581632,7.2563723485501646,0.548193218935115,0.45180678106488503,0.6021467789547711,0.3978532210452289,133,143,-10
2025-04-20-MIA-CLE,2025-04-20,MIA,CLE,-12.5,12.5,13.120027528138781,7.44244123182038,0.5331973552183522,0.4668026447816478,0.9610384641415952,0.03896153585840478,121,100,21
2025-04-23-MIA-CLE,2025-04-23,MIA,CLE,-12.0,12.0,12.473742601183815,7.35680062482909,0.5256722215177129,0.47432777848228713,0.9550133937141239,0.04498660628587614,121,112,9
2025-04-26-CLE-MIA,2025-04-26,CLE,MIA,4.5,-4.5,-3.79041048697864,7.115723924509812,0.5397172202820403,0.4602827797179597,0.297127232187546,0.702872767812454,87,124,-37
2025-04-28-CLE-MIA,2025-04-28,CLE,MIA,8.0,-8.0,-7.637164263325465,6.912602738134166,0.5209304775907799,0.47906952240922007,0.13461934466608794,0.8653806553339121,83,138,-55
2025-04-20-ORL-BOS,2025-04-20,ORL,BOS,-12.5,12.5,12.426857369664344,7.323784798401126,0.4960158301360921,0.5039841698639079,0.9551309442379377,0.04486905576206235,103,86,17
2025-04-23-ORL-BOS,2025-04-23,ORL,BOS,-10.0,10.0,10.082415768918988,7.204299114351851,0.5045637219029804,0.4954362780970196,0.9191684333244885,0.0808315666755115,109,100,9
2025-04-25-BOS-ORL,2025-04-25,BOS,ORL,6.0,-6.0,-5.58449951269435,6.942764466252789,0.5238610740006697,0.4761389259993303,0.2105938205211122,0.7894061794788878,95,93,2
2025-04-27-BOS-ORL,2025-04-27,BOS,ORL,8.0,-8.0,-7.625085589982069,6.820183224738096,0.5219193399551733,0.47808066004482674,0.13177971608652705,0.868220283913473,98,107,-9
2025-04-29-ORL-BOS,2025-04-29,ORL,BOS,-11.5,11.5,11.183336374577046,7.136738734033165,0.48230437276710136,0.5176956272328986,0.941443747746268,0.058556252253731955,120,89,31
2025-04-19-DET-NYK,2025-04-19,DET,NYK,-6.5,6.5,6.738272607007387,7.106791561765238,0.513373012364255,0.48662698763574497,0.8284723121919726,0.1715276878080274,123,112,11
2025-04-21-DET-NYK,2025-04-21,DET,NYK,-6.5,6.5,6.49940739711984,7.0552173852936315,0.4999664908490845,0.5000335091509155,0.8215322121527314,0.17846778784726858,94,100,-6
2025-04-24-NYK-DET,2025-04-24,NYK,DET,1.5,-1.5,-1.4548994812760525,6.710906487678263,0.5026810637851697,0.49731893621483025,0.41418356025972014,0.5858164397402799,116,118,-2
2025-04-27-NYK-DET,2025-04-27,NYK,DET,-2.5,2.5,2.5137308923668042,6.816964394686092,0.5008035585183654,0.49919644148163456,0.6438416097922086,0.3561583902077914,93,94,-1
2025-04-29-DET-NYK,2025-04-29,DET,NYK,-5.5,5.5,5.256630735325087,7.007576079502375,0.48614773860030225,0.5138522613996978,0.7734134131113571,0.22658658688864286,103,106,-3
2025-05-01-NYK-DET,2025-05-01,NYK,DET,-1.5,1.5,1.0800573850210058,6.724394621187733,0.4751019922280463,0.5248980077719537,0.5638027777240411,0.4361972222759589,113,116,-3
2025-04-19-MIL-IND,2025-04-19,MIL,IND,-6.5,6.5,6.6542731539838735,7.574413178723029,0.5081249632612881,0.4918750367387119,0.8101691943617779,0.18983080563822208,117,98,19
2025-04-22-MIL-IND,2025-04-22,MIL,IND,-4.0,4.0,4.1574113451070716,7.430867603401485,0.5084503382376384,0.4915496617623616,0.7120824312393839,0.28791756876061614,123,115,8
2025-04-25-IND-MIL,2025-04-25,IND,MIL,-5.0,5.0,4.501589097239002,7.3158454247466835,0.4728420346724821,0.5271579653275179,0.7308284334544486,0.2691715665455514,117,101,16
2025-04-27-IND-MIL,2025-04-27,IND,MIL,-4.0,4.0,3.477343458087529,7.294168724420512,0.47143862273804926,0.5285613772619507,0.6832225280302268,0.31677747196977324,103,129,-26
2025-04-29-MIL-IND,2025-04-29,MIL,IND,-8.0,8.0,7.629735399440705,7.42440062044367,0.4801124692337084,0.5198875307662916,0.8479443400295819,0.15205565997041814,119,118,1
2025-04-20-MEM-OKC,2025-04-20,MEM,OKC,-13.0,13.0,13.562266058475403,7.771163077727301,0.5288394600901272,0.47116053990987283,0.9595253304954998,0.04047466950450018,131,80,51
2025-04-22-MEM-OKC,2025-04-22,MEM,OKC,-14.5,14.5,14.768973652449095,7.880049621781985,0.5136146514690932,0.48638534853090676,0.9695501821634114,0.030449817836588622,118,99,19
2025-04-24-OKC-MEM,2025-04-24,OKC,MEM,10.0,-10.0,-9.214935715885181,7.2817064384724475,0.5429280756011879,0.45707192439881206,0.102847643178967,0.897152356821033,108,114,-6
2025-04-26-OKC-MEM,2025-04-26,OKC,MEM,15.5,-15.5,-14.812225064021368,7.087429454734573,0.5386532895752603,0.46134671042473974,0.018312084529914507,0.9816879154700855,115,117,-2
2025-04-20-GSW-HOU,2025-04-20,GSW,HOU,-1.5,1.5,2.0826103935362146,7.472797687657644,0.531071718765554,0.46892828123444596,0.6097594737692583,0.3902405262307417,85,95,-10
2025-04-23-GSW-HOU,2025-04-23,GSW,HOU,-4.0,4.0,4.321163057784802,7.324463407394049,0.5174872165613261,0.4825127834386739,0.7223923020890354,0.2776076979109646,109,94,15
2025-04-26-HOU-GSW,2025-04-26,HOU,GSW,-2.0,2.0,2.6934932459144107,7.063815809178693,0.5391035090291041,0.4608964909708959,0.6485128387802652,0.3514871612197348,104,93,11
2025-04-28-HOU-GSW,2025-04-28,HOU,GSW,-3.5,3.5,3.8165341578883174,6.9970292326085115,0.5180413424010122,0.4819586575989878,0.707278194193535,0.292721805806465,109,106,3
2025-04-30-GSW-HOU,2025-04-30,GSW,HOU,-4.0,4.0,3.6124827030819473,6.976951641156168,0.4778531383031923,0.5221468616968077,0.6976919468095049,0.30230805319049514,131,116,15
2025-05-02-HOU-GSW,2025-05-02,HOU,GSW,-5.5,5.5,5.494583169846178,6.880710788997112,0.4996859332680642,0.5003140667319358,0.7877239497263302,0.2122760502736698,107,115,-8
2025-05-04-GSW-HOU,2025-05-04,GSW,HOU,-2.5,2.5,2.1169779113269533,6.73561847802214,0.47732629992242936,0.5226737000775706,0.6233518801142561,0.37664811988574387,89,103,-14
2025-04-19-MIN-LAL,2025-04-19,MIN,LAL,-4.5,4.5,4.725943723578352,7.258769117105173,0.5124158723425272,0.48758412765747283,0.742498322950795,0.257501677049205,95,117,-22
2025-04-22-MIN-LAL,2025-04-22,MIN,LAL,-5.5,5.5,5.76371808129701,7.234779755545269,0.5145387976462925,0.4854612023537075,0.7871780859240656,0.21282191407593443,94,85,9
2025-04-25-LAL-MIN,2025-04-25,LAL,MIN,-4.0,4.0,4.211800135483998,7.120268157305341,0.5118652230587889,0.4881347769412111,0.7229148698164352,0.27708513018356484,116,104,12
2025-04-27-LAL-MIN,2025-04-27,LAL,MIN,-2.5,2.5,2.500913754148386,7.048998362219223,0.5000517144626698,0.4999482855373302,0.6386265198254875,0.36137348017451254,116,113,3
2025-04-30-MIN-LAL,2025-04-30,MIN,LAL,-6.0,6.0,5.904897240664328,7.033896210351581,0.4946062104685993,0.5053937895314007,0.7994032677286103,0.20059673227138974,96,103,-7
2025-04-19-LAC-DEN,2025-04-19,LAC,DEN,-2.5,2.5,2.2489635903222007,7.3321960977665634,0.4863438628889817,0.5136561371110183,0.6204734293898782,0.37952657061012185,112,110,2
2025-04-21-LAC-DEN,2025-04-21,LAC,DEN,-1.0,1.0,0.576511395756191,7.179828326776749,0.4764827804629751,0.5235172195370249,0.5319990747446588,0.4680009252553412,102,105,-3
2025-04-24-DEN-LAC,2025-04-24,DEN,LAC,-5.5,5.5,5.230095296261114,7.301211273719613,0.48525561383160876,0.5147443861683912,0.7631069839752538,0.23689301602474622,117,83,34
2025-04-26-DEN-LAC,2025-04-26,DEN,LAC,-6.5,6.5,5.829809911482592,7.139080200901108,0.4626037295287482,0.5373962704712518,0.7929229546116632,0.20707704538833682,99,101,-2
2025-04-29-LAC-DEN,2025-04-29,LAC,DEN,1.5,-1.5,-1.4108379032370366,6.89324712682491,0.5051600555898972,0.4948399444101028,0.41891514961166454,0.5810848503883355,131,115,16
2025-05-01-DEN-LAC,2025-05-01,DEN,LAC,-6.5,6.5,5.808401497992475,6.955344000054032,0.46039679702717495,0.539603202972825,0.7981690426339797,0.2018309573660203,111,105,6
2025-05-03-LAC-DEN,2025-05-03,LAC,DEN,-1.5,1.5,1.0674029003188878,6.787080255637359,0.4745892955290053,0.5254107044709947,0.5624838983938482,0.43751610160615184,120,101,19
2025-05-04-IND-CLE,2025-05-04,IND,CLE,-8.5,8.5,8.593730727479368,7.490148760557271,0.504992180454732,0.49500781954526796,0.8743789793713856,0.12562102062861435,112,121,-9
2025-05-06-IND-CLE,2025-05-06,IND,CLE,-5.5,5.5,5.290796708150501,7.355800156050406,0.48865537581694474,0.5113446241830553,0.7640123068301167,0.23598769316988333,119,120,-1
2025-05-09-CLE-IND,2025-05-09,CLE,IND,5.5,-5.5,-4.8326447498852865,7.3413169371280835,0.536215573577532,0.463784426422468,0.2551789981467565,0.7448210018532435,104,126,-22
2025-05-11-CLE-IND,2025-05-11,CLE,IND,5.0,-5.0,-4.884962256118841,7.264911505955016,0.5063168700734255,0.4936831299265745,0.2506629750346876,0.7493370249653124,129,109,20
2025-05-13-IND-CLE,2025-05-13,IND,CLE,-8.5,8.5,8.270313698839399,7.461998497889606,0.48772217532133944,0.5122778246786606,0.8661390914169471,0.13386090858305288,105,114,-9
2025-05-05-NYK-BOS,2025-05-05,NYK,BOS,-9.0,9.0,9.17877954423312,7.130723132775357,0.510001124191698,0.48999887580830204,0.9009904606899403,0.09900953931005974,105,108,-3
2025-05-07-NYK-BOS,2025-05-07,NYK,BOS,-10.0,10.0,9.738918178937263,7.076706964271254,0.48528511150007203,0.514714888499928,0.9156191341881397,0.08438086581186033,90,91,-1
2025-05-10-BOS-NYK,2025-05-10,BOS,NYK,6.0,-6.0,-6.039960764591646,6.7980859105123965,0.4976549359696595,0.5023450640303405,0.18714140771004706,0.8128585922899529,93,115,-22
2025-05-12-BOS-NYK,2025-05-12,BOS,NYK,5.5,-5.5,-5.7373070007477445,6.849480981340625,0.48618101723153284,0.5138189827684672,0.2011202434210525,0.7988797565789475,121,113,8
2025-05-14-NYK-BOS,2025-05-14,NYK,BOS,-5.0,5.0,4.705553663144069,6.845718286052115,0.4828460829103687,0.5171539170896313,0.7540757665106447,0.24592423348935533,127,102,25
2025-05-16-BOS-NYK,2025-05-16,BOS,NYK,-3.0,3.0,2.4865919764521167,6.8679806832689705,0.4702052792024183,0.5297947207975817,0.6413448193483113,0.35865518065168867,119,81,38
2025-05-05-DEN-OKC,2025-05-05,DEN,OKC,-10.5,10.5,10.973362548151398,7.323016427929231,0.5257698324374614,0.47423016756253855,0.932995156004579,0.06700484399542095,119,121,-2
2025-05-07-DEN-OKC,2025-05-07,DEN,OKC,-10.0,10.0,10.020151402737337,7.457372412351131,0.5010780253865718,0.49892197461342824,0.9104703523488796,0.08952964765112037,149,106,43
2025-05-09-OKC-DEN,2025-05-09,OKC,DEN,6.0,-6.0,-5.9725862775019625,7.1697281809822355,0.5015253669377823,0.49847463306221773,0.2024143922998286,0.7975856077001714,113,104,9
2025-05-11-OKC-DEN,2025-05-11,OKC,DEN,6.5,-6.5,-6.6118574506772925,7.03519616532925,0.4936572079458327,0.5063427920541673,0.17365351283642316,0.8263464871635768,87,92,-5
2025-05-13-DEN-OKC,2025-05-13,DEN,OKC,-10.0,10.0,10.198497344613978,7.486806489315797,0.5105758986734827,0.48942410132651726,0.9134319703705986,0.08656802962940136,112,105,7
2025-05-15-OKC-DEN,2025-05-15,OKC,DEN,5.5,-5.5,-5.760402246916118,6.91805052896237,0.4849869642606217,0.5150130357393783,0.2025175089974629,0.7974824910025371,119,107,12
2025-05-18-DEN-OKC,2025-05-18,DEN,OKC,-8.0,8.0,8.483625845783155,7.482185584201159,0.5257684779425942,0.4742315220574058,0.8715698536460357,0.12843014635396433,125,93,32
2025-05-06-GSW-MIN,2025-05-06,GSW,MIN,-6.0,6.0,6.060468251562122,6.984494981784193,0.5034537988625516,0.4965462011374484,0.8072215677293171,0.19277843227068292,88,99,-11
2025-05-08-GSW-MIN,2025-05-08,GSW,MIN,-11.0,11.0,10.726581649151527,7.120757367409053,0.484685429186816,0.515314570813184,0.93401544727448,0.06598455272551995,117,93,24
2025-05-10-MIN-GSW,2025-05-10,MIN,GSW,5.5,-5.5,-5.310771051308119,6.764371131748706,0.5111586992846997,0.4888413007153003,0.21619472783307425,0.7838052721669257,97,102,-5
2025-05-12-MIN-GSW,2025-05-12,MIN,GSW,4.5,-4.5,-4.435002793121737,6.681065282539806,0.5038810764173776,0.49611892358262244,0.25340381385201516,0.7465961861479848,110,117,-7
2025-05-14-GSW-MIN,2025-05-14,GSW,MIN,-9.5,9.5,9.341332612918574,6.990828777675755,0.49094618147589464,0.5090538185241054,0.9092624194632181,0.09073758053678194,121,110,11
2025-05-21-IND-NYK,2025-05-21,IND,NYK,-4.5,4.5,4.5533452524951965,7.159332910497028,0.5029725506582301,0.4970274493417699,0.7376122223997462,0.2623877776002538,135,138,-3
2025-05-23-IND-NYK,2025-05-23,IND,NYK,-6.0,6.0,5.8252484633228265,7.139202634816317,0.4902357701660599,0.5097642298339401,0.7927362771950972,0.2072637228049028,109,114,-5
2025-05-25-NYK-IND,2025-05-25,NYK,IND,-1.5,1.5,0.7316077972162539,6.8264760691911,0.4551894638474626,0.5448105361525374,0.5426737767865604,0.45732622321343963,100,106,-6
2025-05-27-NYK-IND,2025-05-27,NYK,IND,-3.0,3.0,2.1317085610908406,6.917602063163959,0.4500562879812392,0.5499437120187608,0.6210186232394875,0.37898137676051247,130,121,9
2025-05-29-IND-NYK,2025-05-29,IND,NYK,-4.5,4.5,3.8000996753654332,6.922927308251732,0.45973597625428897,0.540264023745711,0.708468159307264,0.29153184069273597,111,94,17
2025-05-31-NYK-IND,2025-05-31,NYK,IND,-4.5,4.5,3.7060578165302718,6.926883088035549,0.45437414484730576,0.5456258551526942,0.7036838243754023,0.29631617562459767,125,108,17
2025-05-20-MIN-OKC,2025-05-20,MIN,OKC,-7.0,7.0,6.903574194741748,7.525455423478377,0.49488837872566793,0.5051116212743321,0.8205237668689055,0.1794762331310945,114,88,26
2025-05-22-MIN-OKC,2025-05-22,MIN,OKC,-8.0,8.0,7.85544914275769,7.369322329208439,0.49217516234604675,0.5078248376539533,0.856780558422684,0.14321944157731603,118,103,15
2025-05-24-OKC-MIN,2025-05-24,OKC,MIN,3.0,-3.0,-3.092123326384432,7.020787501934776,0.4947654254877951,0.5052345745122049,0.32981502219696823,0.6701849778030318,143,101,42
2025-05-26-OKC-MIN,2025-05-26,OKC,MIN,3.0,-3.0,-3.1043739507386667,6.999887834951693,0.49405167054083476,0.5059483294591652,0.3287060010641053,0.6712939989358947,126,128,-2
2025-05-28-MIN-OKC,2025-05-28,MIN,OKC,-9.0,9.0,9.00338920591133,7.42802164731381,0.5001820265950073,0.4998179734049927,0.8872599638240906,0.11274003617590944,124,94,30
2025-06-05-IND-OKC,2025-06-05,IND,OKC,-10.0,10.0,9.962538107856242,7.43387881960054,0.4979896000745251,0.5020103999254749,0.9099022638167462,0.09009773618325378,110,111,-1
2025-06-08-IND-OKC,2025-06-08,IND,OKC,-11.5,11.5,11.404004868525508,7.513278983496336,0.49490296116832166,0.5050970388316783,0.9354734612742712,0.06452653872572878,123,107,16
2025-06-11-OKC-IND,2025-06-11,OKC,IND,5.5,-5.5,-5.523319326507113,7.031606196763036,0.49867696682934215,0.5013230331706579,0.2160805410972153,0.7839194589027847,116,107,9
2025-06-13-OKC-IND,2025-06-13,OKC,IND,6.0,-6.0,-6.346520140292254,6.961762647949943,0.480150935862953,0.519849064137047,0.18098295513720886,0.8190170448627911,104,111,-7
2025-06-16-IND-OKC,2025-06-16,IND,OKC,-9.0,9.0,8.725952000336074,7.371212575990935,0.4851714827209693,0.5148285172790307,0.8817514765421653,0.11824852345783465,120,109,11
2025-06-19-OKC-IND,2025-06-19,OKC,IND,4.5,-4.5,-4.637516678344981,6.869749975648207,0.4920146215260546,0.5079853784739454,0.24981774730537398,0.750182252694626,108,91,17
2025-06-22-IND-OKC,2025-06-22,IND,OKC,-6.5,6.5,5.956812916790852,7.141500487222946,0.4696854278633785,0.5303145721366215,0.7978911287699706,0.2021088712300294,103,91,12
2025-04-15-ATL-ORL,2025-04-15,ATL,ORL,-6.0,6.0,6.80309274773494,7.5535323678023865,0.5423358303957921,0.45766416960420786,0.8161129139844738,0.18388708601552617,120,95,25
2025-04-16-MIA-CHI,2025-04-16,MIA,CHI,-2.0,2.0,2.793068370330902,7.533437831216578,0.5419204471330026,0.4580795528669974,0.6445904159909116,0.3554095840090884,90,109,-19
2025-04-15-MEM-GSW,2025-04-15,MEM,GSW,-6.5,6.5,6.742113494027384,7.47993591580541,0.5129108653940104,0.48708913460598957,0.8163014742801229,0.1836985257198771,121,116,5
2025-04-16-DAL-SAC,2025-04-16,DAL,SAC,-5.5,5.5,4.466401105727636,6.740266849396675,0.43906236631619333,0.5609376336838067,0.7462208852119987,0.2537791147880013,106,120,-14
2025-04-18-MIA-ATL,2025-04-18,MIA,ATL,2.0,-2.0,-1.346936042535824,7.156133281027801,0.5363567350764238,0.4636432649235762,0.42535162446139296,0.574648375538607,114,123,-9
2025-04-18-DAL-MEM,2025-04-18,DAL,MEM,-6.0,6.0,5.661791282452118,6.8595877905342695,0.4803383067478436,0.5196616932521564,0.7954230793506285,0.2045769206493715,120,106,14
