game_id,date,away_team,home_team,market_spread_home,baseline_margin,pred_margin_mu,actual_home,actual_away,actual_margin
2024-11-12-ATL-BOS,2024-11-12,ATL,BOS,-16.0,16.0,16.05352682620287,116,117,-1
2024-11-12-MIA-DET,2024-11-12,MIA,DET,1.5,-1.5,-1.4889014512300491,123,121,2
2024-11-12-CHA-ORL,2024-11-12,CHA,ORL,-9.0,9.0,9.01109854876995,114,89,25
2024-11-12-NYK-PHI,2024-11-12,NYK,PHI,3.5,-3.5,-3.488901451230049,99,111,-12
2024-11-12-TOR-MIL,2024-11-12,TOR,MIL,-9.0,9.0,9.059283751994371,99,85,14
2024-11-12-PHX-UTA,2024-11-12,PHX,UTA,5.5,-5.5,-5.488901451230049,112,120,-8
2024-11-12-DAL-GSW,2024-11-12,DAL,GSW,-2.5,2.5,2.511098548769951,120,117,3
2024-11-12-MIN-POR,2024-11-12,MIN,POR,9.0,-9.0,-8.98890145123005,122,108,14
2024-11-15-MIA-IND,2024-11-15,MIA,IND,-4.5,4.5,4.511098548769951,111,124,-13
2024-11-15-PHI-ORL,2024-11-15,PHI,ORL,-2.5,2.5,2.511098548769951,98,86,12
2024-11-15-DET-TOR,2024-11-15,DET,TOR,2.5,-2.5,-2.488901451230049,95,99,-4
2024-11-15-WAS-ATL,2024-11-15,WAS,ATL,-9.5,9.5,9.51109854876995,129,117,12
2024-11-15-CHI-CLE,2024-11-15,CHI,CLE,-10.0,10.0,10.01109854876995,144,126,18
2024-11-15-BKN-NYK,2024-11-15,BKN,NYK,-8.5,8.5,8.51109854876995,124,122,2
2024-11-15-LAL-SAS,2024-11-15,LAL,SAS,2.5,-2.5,-2.488901451230049,115,120,-5
2024-11-15-LAC-HOU,2024-11-15,LAC,HOU,-5.0,5.0,5.011098548769951,125,104,21
2024-11-15-DEN-NOP,2024-11-15,DEN,NOP,2.0,-2.0,-1.9824442900717258,101,94,7
2024-11-15-PHX-OKC,2024-11-15,PHX,OKC,-7.5,7.5,7.511098548769951,99,83,16
2024-11-15-MEM-GSW,2024-11-15,MEM,GSW,-7.0,7.0,7.011098548769951,123,118,5
2024-11-15-MIN-SAC,2024-11-15,MIN,SAC,1.5,-1.5,-1.4889014512300491,126,130,-4
2024-11-19-CLE-BOS,2024-11-19,CLE,BOS,-7.0,7.0,7.003192018717527,120,117,3
2024-11-19-CHA-BKN,2024-11-19,CHA,BKN,-1.5,1.5,1.5110985487699509,116,115,1
2024-11-19-DEN-MEM,2024-11-19,DEN,MEM,-6.0,6.0,6.111993506550789,110,122,-12
2024-11-19-NOP-DAL,2024-11-19,NOP,DAL,-13.0,13.0,13.01109854876995,132,91,41
2024-11-19-OKC-SAS,2024-11-19,OKC,SAS,10.0,-10.0,-9.98890145123005,110,104,6
2024-11-19-UTA-LAL,2024-11-19,UTA,LAL,-10.5,10.5,10.51109854876995,124,118,6
2024-11-22-BKN-PHI,2024-11-22,BKN,PHI,-2.5,2.5,2.511098548769951,113,98,15
2024-11-22-BOS-WAS,2024-11-22,BOS,WAS,15.5,-15.5,-15.48890145123005,96,108,-12
2024-11-22-IND-MIL,2024-11-22,IND,MIL,-5.5,5.5,5.511098548769951,129,117,12
2024-11-22-ATL-CHI,2024-11-22,ATL,CHI,2.5,-2.5,-2.488901451230049,136,122,14
2024-11-22-POR-HOU,2024-11-22,POR,HOU,-11.5,11.5,11.51109854876995,116,88,28
2024-11-22-GSW-NOP,2024-11-22,GSW,NOP,10.5,-10.5,-10.48890145123005,108,112,-4
2024-11-22-DAL-DEN,2024-11-22,DAL,DEN,-4.5,4.5,4.511098548769951,120,123,-3
2024-11-22-SAC-LAC,2024-11-22,SAC,LAC,4.0,-4.0,-3.988901451230049,104,88,16
2024-11-26-CHI-WAS,2024-11-26,CHI,WAS,5.5,-5.5,-5.488901451230049,108,127,-19
2024-11-26-MIL-MIA,2024-11-26,MIL,MIA,-5.5,5.5,5.511098548769951,103,106,-3
2024-11-26-HOU-MIN,2024-11-26,HOU,MIN,-2.5,2.5,2.511098548769951,111,117,-6
2024-11-26-SAS-UTA,2024-11-26,SAS,UTA,1.5,-1.5,-1.4889014512300491,115,128,-13
2024-11-26-LAL-PHX,2024-11-26,LAL,PHX,-2.5,2.5,2.511098548769951,127,100,27
2024-11-29-NYK-CHA,2024-11-29,NYK,CHA,12.5,-12.5,-12.548638187348843,98,99,-1
2024-11-29-CLE-ATL,2024-11-29,CLE,ATL,5.5,-5.5,-5.488901451230049,117,101,16
2024-11-29-NOP-MEM,2024-11-29,NOP,MEM,-11.5,11.5,11.51109854876995,120,109,11
2024-11-29-ORL-BKN,2024-11-29,ORL,BKN,8.0,-8.0,-7.666472315788269,100,123,-23
2024-11-29-LAC-MIN,2024-11-29,LAC,MIN,-6.5,6.5,6.511098548769951,93,92,1
2024-11-29-DET-IND,2024-11-29,DET,IND,-4.5,4.5,4.511098548769951,106,130,-24
2024-11-29-TOR-MIA,2024-11-29,TOR,MIA,-8.0,8.0,8.01109854876995,121,111,10
2024-11-29-BOS-CHI,2024-11-29,BOS,CHI,12.5,-12.5,-12.48890145123005,129,138,-9
2024-11-29-OKC-LAL,2024-11-29,OKC,LAL,3.0,-3.0,-2.988901451230049,93,101,-8
2024-11-29-SAC-POR,2024-11-29,SAC,POR,7.0,-7.0,-6.988901451230049,115,106,9
2024-12-03-PHI-CHA,2024-12-03,PHI,CHA,5.0,-5.0,-4.988901451230049,104,110,-6
2024-12-03-WAS-CLE,2024-12-03,WAS,CLE,-16.0,16.0,16.01109854876995,118,87,31
2024-12-03-MIL-DET,2024-12-03,MIL,DET,2.5,-2.5,-2.488901451230049,107,128,-21
2024-12-03-ORL-NYK,2024-12-03,ORL,NYK,-5.0,5.0,5.036302335560322,121,106,15
2024-12-03-IND-TOR,2024-12-03,IND,TOR,3.0,-3.0,-2.988901451230049,122,111,11
2024-12-03-UTA-OKC,2024-12-03,UTA,OKC,-13.5,13.5,13.51109854876995,133,106,27
2024-12-03-MEM-DAL,2024-12-03,MEM,DAL,-4.5,4.5,4.511098548769951,121,116,5
2024-12-03-SAS-PHX,2024-12-03,SAS,PHX,-6.5,6.5,6.511098548769951,104,93,11
2024-12-03-GSW-DEN,2024-12-03,GSW,DEN,-5.0,5.0,5.011098548769951,119,115,4
2024-12-03-HOU-SAC,2024-12-03,HOU,SAC,-1.5,1.5,1.5110985487699509,120,111,9
2024-12-03-POR-LAC,2024-12-03,POR,LAC,-8.5,8.5,8.51109854876995,127,105,22
2024-10-22-NYK-BOS,2024-10-22,NYK,BOS,-6.0,6.0,5.913940034806728,132,109,23
2024-10-22-MIN-LAL,2024-10-22,MIN,LAL,1.0,-1.0,-0.9889014512300491,110,103,7
2024-10-23-IND-DET,2024-10-23,IND,DET,5.0,-5.0,-4.988901451230049,109,115,-6
2024-10-23-BKN-ATL,2024-10-23,BKN,ATL,-7.0,7.0,7.011098548769951,120,116,4
2024-10-23-ORL-MIA,2024-10-23,ORL,MIA,-2.0,2.0,2.011098548769951,97,116,-19
2024-10-23-MIL-PHI,2024-10-23,MIL,PHI,4.0,-4.0,-3.988901451230049,109,124,-15
2024-10-23-CLE-TOR,2024-10-23,CLE,TOR,6.5,-6.5,-6.301058739423752,106,136,-30
2024-10-23-CHA-HOU,2024-10-23,CHA,HOU,-8.5,8.5,8.51109854876995,105,110,-5
2024-10-23-CHI-NOP,2024-10-23,CHI,NOP,-5.0,5.0,5.011098548769951,123,111,12
2024-10-23-MEM-UTA,2024-10-23,MEM,UTA,2.0,-2.0,-1.951389841735363,124,126,-2
2024-10-23-PHX-LAC,2024-10-23,PHX,LAC,5.0,-5.0,-4.988901451230049,113,116,-3
2024-10-23-GSW-POR,2024-10-23,GSW,POR,7.5,-7.5,-7.488901451230049,104,139,-35
2024-10-24-BOS-WAS,2024-10-24,BOS,WAS,14.0,-14.0,-13.987925723195076,102,122,-20
2024-10-24-SAS-DAL,2024-10-24,SAS,DAL,-9.0,9.0,9.01109854876995,120,109,11
2024-10-24-OKC-DEN,2024-10-24,OKC,DEN,-2.0,2.0,1.8806001469492912,87,102,-15
2024-10-24-MIN-SAC,2024-10-24,MIN,SAC,1.0,-1.0,-0.987925723195076,115,117,-2
2024-10-25-BKN-ORL,2024-10-25,BKN,ORL,-12.0,12.0,12.01109854876995,116,101,15
2024-10-25-PHI-TOR,2024-10-25,PHI,TOR,5.5,-5.5,-5.488901451230049,115,107,8
2024-10-25-CHA-ATL,2024-10-25,CHA,ATL,-5.5,5.5,5.511098548769951,125,120,5
2024-10-25-DET-CLE,2024-10-25,DET,CLE,-10.5,10.5,10.51109854876995,113,101,12
2024-10-25-IND-NYK,2024-10-25,IND,NYK,-4.5,4.5,4.511098548769951,123,98,25
2024-10-25-MEM-HOU,2024-10-25,MEM,HOU,-4.0,4.0,4.011098548769951,128,108,20
2024-10-25-CHI-MIL,2024-10-25,CHI,MIL,-9.0,9.0,9.01109854876995,122,133,-11
2024-10-25-GSW-UTA,2024-10-25,GSW,UTA,6.5,-6.5,-6.488901451230049,86,127,-41
2024-10-25-PHX-LAL,2024-10-25,PHX,LAL,-1.5,1.5,1.5110985487699509,123,116,7
2024-10-25-NOP-POR,2024-10-25,NOP,POR,6.5,-6.5,-6.488901451230049,103,105,-2
2024-10-26-LAC-DEN,2024-10-26,LAC,DEN,-7.5,7.5,7.512074276804924,104,109,-5
2024-10-26-MIA-CHA,2024-10-26,MIA,CHA,6.0,-6.0,-5.987925723195076,106,114,-8
2024-10-26-BOS-DET,2024-10-26,BOS,DET,12.5,-12.5,-12.487925723195076,118,124,-6
2024-10-26-CLE-WAS,2024-10-26,CLE,WAS,9.5,-9.5,-9.487925723195076,116,135,-19
2024-10-26-OKC-CHI,2024-10-26,OKC,CHI,9.5,-9.5,-9.487925723195076,95,114,-19
2024-10-26-ORL-MEM,2024-10-26,ORL,MEM,-1.0,1.0,1.012074276804924,124,111,13
2024-10-26-TOR-MIN,2024-10-26,TOR,MIN,-15.0,15.0,15.012074276804924,112,101,11
2024-10-26-HOU-SAS,2024-10-26,HOU,SAS,1.5,-1.5,-1.487925723195076,109,106,3
2024-10-26-DAL-PHX,2024-10-26,DAL,PHX,3.5,-3.5,-3.487925723195076,114,102,12
2024-10-26-SAC-LAL,2024-10-26,SAC,LAL,-1.0,1.0,1.012074276804924,131,127,4
2024-10-27-PHI-IND,2024-10-27,PHI,IND,-8.0,8.0,8.01109854876995,114,118,-4
2024-10-27-MIL-BKN,2024-10-27,MIL,BKN,8.5,-8.5,-8.48890145123005,115,102,13
2024-10-27-NOP-POR,2024-10-27,NOP,POR,6.5,-6.5,-6.488901451230049,125,103,22
2024-10-27-ATL-OKC,2024-10-27,ATL,OKC,-10.5,10.5,10.51109854876995,128,104,24
2024-10-27-LAC-GSW,2024-10-27,LAC,GSW,-9.0,9.0,9.01109854876995,104,112,-8
2024-10-28-IND-ORL,2024-10-28,IND,ORL,-5.5,5.5,5.511098548769951,119,115,4
2024-10-28-WAS-ATL,2024-10-28,WAS,ATL,-8.0,8.0,8.103371992707253,119,121,-2
2024-10-28-MIL-BOS,2024-10-28,MIL,BOS,-9.0,9.0,8.912736169993877,119,108,11
2024-10-28-DET-MIA,2024-10-28,DET,MIA,-8.5,8.5,8.51109854876995,106,98,8
2024-10-28-CLE-NYK,2024-10-28,CLE,NYK,-3.0,3.0,3.2383966147899628,104,110,-6
2024-10-28-DEN-TOR,2024-10-28,DEN,TOR,8.5,-8.5,-8.48890145123005,125,127,-2
2024-10-28-CHI-MEM,2024-10-28,CHI,MEM,-5.0,5.0,5.011098548769951,123,126,-3
2024-10-28-HOU-SAS,2024-10-28,HOU,SAS,2.5,-2.5,-2.488901451230049,101,106,-5
2024-10-28-UTA-DAL,2024-10-28,UTA,DAL,-11.5,11.5,11.51109854876995,110,102,8
2024-10-28-LAL-PHX,2024-10-28,LAL,PHX,-4.5,4.5,4.610775977373123,109,105,4
2024-10-28-POR-SAC,2024-10-28,POR,SAC,-13.0,13.0,13.01109854876995,111,98,13
2024-10-29-DEN-BKN,2024-10-29,DEN,BKN,5.5,-5.5,-5.420028313994408,139,144,-5
2024-10-29-DAL-MIN,2024-10-29,DAL,MIN,-4.0,4.0,4.011098548769951,114,120,-6
2024-10-29-SAC-UTA,2024-10-29,SAC,UTA,6.5,-6.5,-6.605588831007481,96,113,-17
2024-10-29-NOP-GSW,2024-10-29,NOP,GSW,1.5,-1.5,-1.4581022262573242,124,106,18
2024-10-30-TOR-CHA,2024-10-30,TOR,CHA,-6.5,6.5,6.59223347902298,138,133,5
2024-10-30-LAL-CLE,2024-10-30,LAL,CLE,-4.0,4.0,3.996060664765537,134,110,24
2024-10-30-BOS-IND,2024-10-30,BOS,IND,6.5,-6.5,-6.488901451230049,135,132,3
2024-10-30-DET-PHI,2024-10-30,DET,PHI,-4.0,4.0,4.111651077866554,95,105,-10
2024-10-30-ATL-WAS,2024-10-30,ATL,WAS,5.5,-5.5,-5.02582061290741,133,120,13
2024-10-30-NYK-MIA,2024-10-30,NYK,MIA,2.0,-2.0,-1.8257150053977966,107,116,-9
2024-10-30-ORL-CHI,2024-10-30,ORL,CHI,5.5,-5.5,-5.488901451230049,102,99,3
2024-10-30-BKN-MEM,2024-10-30,BKN,MEM,-12.0,12.0,12.01109854876995,106,119,-13
2024-10-30-SAS-OKC,2024-10-30,SAS,OKC,-12.5,12.5,12.916121065616608,105,93,12
2024-10-30-NOP-GSW,2024-10-30,NOP,GSW,-3.5,3.5,3.55468675121665,104,89,15
2024-10-30-POR-LAC,2024-10-30,POR,LAC,-8.0,8.0,8.01109854876995,105,106,-1
2024-10-31-MIL-MEM,2024-10-31,MIL,MEM,6.5,-6.5,-6.458861939609051,122,99,23
2024-10-31-HOU-DAL,2024-10-31,HOU,DAL,-6.5,6.5,6.483903490006924,102,108,-6
2024-10-31-SAS-UTA,2024-10-31,SAS,UTA,2.0,-2.0,-1.9889014512300491,88,106,-18
2024-10-31-PHX-LAC,2024-10-31,PHX,LAC,4.0,-4.0,-3.988901451230049,119,125,-6
2024-11-01-BOS-CHA,2024-11-01,BOS,CHA,10.5,-10.5,-10.479761101305485,109,124,-15
2024-11-01-ORL-CLE,2024-11-01,ORL,CLE,-7.0,7.0,7.03542148694396,120,109,11
2024-11-01-NYK-DET,2024-11-01,NYK,DET,6.0,-6.0,-6.096467889845371,98,128,-30
2024-11-01-SAC-ATL,2024-11-01,SAC,ATL,6.0,-6.0,-5.9924389980733395,115,123,-8
2024-11-01-CHI-BKN,2024-11-01,CHI,BKN,-1.0,1.0,1.0110985487699509,120,112,8
2024-11-01-LAL-TOR,2024-11-01,LAL,TOR,9.0,-9.0,-9.041072972118855,125,131,-6
2024-11-01-IND-NOP,2024-11-01,IND,NOP,4.5,-4.5,-4.488901451230049,125,118,7
2024-11-01-DEN-MIN,2024-11-01,DEN,MIN,-3.5,3.5,3.4378874339163303,119,116,3
2024-11-01-OKC-POR,2024-11-01,OKC,POR,11.5,-11.5,-11.47436736151576,114,137,-23
2024-11-02-BOS-CHA,2024-11-02,BOS,CHA,10.0,-10.0,-9.7664415538311,103,113,-10
2024-11-02-MEM-PHI,2024-11-02,MEM,PHI,1.0,-1.0,-1.0124169513583183,107,124,-17
2024-11-02-SAC-TOR,2024-11-02,SAC,TOR,9.5,-9.5,-9.4580083116889,131,128,3
2024-11-02-GSW-HOU,2024-11-02,GSW,HOU,-5.0,5.0,5.1312874257564545,121,127,-6
2024-11-02-CLE-MIL,2024-11-02,CLE,MIL,-2.0,2.0,2.011098548769951,113,114,-1
2024-11-02-MIN-SAS,2024-11-02,MIN,SAS,3.5,-3.5,-3.488901451230049,113,103,10
2024-11-02-UTA-DEN,2024-11-02,UTA,DEN,-11.0,11.0,11.125696301460266,129,103,26
2024-11-02-POR-PHX,2024-11-02,POR,PHX,-13.0,13.0,13.01109854876995,103,97,6
2024-11-02-OKC-LAC,2024-11-02,OKC,LAC,5.5,-5.5,-5.508536569774151,92,105,-13
2024-11-03-DET-BKN,2024-11-03,DET,BKN,-3.0,3.0,3.011098548769951,92,106,-14
2024-11-03-ATL-NOP,2024-11-03,ATL,NOP,1.5,-1.5,-1.4462386891245842,111,126,-15
2024-11-03-ORL-DAL,2024-11-03,ORL,DAL,-7.0,7.0,7.011098548769951,108,85,23
2024-11-04-MIL-CLE,2024-11-04,MIL,CLE,-8.0,8.0,8.01109854876995,116,114,2
2024-11-04-GSW-WAS,2024-11-04,GSW,WAS,11.0,-11.0,-10.98890145123005,112,125,-13
2024-11-04-LAL-DET,2024-11-04,LAL,DET,6.5,-6.5,-6.458861939609051,115,103,12
2024-11-04-BOS-ATL,2024-11-04,BOS,ATL,10.0,-10.0,-9.98890145123005,93,123,-30
2024-11-04-MEM-BKN,2024-11-04,MEM,BKN,4.0,-4.0,-3.988901451230049,106,104,2
2024-11-04-SAC-MIA,2024-11-04,SAC,MIA,-1.5,1.5,1.5110985487699509,110,111,-1
2024-11-04-UTA-CHI,2024-11-04,UTA,CHI,-7.5,7.5,7.511098548769951,126,135,-9
2024-11-04-NYK-HOU,2024-11-04,NYK,HOU,2.0,-2.0,-2.0374298617243767,109,97,12
2024-11-04-CHA-MIN,2024-11-04,CHA,MIN,-11.5,11.5,11.51109854876995,114,93,21
2024-11-04-ORL-OKC,2024-11-04,ORL,OKC,-12.5,12.5,12.481112532317638,102,86,16
2024-11-04-POR-NOP,2024-11-04,POR,NOP,-1.5,1.5,1.23526269197464,100,118,-18
2024-11-04-IND-DAL,2024-11-04,IND,DAL,-4.5,4.5,4.511098548769951,127,134,-7
2024-11-04-TOR-DEN,2024-11-04,TOR,DEN,-11.0,11.0,11.220515549182892,121,119,2
2024-11-04-PHI-PHX,2024-11-04,PHI,PHX,-7.5,7.5,7.502197217196226,118,116,2
2024-11-04-SAS-LAC,2024-11-04,SAS,LAC,-4.0,4.0,4.011098548769951,113,104,9
2024-11-06-DET-CHA,2024-11-06,DET,CHA,1.0,-1.0,-0.9889014512300491,108,107,1
2024-11-06-ORL-IND,2024-11-06,ORL,IND,-5.5,5.5,5.645994961261749,118,111,7
2024-11-06-NYK-ATL,2024-11-06,NYK,ATL,7.0,-7.0,-6.988901451230049,121,116,5
2024-11-06-GSW-BOS,2024-11-06,GSW,BOS,-7.0,7.0,7.169676184654236,112,118,-6
2024-11-06-SAS-HOU,2024-11-06,SAS,HOU,-6.5,6.5,6.511098548769951,127,100,27
2024-11-06-LAL-MEM,2024-11-06,LAL,MEM,-4.0,4.0,3.6662784814834595,131,114,17
2024-11-06-CLE-NOP,2024-11-06,CLE,NOP,6.5,-6.5,-6.488901451230049,122,131,-9
2024-11-06-CHI-DAL,2024-11-06,CHI,DAL,-10.0,10.0,10.01109854876995,119,99,20
2024-11-06-OKC-DEN,2024-11-06,OKC,DEN,7.0,-7.0,-6.913470223546028,124,122,2
2024-11-06-MIA-PHX,2024-11-06,MIA,PHX,-5.0,5.0,5.011098548769951,115,112,3
2024-11-06-PHI-LAC,2024-11-06,PHI,LAC,-1.5,1.5,1.5110985487699509,110,98,12
2024-11-06-TOR-SAC,2024-11-06,TOR,SAC,-11.5,11.5,11.538991961628199,122,107,15
2024-11-07-MIN-CHI,2024-11-07,MIN,CHI,9.5,-9.5,-9.48890145123005,119,135,-16
2024-11-07-UTA-MIL,2024-11-07,UTA,MIL,-10.0,10.0,9.744111716747284,123,100,23
2024-11-07-POR-SAS,2024-11-07,POR,SAS,-4.0,4.0,4.011098548769951,118,105,13
2024-11-08-IND-CHA,2024-11-08,IND,CHA,7.0,-7.0,-6.988901451230049,103,83,20
2024-11-08-ATL-DET,2024-11-08,ATL,DET,-2.5,2.5,2.511098548769951,122,121,1
2024-11-08-NOP-ORL,2024-11-08,NOP,ORL,-8.5,8.5,8.51109854876995,115,88,27
2024-11-08-BKN-BOS,2024-11-08,BKN,BOS,-13.5,13.5,13.503192018717527,108,104,4
2024-11-08-GSW-CLE,2024-11-08,GSW,CLE,-3.5,3.5,3.6176788806915283,136,117,19
2024-11-08-MIL-NYK,2024-11-08,MIL,NYK,-6.5,6.5,6.511098548769951,116,94,22
2024-11-08-PHX-DAL,2024-11-08,PHX,DAL,-2.5,2.5,2.511098548769951,113,114,-1
2024-11-08-WAS-MEM,2024-11-08,WAS,MEM,-7.5,7.5,7.511098548769951,128,104,24
2024-11-08-HOU-OKC,2024-11-08,HOU,OKC,-7.5,7.5,7.689815670251846,126,107,19
2024-11-08-POR-MIN,2024-11-08,POR,MIN,-11.5,11.5,11.51109854876995,127,102,25
2024-11-08-MIA-DEN,2024-11-08,MIA,DEN,-3.0,3.0,3.011098548769951,135,122,13
2024-11-08-PHI-LAL,2024-11-08,PHI,LAL,-7.5,7.5,7.51508305221796,116,106,10
2024-11-08-LAC-SAC,2024-11-08,LAC,SAC,-6.5,6.5,6.511098548769951,98,107,-9
2024-11-09-UTA-SAS,2024-11-09,UTA,SAS,-6.5,6.5,6.511098548769951,110,111,-1
2024-11-09-CHI-ATL,2024-11-09,CHI,ATL,-2.5,2.5,2.511098548769951,113,125,-12
2024-11-09-BKN-CLE,2024-11-09,BKN,CLE,-13.0,13.0,13.01109854876995,105,100,5
2024-11-09-TOR-LAC,2024-11-09,TOR,LAC,-6.0,6.0,6.154190480709076,105,103,2
2024-11-10-HOU-DET,2024-11-10,HOU,DET,4.0,-4.0,-3.988901451230049,99,101,-2
2024-11-10-BOS-MIL,2024-11-10,BOS,MIL,5.0,-5.0,-4.988901451230049,107,113,-6
2024-11-10-NYK-IND,2024-11-10,NYK,IND,3.0,-3.0,-2.988901451230049,132,121,11
2024-11-10-WAS-ORL,2024-11-10,WAS,ORL,-11.5,11.5,11.51109854876995,121,94,27
2024-11-10-CHA-PHI,2024-11-10,CHA,PHI,-5.0,5.0,5.011098548769951,107,105,2
2024-11-10-MIA-MIN,2024-11-10,MIA,MIN,-7.5,7.5,7.511098548769951,94,95,-1
2024-11-10-GSW-OKC,2024-11-10,GSW,OKC,-6.5,6.5,6.752772569656372,116,127,-11
2024-11-10-DAL-DEN,2024-11-10,DAL,DEN,-2.0,2.0,2.011098548769951,122,120,2
2024-11-10-SAC-PHX,2024-11-10,SAC,PHX,1.0,-1.0,-0.9889014512300491,118,127,-9
2024-11-10-MEM-POR,2024-11-10,MEM,POR,1.0,-1.0,-0.9889014512300491,89,134,-45
2024-11-10-TOR-LAL,2024-11-10,TOR,LAL,-10.0,10.0,10.01109854876995,123,103,20
2024-11-11-CLE-CHI,2024-11-11,CLE,CHI,8.5,-8.5,-8.48890145123005,113,119,-6
2024-11-11-WAS-HOU,2024-11-11,WAS,HOU,-12.0,12.0,12.01109854876995,107,92,15
2024-11-11-BKN-NOP,2024-11-11,BKN,NOP,1.5,-1.5,-1.4889014512300491,105,107,-2
2024-11-11-LAC-OKC,2024-11-11,LAC,OKC,-6.5,6.5,6.511098548769951,134,128,6
2024-11-11-SAC-SAS,2024-11-11,SAC,SAS,2.5,-2.5,-2.488901451230049,116,96,20
2024-11-13-IND-ORL,2024-11-13,IND,ORL,-1.0,1.0,1.0110985487699509,94,90,4
2024-11-13-BOS-BKN,2024-11-13,BOS,BKN,10.0,-10.0,-9.98890145123005,114,139,-25
2024-11-13-CHI-NYK,2024-11-13,CHI,NYK,-8.5,8.5,8.51109854876995,123,124,-1
2024-11-13-CLE-PHI,2024-11-13,CLE,PHI,11.0,-11.0,-10.98890145123005,106,114,-8
2024-11-13-NOP-OKC,2024-11-13,NOP,OKC,-14.5,14.5,14.51109854876995,106,88,18
2024-11-13-LAC-HOU,2024-11-13,LAC,HOU,-5.0,5.0,5.011098548769951,111,103,8
2024-11-13-DET-MIL,2024-11-13,DET,MIL,-7.0,7.0,7.011098548769951,127,120,7
2024-11-13-WAS-SAS,2024-11-13,WAS,SAS,-9.5,9.5,9.51109854876995,139,130,9
2024-11-13-MEM-LAL,2024-11-13,MEM,LAL,-7.5,7.5,7.511098548769951,128,123,5
2024-11-13-MIN-POR,2024-11-13,MIN,POR,10.0,-10.0,-9.98890145123005,106,98,8
2024-11-13-PHX-SAC,2024-11-13,PHX,SAC,-8.0,8.0,8.01109854876995,127,104,23
2024-11-14-DAL-UTA,2024-11-14,DAL,UTA,7.5,-7.5,-7.488901451230049,115,113,2
2024-11-16-MIL-CHA,2024-11-16,MIL,CHA,4.0,-4.0,-3.988901451230049,115,114,1
2024-11-16-TOR-BOS,2024-11-16,TOR,BOS,-16.5,16.5,16.562601678073406,126,123,3
2024-11-16-LAL-NOP,2024-11-16,LAL,NOP,8.0,-8.0,-7.988901451230049,99,104,-5
2024-11-16-SAS-DAL,2024-11-16,SAS,DAL,-13.5,13.5,13.51109854876995,110,93,17
2024-11-16-UTA-SAC,2024-11-16,UTA,SAC,-6.5,6.5,6.511098548769951,121,117,4
2024-11-17-PHX-MIN,2024-11-17,PHX,MIN,-7.5,7.5,7.511098548769951,120,117,3
2024-11-17-MIA-IND,2024-11-17,MIA,IND,-3.5,3.5,3.511098548769951,119,110,9
2024-11-17-CHA-CLE,2024-11-17,CHA,CLE,-10.0,10.0,10.01109854876995,128,114,14
2024-11-17-DET-WAS,2024-11-17,DET,WAS,5.0,-5.0,-4.988901451230049,104,124,-20
2024-11-17-DEN-MEM,2024-11-17,DEN,MEM,-6.0,6.0,6.029315307736397,105,90,15
2024-11-17-ATL-POR,2024-11-17,ATL,POR,4.0,-4.0,-3.988901451230049,114,110,4
2024-11-17-BKN-NYK,2024-11-17,BKN,NYK,-10.0,10.0,10.01109854876995,114,104,10
2024-11-17-HOU-CHI,2024-11-17,HOU,CHI,5.0,-5.0,-4.988901451230049,107,143,-36
2024-11-17-DAL-OKC,2024-11-17,DAL,OKC,-7.5,7.5,7.508875899016857,119,121,-2
2024-11-17-UTA-LAC,2024-11-17,UTA,LAC,-9.5,9.5,9.51109854876995,116,105,11
2024-11-18-CHI-DET,2024-11-18,CHI,DET,-4.0,4.0,4.011098548769951,112,122,-10
2024-11-18-PHI-MIA,2024-11-18,PHI,MIA,-2.5,2.5,2.511098548769951,106,89,17
2024-11-18-WAS-NYK,2024-11-18,WAS,NYK,-14.5,14.5,14.51109854876995,134,106,28
2024-11-18-IND-TOR,2024-11-18,IND,TOR,3.0,-3.0,-2.988901451230049,130,119,11
2024-11-18-HOU-MIL,2024-11-18,HOU,MIL,-3.5,3.5,3.511098548769951,101,100,1
2024-11-18-ORL-PHX,2024-11-18,ORL,PHX,4.5,-4.5,-4.488901451230049,99,109,-10
2024-11-18-ATL-SAC,2024-11-18,ATL,SAC,-4.0,4.0,4.011098548769951,108,109,-1
2024-11-18-GSW-LAC,2024-11-18,GSW,LAC,5.0,-5.0,-4.988901451230049,102,99,3
2024-11-20-NOP-CLE,2024-11-20,NOP,CLE,-14.0,14.0,14.01109854876995,128,100,28
2024-11-20-CHI-MIL,2024-11-20,CHI,MIL,-9.0,9.0,9.01109854876995,122,106,16
2024-11-20-IND-HOU,2024-11-20,IND,HOU,-6.0,6.0,5.92516303807497,130,113,17
2024-11-20-PHI-MEM,2024-11-20,PHI,MEM,5.0,-5.0,-4.988901451230049,117,111,6
2024-11-20-POR-OKC,2024-11-20,POR,OKC,-13.0,13.0,13.01109854876995,109,99,10
2024-11-20-NYK-PHX,2024-11-20,NYK,PHX,4.5,-4.5,-4.488901451230049,122,138,-16
2024-11-20-ATL-GSW,2024-11-20,ATL,GSW,-7.0,7.0,7.011098548769951,120,97,23
2024-11-20-ORL-LAC,2024-11-20,ORL,LAC,3.5,-3.5,-3.488901451230049,104,93,11
2024-11-21-DET-CHA,2024-11-21,DET,CHA,2.5,-2.5,-2.488901451230049,123,121,2
2024-11-21-MIN-TOR,2024-11-21,MIN,TOR,7.0,-7.0,-6.988901451230049,110,105,5
2024-11-21-UTA-SAS,2024-11-21,UTA,SAS,-3.0,3.0,3.011098548769951,126,118,8
2024-11-21-ORL-LAL,2024-11-21,ORL,LAL,-5.0,5.0,4.8974451050162315,118,119,-1
2024-11-23-NYK-UTA,2024-11-23,NYK,UTA,8.5,-8.5,-8.48890145123005,121,106,15
2024-11-23-DET-ORL,2024-11-23,DET,ORL,-9.0,9.0,9.01109854876995,111,100,11
2024-11-23-MEM-CHI,2024-11-23,MEM,CHI,4.0,-4.0,-3.988901451230049,131,142,-11
2024-11-23-POR-HOU,2024-11-23,POR,HOU,-12.0,12.0,12.01109854876995,98,104,-6
2024-11-23-CHA-MIL,2024-11-23,CHA,MIL,-8.0,8.0,8.01109854876995,125,119,6
2024-11-23-GSW-SAS,2024-11-23,GSW,SAS,3.5,-3.5,-3.488901451230049,104,94,10
2024-11-23-DEN-LAL,2024-11-23,DEN,LAL,-4.0,4.0,4.011098548769951,102,127,-25
2024-11-24-MIN-BOS,2024-11-24,MIN,BOS,-8.0,8.0,8.003192018717527,107,105,2
2024-11-24-WAS-IND,2024-11-24,WAS,IND,-12.0,12.0,11.96968188136816,115,103,12
2024-11-24-DAL-MIA,2024-11-24,DAL,MIA,-2.5,2.5,2.511098548769951,123,118,5
2024-11-24-LAC-PHI,2024-11-24,LAC,PHI,1.5,-1.5,-1.4889014512300491,99,125,-26
2024-11-24-TOR-CLE,2024-11-24,TOR,CLE,-11.5,11.5,11.578559666872025,122,108,14
2024-11-24-BKN-SAC,2024-11-24,BKN,SAC,-10.5,10.5,10.51109854876995,103,108,-5
2024-11-25-ORL-CHA,2024-11-25,ORL,CHA,4.5,-4.5,-4.488901451230049,84,95,-11
2024-11-25-TOR-DET,2024-11-25,TOR,DET,-4.0,4.0,3.9603294022381306,102,100,2
2024-11-25-NOP-IND,2024-11-25,NOP,IND,-8.0,8.0,8.01109854876995,114,110,4
2024-11-25-DAL-ATL,2024-11-25,DAL,ATL,-2.5,2.5,2.511098548769951,119,129,-10
2024-11-25-LAC-BOS,2024-11-25,LAC,BOS,-10.5,10.5,10.503192018717527,126,94,32
2024-11-25-POR-MEM,2024-11-25,POR,MEM,-10.5,10.5,10.559951178729534,123,98,25
2024-11-25-NYK-DEN,2024-11-25,NYK,DEN,-2.5,2.5,2.5352752283215523,118,145,-27
2024-11-25-BKN-GSW,2024-11-25,BKN,GSW,-13.5,13.5,13.51109854876995,120,128,-8
2024-11-25-OKC-SAC,2024-11-25,OKC,SAC,3.5,-3.5,-3.488901451230049,109,130,-21
2024-11-27-MIA-CHA,2024-11-27,MIA,CHA,4.5,-4.5,-4.488901451230049,94,98,-4
2024-11-27-ATL-CLE,2024-11-27,ATL,CLE,-9.0,9.0,9.01109854876995,124,135,-11
2024-11-27-POR-IND,2024-11-27,POR,IND,-9.5,9.5,9.51109854876995,121,114,7
2024-11-27-CHI-ORL,2024-11-27,CHI,ORL,-9.5,9.5,9.663721829652786,133,119,14
2024-11-27-HOU-PHI,2024-11-27,HOU,PHI,5.0,-5.0,-4.988901451230049,115,122,-7
2024-11-27-LAC-WAS,2024-11-27,LAC,WAS,9.0,-9.0,-8.98890145123005,96,121,-25
2024-11-27-NYK-DAL,2024-11-27,NYK,DAL,4.0,-4.0,-4.031469948589802,129,114,15
2024-11-27-DET-MEM,2024-11-27,DET,MEM,-8.0,8.0,8.01109854876995,131,111,20
2024-11-27-SAC-MIN,2024-11-27,SAC,MIN,-3.0,3.0,3.011098548769951,104,115,-11
2024-11-27-TOR-NOP,2024-11-27,TOR,NOP,-1.0,1.0,0.8160412758588791,93,119,-26
2024-11-27-LAL-SAS,2024-11-27,LAL,SAS,2.0,-2.0,-1.9889014512300491,101,119,-18
2024-11-27-BKN-PHX,2024-11-27,BKN,PHX,-9.5,9.5,9.51109854876995,117,127,-10
2024-11-27-DEN-UTA,2024-11-27,DEN,UTA,11.0,-11.0,-10.98890145123005,103,122,-19
2024-11-27-OKC-GSW,2024-11-27,OKC,GSW,4.0,-4.0,-3.988901451230049,101,105,-4
2024-11-30-ATL-CHA,2024-11-30,ATL,CHA,5.5,-5.5,-5.488901451230049,104,107,-3
2024-11-30-PHI-DET,2024-11-30,PHI,DET,2.0,-2.0,-1.9889014512300491,96,111,-15
2024-11-30-WAS-MIL,2024-11-30,WAS,MIL,-14.5,14.5,14.51109854876995,124,114,10
2024-11-30-GSW-PHX,2024-11-30,GSW,PHX,-1.0,1.0,1.0110985487699509,113,105,8
2024-11-30-DAL-UTA,2024-11-30,DAL,UTA,6.5,-6.5,-6.488901451230049,94,106,-12
2024-12-01-ORL-BKN,2024-12-01,ORL,BKN,6.5,-6.5,-6.488901451230049,92,100,-8
2024-12-01-IND-MEM,2024-12-01,IND,MEM,-6.0,6.0,6.011098548769951,136,121,15
2024-12-01-BOS-CLE,2024-12-01,BOS,CLE,-2.0,2.0,2.011098548769951,115,111,4
2024-12-01-NOP-NYK,2024-12-01,NOP,NYK,-12.5,12.5,12.51109854876995,118,85,33
2024-12-01-MIA-TOR,2024-12-01,MIA,TOR,5.0,-5.0,-4.988901451230049,119,116,3
2024-12-01-OKC-HOU,2024-12-01,OKC,HOU,1.5,-1.5,-1.3042169213294983,119,116,3
2024-12-01-LAL-UTA,2024-12-01,LAL,UTA,5.5,-5.5,-5.488901451230049,104,105,-1
2024-12-01-DAL-POR,2024-12-01,DAL,POR,5.5,-5.5,-5.359862297773361,131,137,-6
2024-12-01-SAS-SAC,2024-12-01,SAS,SAC,-6.5,6.5,6.511098548769951,125,127,-2
2024-12-01-DEN-LAC,2024-12-01,DEN,LAC,3.0,-3.0,-3.0748369619250298,126,122,4
2024-12-02-NOP-ATL,2024-12-02,NOP,ATL,-9.0,9.0,9.01109854876995,124,112,12
2024-12-02-MIA-BOS,2024-12-02,MIA,BOS,-9.5,9.5,9.503192018717527,108,89,19
2024-12-02-BKN-CHI,2024-12-02,BKN,CHI,-7.5,7.5,7.511098548769951,128,102,26
2024-12-02-LAL-MIN,2024-12-02,LAL,MIN,-7.5,7.5,7.511098548769951,109,80,29
2024-12-04-DET-BOS,2024-12-04,DET,BOS,-12.5,12.5,12.503192018717527,130,120,10
2024-12-04-IND-BKN,2024-12-04,IND,BKN,3.0,-3.0,-2.988901451230049,99,90,9
2024-12-04-LAL-MIA,2024-12-04,LAL,MIA,-3.5,3.5,3.511098548769951,134,93,41
2024-12-04-ORL-PHI,2024-12-04,ORL,PHI,5.5,-5.5,-5.488901451230049,102,106,-4
2024-12-04-ATL-MIL,2024-12-04,ATL,MIL,-4.5,4.5,4.511098548769951,104,119,-15
2024-12-04-MIN-LAC,2024-12-04,MIN,LAC,4.5,-4.5,-4.488901451230049,80,108,-28
2024-12-05-DEN-CLE,2024-12-05,DEN,CLE,-3.5,3.5,3.538629163056612,126,114,12
2024-12-05-DAL-WAS,2024-12-05,DAL,WAS,13.5,-13.5,-13.48890145123005,101,137,-36
2024-12-05-CHA-NYK,2024-12-05,CHA,NYK,-14.5,14.5,14.51109854876995,125,101,24
2024-12-05-OKC-TOR,2024-12-05,OKC,TOR,10.5,-10.5,-10.48890145123005,92,129,-37
2024-12-05-SAC-MEM,2024-12-05,SAC,MEM,-3.5,3.5,3.511098548769951,115,110,5
2024-12-05-PHX-NOP,2024-12-05,PHX,NOP,1.5,-1.5,-1.4889014512300491,126,124,2
2024-12-05-CHI-SAS,2024-12-05,CHI,SAS,-2.5,2.5,2.511098548769951,124,139,-15
2024-12-05-HOU-GSW,2024-12-05,HOU,GSW,4.5,-4.5,-4.488901451230049,99,93,6
2024-12-06-ORL-PHI,2024-12-06,ORL,PHI,2.5,-2.5,-2.488901451230049,102,94,8
2024-12-06-LAL-ATL,2024-12-06,LAL,ATL,-3.5,3.5,3.511098548769951,134,132,2
2024-12-06-MIL-BOS,2024-12-06,MIL,BOS,-8.0,8.0,8.003192018717527,111,105,6
2024-12-06-IND-CHI,2024-12-06,IND,CHI,3.0,-3.0,-2.988901451230049,123,132,-9
2024-12-06-SAC-SAS,2024-12-06,SAC,SAS,7.0,-7.0,-6.988901451230049,113,140,-27
2024-12-06-MIN-GSW,2024-12-06,MIN,GSW,1.5,-1.5,-1.4889014512300491,90,107,-17
2024-12-06-UTA-POR,2024-12-06,UTA,POR,-4.0,4.0,4.0103929489851,99,141,-42
2024-12-07-CLE-CHA,2024-12-07,CLE,CHA,13.5,-13.5,-13.48890145123005,102,116,-14
2024-12-07-DEN-WAS,2024-12-07,DEN,WAS,11.5,-11.5,-11.469225581735373,122,113,9
2024-12-07-OKC-NOP,2024-12-07,OKC,NOP,8.0,-8.0,-7.988901451230049,109,119,-10
2024-12-07-DET-NYK,2024-12-07,DET,NYK,-8.0,8.0,8.01109854876995,111,120,-9
2024-12-07-DAL-TOR,2024-12-07,DAL,TOR,8.0,-8.0,-7.988901451230049,118,125,-7
2024-12-07-MEM-BOS,2024-12-07,MEM,BOS,-7.0,7.0,7.003192018717527,121,127,-6
2024-12-07-PHX-MIA,2024-12-07,PHX,MIA,-5.5,5.5,5.511098548769951,121,111,10
2024-12-08-PHI-CHI,2024-12-08,PHI,CHI,3.0,-3.0,-3.1706970930099487,100,108,-8
2024-12-08-MIL-BKN,2024-12-08,MIL,BKN,6.0,-6.0,-5.988901451230049,113,118,-5
2024-12-08-CHA-IND,2024-12-08,CHA,IND,-12.0,12.0,12.01109854876995,109,113,-4
2024-12-08-DEN-ATL,2024-12-08,DEN,ATL,-1.0,1.0,1.0300246439874172,111,141,-30
2024-12-08-CLE-MIA,2024-12-08,CLE,MIA,2.5,-2.5,-2.488901451230049,122,113,9
2024-12-08-PHX-ORL,2024-12-08,PHX,ORL,-2.0,2.0,2.011098548769951,115,110,5
2024-12-08-MEM-WAS,2024-12-08,MEM,WAS,10.0,-10.0,-9.98890145123005,112,140,-28
2024-12-08-NOP-SAS,2024-12-08,NOP,SAS,-7.0,7.0,7.0298850536346436,121,116,5
2024-12-08-MIN-GSW,2024-12-08,MIN,GSW,-1.5,1.5,1.5110985487699509,114,106,8
2024-12-08-HOU-LAC,2024-12-08,HOU,LAC,3.0,-3.0,-2.988901451230049,106,117,-11
2024-12-08-UTA-SAC,2024-12-08,UTA,SAC,-11.0,11.0,11.01109854876995,141,97,44
2024-12-08-POR-LAL,2024-12-08,POR,LAL,-7.0,7.0,7.011098548769951,107,98,9
2024-12-09-NYK-TOR,2024-12-09,NYK,TOR,8.0,-8.0,-7.988901451230049,108,113,-5
2024-12-19-UTA-DET,2024-12-19,UTA,DET,-4.5,4.5,4.511098548769951,119,126,-7
2024-12-19-OKC-ORL,2024-12-19,OKC,ORL,6.5,-6.5,-6.488901451230049,99,105,-6
2024-12-19-CHA-WAS,2024-12-19,CHA,WAS,4.0,-4.0,-4.060886211693287,123,114,9
2024-12-19-CHI-BOS,2024-12-19,CHI,BOS,-14.5,14.5,14.503192018717527,108,117,-9
2024-12-19-BKN-TOR,2024-12-19,BKN,TOR,-2.5,2.5,2.511098548769951,94,101,-7
2024-12-19-NOP-HOU,2024-12-19,NOP,HOU,-9.0,9.0,9.01109854876995,133,113,20
2024-12-19-GSW-MEM,2024-12-19,GSW,MEM,-2.0,2.0,2.011098548769951,144,93,51
2024-12-19-NYK-MIN,2024-12-19,NYK,MIN,-3.5,3.5,3.74862602353096,107,133,-26
2024-12-19-LAC-DAL,2024-12-19,LAC,DAL,1.0,-1.0,-0.9889014512300491,95,118,-23
2024-12-19-IND-PHX,2024-12-19,IND,PHX,-6.0,6.0,6.011098548769951,111,120,-9
2024-12-19-ATL-SAS,2024-12-19,ATL,SAS,-1.0,1.0,1.0110985487699509,133,126,7
2024-12-19-DEN-POR,2024-12-19,DEN,POR,8.5,-8.5,-8.60674250870943,126,124,2
2024-12-19-LAL-SAC,2024-12-19,LAL,SAC,-4.5,4.5,4.511098548769951,100,113,-13
2024-12-20-CHA-PHI,2024-12-20,CHA,PHI,-13.5,13.5,13.458262234926224,108,98,10
2024-12-20-MIL-CLE,2024-12-20,MIL,CLE,-9.0,9.0,9.01109854876995,124,101,23
2024-12-20-OKC-MIA,2024-12-20,OKC,MIA,1.0,-1.0,-0.9889014512300491,97,104,-7
2024-12-21-LAL-SAC,2024-12-21,LAL,SAC,-4.0,4.0,4.011098548769951,99,103,-4
2024-12-21-MIA-ORL,2024-12-21,MIA,ORL,-2.0,2.0,2.011098548769951,121,114,7
2024-12-21-MEM-ATL,2024-12-21,MEM,ATL,1.5,-1.5,-1.4889014512300491,112,128,-16
2024-12-21-UTA-BKN,2024-12-21,UTA,BKN,-1.5,1.5,1.5110985487699509,94,105,-11
2024-12-21-PHI-CLE,2024-12-21,PHI,CLE,-9.0,9.0,9.01109854876995,126,99,27
2024-12-21-BOS-CHI,2024-12-21,BOS,CHI,12.0,-12.0,-11.98890145123005,98,123,-25
2024-12-21-WAS-MIL,2024-12-21,WAS,MIL,-8.5,8.5,8.51109854876995,112,101,11
2024-12-21-GSW-MIN,2024-12-21,GSW,MIN,-4.0,4.0,4.011098548769951,103,113,-10
2024-12-21-NYK-NOP,2024-12-21,NYK,NOP,8.0,-8.0,-7.988901451230049,93,104,-11
2024-12-21-LAC-DAL,2024-12-21,LAC,DAL,-3.5,3.5,3.511098548769951,113,97,16
2024-12-21-POR-SAS,2024-12-21,POR,SAS,-6.5,6.5,6.511098548769951,114,94,20
2024-12-21-DET-PHX,2024-12-21,DET,PHX,-5.5,5.5,5.511098548769951,125,133,-8
2024-12-22-HOU-TOR,2024-12-22,HOU,TOR,9.0,-9.0,-8.98890145123005,110,114,-4
2024-12-22-IND-SAC,2024-12-22,IND,SAC,-3.0,3.0,3.011098548769951,95,122,-27
2024-12-22-DEN-NOP,2024-12-22,DEN,NOP,8.5,-8.5,-8.58895180374384,129,132,-3
2024-12-23-HOU-CHA,2024-12-23,HOU,CHA,6.0,-6.0,-5.988901451230049,101,114,-13
2024-12-23-UTA-CLE,2024-12-23,UTA,CLE,-14.0,14.0,14.01109854876995,124,113,11
2024-12-23-BOS-ORL,2024-12-23,BOS,ORL,8.5,-8.5,-8.48890145123005,108,104,4
2024-12-23-SAS-PHI,2024-12-23,SAS,PHI,-5.5,5.5,5.511098548769951,111,106,5
2024-12-23-MIN-ATL,2024-12-23,MIN,ATL,3.5,-3.5,-3.488901451230049,117,104,13
2024-12-23-BKN-MIA,2024-12-23,BKN,MIA,-10.0,10.0,10.01109854876995,110,95,15
2024-12-23-TOR-NYK,2024-12-23,TOR,NYK,-14.0,14.0,14.01109854876995,139,125,14
2024-12-23-MIL-CHI,2024-12-23,MIL,CHI,-3.0,3.0,3.011098548769951,91,112,-21
2024-12-23-LAC-MEM,2024-12-23,LAC,MEM,-6.0,6.0,6.011098548769951,110,114,-4
2024-12-23-WAS-OKC,2024-12-23,WAS,OKC,-18.0,18.0,18.01109854876995,123,105,18
2024-12-23-POR-DAL,2024-12-23,POR,DAL,-12.5,12.5,12.51109854876995,132,108,24
2024-12-23-PHX-DEN,2024-12-23,PHX,DEN,-4.0,4.0,4.072792053222656,117,90,27
2024-12-23-IND-GSW,2024-12-23,IND,GSW,-6.0,6.0,6.011098548769951,105,111,-6
2024-12-23-DET-LAL,2024-12-23,DET,LAL,-6.5,6.5,6.511098548769951,114,117,-3
2024-12-25-SAS-NYK,2024-12-25,SAS,NYK,-8.5,8.5,8.51109854876995,117,114,3
2024-12-25-MIN-DAL,2024-12-25,MIN,DAL,-5.0,5.0,4.98389957100153,99,105,-6
2024-12-25-PHI-BOS,2024-12-25,PHI,BOS,-10.5,10.5,10.6107656955719,114,118,-4
2024-12-25-LAL-GSW,2024-12-25,LAL,GSW,-4.0,4.0,4.011098548769951,113,115,-2
2024-12-25-DEN-PHX,2024-12-25,DEN,PHX,2.5,-2.5,-2.6891543567180634,110,100,10
2024-12-26-OKC-IND,2024-12-26,OKC,IND,5.0,-5.0,-4.988901451230049,114,120,-6
2024-12-26-MIA-ORL,2024-12-26,MIA,ORL,-1.5,1.5,1.5110985487699509,88,89,-1
2024-12-26-CHA-WAS,2024-12-26,CHA,WAS,5.0,-5.0,-4.988901451230049,113,110,3
2024-12-26-CHI-ATL,2024-12-26,CHI,ATL,-5.0,5.0,5.011098548769951,141,133,8
2024-12-26-TOR-MEM,2024-12-26,TOR,MEM,-11.0,11.0,11.01109854876995,155,126,29
2024-12-26-BKN-MIL,2024-12-26,BKN,MIL,-6.5,6.5,6.511098548769951,105,111,-6
2024-12-26-HOU-NOP,2024-12-26,HOU,NOP,7.0,-7.0,-6.988901451230049,111,128,-17
2024-12-26-UTA-POR,2024-12-26,UTA,POR,-3.5,3.5,3.511098548769951,122,120,2
2024-12-26-DET-SAC,2024-12-26,DET,SAC,-5.0,5.0,5.011098548769951,113,114,-1
2024-12-27-NYK-ORL,2024-12-27,NYK,ORL,6.5,-6.5,-6.488901451230049,85,108,-23
2024-12-27-IND-BOS,2024-12-27,IND,BOS,-12.0,12.0,12.1107656955719,142,105,37
2024-12-27-SAS-BKN,2024-12-27,SAS,BKN,8.0,-8.0,-7.988901451230049,87,96,-9
2024-12-27-MIN-HOU,2024-12-27,MIN,HOU,-1.0,1.0,1.0110985487699509,112,113,-1
2024-12-27-MEM-NOP,2024-12-27,MEM,NOP,7.0,-7.0,-6.988901451230049,124,132,-8
2024-12-27-CLE-DEN,2024-12-27,CLE,DEN,3.5,-3.5,-3.361929267644882,135,149,-14
2024-12-27-DAL-PHX,2024-12-27,DAL,PHX,-1.0,1.0,1.0110985487699509,89,98,-9
2024-12-27-GSW-LAC,2024-12-27,GSW,LAC,-5.5,5.5,5.511098548769951,102,92,10
2024-12-28-MIA-ATL,2024-12-28,MIA,ATL,1.0,-1.0,-0.9889014512300491,120,110,10
2024-12-28-OKC-CHA,2024-12-28,OKC,CHA,14.0,-14.0,-13.98890145123005,94,106,-12
2024-12-28-NYK-WAS,2024-12-28,NYK,WAS,13.0,-13.0,-12.98890145123005,132,136,-4
2024-12-28-MIL-CHI,2024-12-28,MIL,CHI,2.0,-2.0,-1.9889014512300491,116,111,5
2024-12-28-PHX-GSW,2024-12-28,PHX,GSW,-7.0,7.0,7.011098548769951,109,105,4
2024-12-28-DET-DEN,2024-12-28,DET,DEN,-6.5,6.5,6.511098548769951,134,121,13
2024-12-28-PHI-UTA,2024-12-28,PHI,UTA,7.0,-7.0,-6.988901451230049,111,114,-3
2024-12-28-DAL-POR,2024-12-28,DAL,POR,3.5,-3.5,-3.488901451230049,126,122,4
2024-12-28-SAC-LAL,2024-12-28,SAC,LAL,3.5,-3.5,-3.488901451230049,132,122,10
2024-12-29-BKN-ORL,2024-12-29,BKN,ORL,-8.5,8.5,8.51109854876995,102,101,1
2024-12-29-IND-BOS,2024-12-29,IND,BOS,-10.5,10.5,10.6107656955719,114,123,-9
2024-12-29-ATL-TOR,2024-12-29,ATL,TOR,-1.0,1.0,1.0110985487699509,107,136,-29
2024-12-29-MIA-HOU,2024-12-29,MIA,HOU,-8.5,8.5,8.51109854876995,100,104,-4
2024-12-29-MEM-OKC,2024-12-29,MEM,OKC,-8.0,8.0,8.460202932357788,130,106,24
2024-12-29-SAS-MIN,2024-12-29,SAS,MIN,-6.0,6.0,6.011098548769951,112,110,2
2024-12-30-CHI-CHA,2024-12-30,CHI,CHA,4.0,-4.0,-3.988901451230049,108,115,-7
2024-12-30-NYK-WAS,2024-12-30,NYK,WAS,13.0,-13.0,-12.98890145123005,106,126,-20
2024-12-30-LAC-NOP,2024-12-30,LAC,NOP,4.5,-4.5,-4.488901451230049,113,116,-3
2024-12-30-DEN-UTA,2024-12-30,DEN,UTA,7.5,-7.5,-7.723278045654297,121,132,-11
2024-12-30-CLE-GSW,2024-12-30,CLE,GSW,3.5,-3.5,-3.488901451230049,95,113,-18
2024-12-30-PHI-POR,2024-12-30,PHI,POR,7.0,-7.0,-6.988901451230049,103,125,-22
2024-12-30-DAL-SAC,2024-12-30,DAL,SAC,-8.5,8.5,8.51109854876995,110,100,10
2024-12-31-TOR-BOS,2024-12-31,TOR,BOS,-17.0,17.0,17.1107656955719,125,71,54
2024-12-31-MIL-IND,2024-12-31,MIL,IND,2.0,-2.0,-1.9889014512300491,112,120,-8
2024-12-31-LAC-SAS,2024-12-31,LAC,SAS,-3.5,3.5,3.511098548769951,122,86,36
2024-12-31-MIN-OKC,2024-12-31,MIN,OKC,-6.5,6.5,6.511098548769951,113,105,8
2024-12-31-MEM-PHX,2024-12-31,MEM,PHX,-5.5,5.5,5.511098548769951,112,117,-5
2024-12-31-CLE-LAL,2024-12-31,CLE,LAL,4.5,-4.5,-4.488901451230049,110,122,-12
2025-01-01-ORL-DET,2025-01-01,ORL,DET,-2.0,2.0,1.9486184939742088,105,96,9
2025-01-01-CHI-WAS,2025-01-01,CHI,WAS,6.5,-6.5,-6.488901451230049,125,107,18
2025-01-01-NOP-MIA,2025-01-01,NOP,MIA,-9.0,9.0,9.01109854876995,119,108,11
2025-01-01-UTA-NYK,2025-01-01,UTA,NYK,-12.0,12.0,12.01109854876995,119,103,16
2025-01-01-BKN-TOR,2025-01-01,BKN,TOR,-1.0,1.0,1.0048004314303398,130,113,17
2025-01-01-DAL-HOU,2025-01-01,DAL,HOU,-4.5,4.5,4.511098548769951,110,99,11
2025-01-01-ATL-DEN,2025-01-01,ATL,DEN,-8.0,8.0,8.01109854876995,139,120,19
2025-01-01-PHI-SAC,2025-01-01,PHI,SAC,-6.0,6.0,6.011098548769951,113,107,6
2025-01-02-IND-MIA,2025-01-02,IND,MIA,-2.0,2.0,2.011098548769951,115,128,-13
2025-01-02-BOS-MIN,2025-01-02,BOS,MIN,3.0,-3.0,-2.988901451230049,115,118,-3
2025-01-02-BKN-MIL,2025-01-02,BKN,MIL,-12.5,12.5,12.51109854876995,110,113,-3
2025-01-02-LAC-OKC,2025-01-02,LAC,OKC,-12.0,12.0,12.01109854876995,116,98,18
2025-01-02-PHI-GSW,2025-01-02,PHI,GSW,-4.0,4.0,4.011098548769951,139,105,34
2025-01-02-POR-LAL,2025-01-02,POR,LAL,-6.5,6.5,6.511098548769951,114,106,8
2025-01-03-CHA-DET,2025-01-03,CHA,DET,-7.5,7.5,7.581345900893211,98,94,4
2025-01-03-ORL-TOR,2025-01-03,ORL,TOR,2.0,-2.0,-2.0515979304909706,97,106,-9
2025-01-03-BOS-HOU,2025-01-03,BOS,HOU,3.5,-3.5,-3.4148727506399155,86,109,-23
2025-01-03-WAS-NOP,2025-01-03,WAS,NOP,-7.5,7.5,7.511098548769951,132,120,12
2025-01-03-NYK-OKC,2025-01-03,NYK,OKC,-3.5,3.5,3.8591887950897217,117,107,10
2025-01-03-CLE-DAL,2025-01-03,CLE,DAL,9.5,-9.5,-9.635904610157013,122,134,-12
2025-01-03-SAS-DEN,2025-01-03,SAS,DEN,-6.0,6.0,6.0686667412519455,110,113,-3
2025-01-03-MEM-SAC,2025-01-03,MEM,SAC,-3.5,3.5,3.511098548769951,138,133,5
2025-01-03-ATL-LAL,2025-01-03,ATL,LAL,-3.0,3.0,3.011098548769951,119,102,17
2025-01-04-PHI-BKN,2025-01-04,PHI,BKN,9.0,-9.0,-8.98890145123005,94,123,-29
2025-01-04-MIN-DET,2025-01-04,MIN,DET,6.5,-6.5,-6.488901451230049,119,105,14
2025-01-04-PHX-IND,2025-01-04,PHX,IND,-3.0,3.0,3.011098548769951,126,108,18
2025-01-04-UTA-MIA,2025-01-04,UTA,MIA,-8.5,8.5,8.51109854876995,100,136,-36
2025-01-04-NYK-CHI,2025-01-04,NYK,CHI,6.0,-6.0,-5.988901451230049,139,126,13
2025-01-04-POR-MIL,2025-01-04,POR,MIL,-12.5,12.5,12.51109854876995,102,105,-3
2025-01-04-DEN-SAS,2025-01-04,DEN,SAS,3.0,-3.0,-2.981826677918434,111,122,-11
2025-01-04-MEM-GSW,2025-01-04,MEM,GSW,-3.0,3.0,3.011098548769951,121,113,8
2025-01-04-ATL-LAC,2025-01-04,ATL,LAC,-7.0,7.0,7.011098548769951,131,105,26
2025-01-05-BOS-OKC,2025-01-05,BOS,OKC,-1.0,1.0,0.9768859446048737,105,92,13
2025-01-05-CHA-CLE,2025-01-05,CHA,CLE,-16.0,16.0,16.01109854876995,115,105,10
2025-01-05-NOP-WAS,2025-01-05,NOP,WAS,6.0,-6.0,-5.988901451230049,98,110,-12
2025-01-05-UTA-ORL,2025-01-05,UTA,ORL,-9.5,9.5,9.51109854876995,92,105,-13
2025-01-05-LAL-HOU,2025-01-05,LAL,HOU,-4.5,4.5,4.511098548769951,119,115,4
2025-01-05-SAC-GSW,2025-01-05,SAC,GSW,-3.0,3.0,3.011098548769951,99,129,-30
2025-01-06-POR-DET,2025-01-06,POR,DET,-6.0,6.0,6.011098548769951,118,115,3
2025-01-06-PHX-PHI,2025-01-06,PHX,PHI,1.5,-1.5,-1.3803278505802155,99,109,-10
2025-01-06-IND-BKN,2025-01-06,IND,BKN,11.0,-11.0,-10.98890145123005,99,113,-14
2025-01-06-ORL-NYK,2025-01-06,ORL,NYK,-10.5,10.5,10.51109854876995,94,103,-9
2025-01-06-MIL-TOR,2025-01-06,MIL,TOR,6.0,-6.0,-6.088926412165165,104,128,-24
2025-01-06-SAS-CHI,2025-01-06,SAS,CHI,3.0,-3.0,-2.988901451230049,114,110,4
2025-01-06-DAL-MEM,2025-01-06,DAL,MEM,-4.5,4.5,4.511098548769951,119,104,15
2025-01-06-LAC-MIN,2025-01-06,LAC,MIN,-2.5,2.5,2.511098548769951,108,106,2
2025-01-06-MIA-SAC,2025-01-06,MIA,SAC,-4.0,4.0,4.011098548769951,123,118,5
2025-01-07-PHX-CHA,2025-01-07,PHX,CHA,5.0,-5.0,-4.988901451230049,115,104,11
2025-01-07-HOU-WAS,2025-01-07,HOU,WAS,13.5,-13.5,-13.48890145123005,112,135,-23
2025-01-07-LAL-DAL,2025-01-07,LAL,DAL,6.5,-6.5,-6.488901451230049,118,97,21
2025-01-07-MIN-NOP,2025-01-07,MIN,NOP,4.0,-4.0,-3.988901451230049,97,104,-7
2025-01-07-ATL-UTA,2025-01-07,ATL,UTA,5.5,-5.5,-5.488901451230049,121,124,-3
2025-01-07-BOS-DEN,2025-01-07,BOS,DEN,10.5,-10.5,-10.48890145123005,106,118,-12
2025-01-07-MIA-GSW,2025-01-07,MIA,GSW,-9.0,9.0,9.01109854876995,98,114,-16
2025-01-08-OKC-CLE,2025-01-08,OKC,CLE,-3.0,3.0,3.059226982295513,129,122,7
2025-01-08-CHI-IND,2025-01-08,CHI,IND,-5.0,5.0,5.011098548769951,129,113,16
2025-01-08-TOR-NYK,2025-01-08,TOR,NYK,-12.0,12.0,12.01109854876995,112,98,14
2025-01-08-WAS-PHI,2025-01-08,WAS,PHI,-10.5,10.5,10.51109854876995,109,103,6
2025-01-08-DET-BKN,2025-01-08,DET,BKN,9.5,-9.5,-9.48890145123005,98,113,-15
2025-01-08-POR-NOP,2025-01-08,POR,NOP,-2.0,2.0,2.011098548769951,100,119,-19
2025-01-08-LAC-DEN,2025-01-08,LAC,DEN,3.5,-3.5,-3.488901451230049,126,103,23
2025-01-08-SAS-MIL,2025-01-08,SAS,MIL,-4.5,4.5,4.511098548769951,121,105,16
2025-01-09-TOR-CLE,2025-01-09,TOR,CLE,-13.5,13.5,13.51109854876995,132,126,6
2025-01-09-GSW-DET,2025-01-09,GSW,DET,2.5,-2.5,-2.488901451230049,104,107,-3
2025-01-09-MIN-ORL,2025-01-09,MIN,ORL,5.5,-5.5,-5.488901451230049,89,104,-15
2025-01-09-HOU-MEM,2025-01-09,HOU,MEM,-3.0,3.0,3.06776125729084,115,119,-4
2025-01-09-POR-DAL,2025-01-09,POR,DAL,-7.5,7.5,7.511098548769951,117,111,6
2025-01-09-ATL-PHX,2025-01-09,ATL,PHX,-6.0,6.0,6.011098548769951,123,115,8
2025-01-09-MIA-UTA,2025-01-09,MIA,UTA,5.5,-5.5,-5.488901451230049,92,97,-5
2025-02-19-CHA-LAL,2025-02-19,CHA,LAL,-13.0,13.0,13.01109854876995,97,100,-3
2025-01-10-GSW-IND,2025-01-10,GSW,IND,-11.0,11.0,11.01109854876995,108,96,12
2025-01-10-MIL-ORL,2025-01-10,MIL,ORL,6.0,-6.0,-5.988901451230049,106,109,-3
2025-01-10-NOP-PHI,2025-01-10,NOP,PHI,-7.0,7.0,7.011098548769951,115,123,-8
2025-01-10-SAC-BOS,2025-01-10,SAC,BOS,-12.0,12.0,12.01109854876995,97,114,-17
2025-01-10-OKC-NYK,2025-01-10,OKC,NYK,2.5,-2.5,-2.471992615610361,101,126,-25
2025-01-10-WAS-CHI,2025-01-10,WAS,CHI,-10.0,10.0,10.01109854876995,138,105,33
2025-01-10-BKN-DEN,2025-01-10,BKN,DEN,-15.0,15.0,15.01109854876995,124,105,19
2025-01-28-HOU-ATL,2025-01-28,HOU,ATL,5.0,-5.0,-4.777413606643677,96,100,-4
2025-01-11-UTA-PHX,2025-01-11,UTA,PHX,-10.5,10.5,10.51109854876995,114,106,8
2025-01-11-TOR-DET,2025-01-11,TOR,DET,-5.0,5.0,5.011098548769951,123,114,9
2025-01-11-MEM-MIN,2025-01-11,MEM,MIN,-2.5,2.5,2.511098548769951,125,127,-2
2025-01-11-MIA-POR,2025-01-11,MIA,POR,4.5,-4.5,-4.488901451230049,98,119,-21
2025-03-17-SAS-LAL,2025-03-17,SAS,LAL,-9.0,9.0,9.01109854876995,125,109,16
2025-03-16-CHA-LAC,2025-03-16,CHA,LAC,-13.5,13.5,13.51109854876995,123,88,35
2025-01-12-MIL-NYK,2025-01-12,MIL,NYK,-5.0,5.0,5.011098548769951,140,106,34
2025-01-12-DEN-DAL,2025-01-12,DEN,DAL,5.5,-5.5,-5.688494935631752,101,112,-11
2025-01-12-SAC-CHI,2025-01-12,SAC,CHI,5.0,-5.0,-4.987925723195076,119,124,-5
2025-01-12-NOP-BOS,2025-01-12,NOP,BOS,-14.5,14.5,14.51109854876995,120,119,1
2025-01-12-IND-CLE,2025-01-12,IND,CLE,-9.0,9.0,9.01109854876995,93,108,-15
2025-01-12-PHI-ORL,2025-01-12,PHI,ORL,-2.0,2.0,2.011098548769951,104,99,5
2025-01-12-OKC-WAS,2025-01-12,OKC,WAS,15.5,-15.5,-15.48890145123005,95,136,-41
2025-01-12-BKN-UTA,2025-01-12,BKN,UTA,-3.5,3.5,3.511098548769951,112,111,1
2025-01-12-CHA-PHX,2025-01-12,CHA,PHX,-7.0,7.0,7.011098548769951,120,113,7
2025-01-13-MIN-WAS,2025-01-13,MIN,WAS,14.5,-14.5,-14.48890145123005,106,120,-14
2025-01-13-DET-NYK,2025-01-13,DET,NYK,-8.5,8.5,8.51109854876995,119,124,-5
2025-01-13-GSW-TOR,2025-01-13,GSW,TOR,5.5,-5.5,-5.58819267898798,104,101,3
2025-01-13-MEM-HOU,2025-01-13,MEM,HOU,-2.5,2.5,2.533845689147711,120,118,2
2025-01-13-SAS-LAL,2025-01-13,SAS,LAL,-4.5,4.5,4.511098548769951,102,126,-24
2025-01-13-MIA-LAC,2025-01-13,MIA,LAC,-8.5,8.5,8.51109854876995,109,98,11
2025-01-14-CLE-IND,2025-01-14,CLE,IND,8.0,-8.0,-7.988901451230049,117,127,-10
2025-01-14-OKC-PHI,2025-01-14,OKC,PHI,16.0,-16.0,-15.98890145123005,102,118,-16
2025-01-14-PHX-ATL,2025-01-14,PHX,ATL,2.5,-2.5,-2.488901451230049,122,117,5
2025-01-14-NOP-CHI,2025-01-14,NOP,CHI,-1.5,1.5,1.5110985487699509,113,119,-6
2025-01-14-SAC-MIL,2025-01-14,SAC,MIL,-2.0,2.0,2.011098548769951,130,115,15
2025-01-14-DEN-DAL,2025-01-14,DEN,DAL,2.5,-2.5,-2.606002129614353,99,118,-19
2025-01-14-BKN-POR,2025-01-14,BKN,POR,-3.5,3.5,3.3293029069900513,114,132,-18
2025-01-15-NYK-PHI,2025-01-15,NYK,PHI,5.5,-5.5,-5.488901451230049,119,125,-6
2025-01-15-BOS-TOR,2025-01-15,BOS,TOR,14.0,-14.0,-13.98890145123005,110,97,13
2025-01-15-ATL-CHI,2025-01-15,ATL,CHI,-6.0,6.0,6.011098548769951,94,110,-16
2025-01-15-ORL-MIL,2025-01-15,ORL,MIL,-6.5,6.5,6.511098548769951,122,93,29
2025-01-15-GSW-MIN,2025-01-15,GSW,MIN,-7.0,7.0,7.011098548769951,115,116,-1
2025-01-15-DAL-NOP,2025-01-15,DAL,NOP,-1.0,1.0,1.0110985487699509,119,116,3
2025-01-15-MEM-SAS,2025-01-15,MEM,SAS,2.5,-2.5,-2.488901451230049,115,129,-14
2025-01-15-HOU-DEN,2025-01-15,HOU,DEN,5.5,-5.5,-5.488901451230049,108,128,-20
2025-01-15-CHA-UTA,2025-01-15,CHA,UTA,6.0,-6.0,-5.988901451230049,112,117,-5
2025-01-15-MIA-LAL,2025-01-15,MIA,LAL,-4.5,4.5,4.511098548769951,117,108,9
2025-01-15-BKN-LAC,2025-01-15,BKN,LAC,-15.5,15.5,15.51109854876995,126,67,59
2025-01-16-IND-DET,2025-01-16,IND,DET,1.5,-1.5,-1.4889014512300491,100,111,-11
2025-01-16-PHX-WAS,2025-01-16,PHX,WAS,11.5,-11.5,-11.48890145123005,123,130,-7
2025-01-16-CLE-OKC,2025-01-16,CLE,OKC,-2.5,2.5,2.562847711145878,134,114,20
2025-01-16-LAC-POR,2025-01-16,LAC,POR,7.0,-7.0,-6.988901451230049,89,118,-29
2025-01-16-HOU-SAC,2025-01-16,HOU,SAC,-5.0,5.0,5.0586410984396935,132,127,5
2025-01-17-ORL-BOS,2025-01-17,ORL,BOS,-15.0,15.0,14.847662627696991,121,94,27
2025-01-17-MIN-NYK,2025-01-17,MIN,NYK,-3.0,3.0,3.011098548769951,99,116,-17
2025-01-17-DEN-MIA,2025-01-17,DEN,MIA,3.5,-3.5,-3.480637528002262,113,133,-20
2025-01-17-TOR-MIL,2025-01-17,TOR,MIL,-11.0,11.0,11.01109854876995,130,112,18
2025-01-17-UTA-NOP,2025-01-17,UTA,NOP,-12.0,12.0,12.01109854876995,136,123,13
2025-01-17-MEM-SAS,2025-01-17,MEM,SAS,-2.0,2.0,2.011098548769951,112,140,-28
2025-01-17-OKC-DAL,2025-01-17,OKC,DAL,2.5,-2.5,-2.488901451230049,106,98,8
2025-01-17-CHA-CHI,2025-01-17,CHA,CHI,-4.5,4.5,4.511098548769951,123,125,-2
2025-01-17-BKN-LAL,2025-01-17,BKN,LAL,-9.5,9.5,9.57690541446209,102,101,1
2025-01-18-PHX-DET,2025-01-18,PHX,DET,1.0,-1.0,-0.9889014512300491,121,125,-4
2025-01-18-ATL-BOS,2025-01-18,ATL,BOS,-9.5,9.5,9.51109854876995,115,119,-4
2025-01-18-PHI-IND,2025-01-18,PHI,IND,-10.5,10.5,10.51109854876995,115,102,13
2025-01-18-WAS-GSW,2025-01-18,WAS,GSW,-13.5,13.5,13.51109854876995,122,114,8
2025-01-18-CLE-MIN,2025-01-18,CLE,MIN,5.0,-5.0,-4.988901451230049,117,124,-7
2025-01-18-HOU-POR,2025-01-18,HOU,POR,10.5,-10.5,-10.31710633635521,103,125,-22
2025-01-19-SAS-MIA,2025-01-19,SAS,MIA,-3.5,3.5,3.511098548769951,128,107,21
2025-01-19-DEN-ORL,2025-01-19,DEN,ORL,7.0,-7.0,-6.988901451230049,100,113,-13
2025-01-19-PHI-MIL,2025-01-19,PHI,MIL,-12.5,12.5,12.51109854876995,123,109,14
2025-01-19-BKN-OKC,2025-01-19,BKN,OKC,-16.5,16.5,16.51109854876995,127,101,26
2025-01-19-LAL-LAC,2025-01-19,LAL,LAC,-4.5,4.5,4.526385776698589,116,102,14
2025-01-19-CHI-POR,2025-01-19,CHI,POR,4.5,-4.5,-4.488901451230049,113,102,11
2025-01-19-WAS-SAC,2025-01-19,WAS,SAC,-17.5,17.5,17.51109854876995,123,100,23
2025-01-20-DAL-CHA,2025-01-20,DAL,CHA,4.0,-4.0,-3.988901451230049,110,105,5
2025-01-20-DET-HOU,2025-01-20,DET,HOU,-8.0,8.0,8.01109854876995,96,107,-11
2025-01-20-MIN-MEM,2025-01-20,MIN,MEM,-5.0,5.0,5.011098548769951,108,106,2
2025-01-20-ATL-NYK,2025-01-20,ATL,NYK,-7.5,7.5,7.511098548769951,119,110,9
2025-01-20-PHX-CLE,2025-01-20,PHX,CLE,-8.0,8.0,8.01109854876995,118,92,26
2025-01-20-BOS-GSW,2025-01-20,BOS,GSW,9.0,-9.0,-8.98890145123005,85,125,-40
2025-01-20-UTA-NOP,2025-01-20,UTA,NOP,-11.0,11.0,11.01109854876995,123,119,4
2025-01-21-NYK-BKN,2025-01-21,NYK,BKN,11.5,-11.5,-11.440048821270466,95,99,-4
2025-01-21-POR-MIA,2025-01-21,POR,MIA,-9.0,9.0,9.01109854876995,107,116,-9
2025-01-21-ORL-TOR,2025-01-21,ORL,TOR,1.0,-1.0,-1.0021936371922493,109,93,16
2025-01-21-PHI-DEN,2025-01-21,PHI,DEN,-12.0,12.0,12.01109854876995,144,109,35
2025-01-21-WAS-LAL,2025-01-21,WAS,LAL,-13.5,13.5,13.51109854876995,111,88,23
2025-01-20-CHI-LAC,2025-01-20,CHI,LAC,-6.5,6.5,6.511098548769951,99,112,-13
2025-01-22-DET-ATL,2025-01-22,DET,ATL,-4.0,4.0,4.011098548769951,104,114,-10
2025-01-22-PHX-BKN,2025-01-22,PHX,BKN,13.0,-13.0,-12.98890145123005,84,108,-24
2025-01-22-MIN-DAL,2025-01-22,MIN,DAL,3.5,-3.5,-3.488901451230049,114,115,-1
2025-01-22-CLE-HOU,2025-01-22,CLE,HOU,1.0,-1.0,-1.0757658779621124,109,108,1
2025-01-22-CHA-MEM,2025-01-22,CHA,MEM,-11.5,11.5,11.51109854876995,132,120,12
2025-04-06-MIL-NOP,2025-04-06,MIL,NOP,6.5,-6.5,-6.488901451230049,107,111,-4
2025-01-22-UTA-OKC,2025-01-22,UTA,OKC,-16.0,16.0,16.01109854876995,123,114,9
2025-01-22-GSW-SAC,2025-01-22,GSW,SAC,-7.5,7.5,7.511098548769951,123,117,6
2025-01-22-BOS-LAC,2025-01-22,BOS,LAC,12.0,-12.0,-11.98007157444954,113,117,-4
2025-01-23-POR-ORL,2025-01-23,POR,ORL,-7.0,7.0,7.011098548769951,79,101,-22
2025-01-23-TOR-ATL,2025-01-23,TOR,ATL,-5.0,5.0,5.011098548769951,119,122,-3
2025-01-23-MIA-MIL,2025-01-23,MIA,MIL,-6.0,6.0,6.011098548769951,125,96,29
2025-01-23-DAL-OKC,2025-01-23,DAL,OKC,-11.5,11.5,11.51109854876995,115,121,-6
2025-01-23-SAC-DEN,2025-01-23,SAC,DEN,-7.5,7.5,7.511098548769951,132,123,9
2025-03-19-WAS-UTA,2025-03-19,WAS,UTA,-2.5,2.5,2.511098548769951,128,112,16
2025-01-23-CHI-GSW,2025-01-23,CHI,GSW,-4.0,4.0,4.011098548769951,131,106,25
2025-01-23-BOS-LAL,2025-01-23,BOS,LAL,6.5,-6.5,-6.488901451230049,117,96,21
2025-01-24-POR-CHA,2025-01-24,POR,CHA,1.5,-1.5,-1.4889014512300491,97,102,-5
2025-01-24-CLE-PHI,2025-01-24,CLE,PHI,9.0,-9.0,-8.98890145123005,132,129,3
2025-01-24-NOP-MEM,2025-01-24,NOP,MEM,-9.5,9.5,9.51109854876995,139,126,13
2025-01-25-DEN-MIN,2025-01-25,DEN,MIN,3.5,-3.5,-3.488901451230049,133,104,29
2025-01-25-BOS-DAL,2025-01-25,BOS,DAL,9.0,-9.0,-8.98890145123005,107,122,-15
2025-01-25-MIA-BKN,2025-01-25,MIA,BKN,7.0,-7.0,-6.988901451230049,97,106,-9
2025-01-25-NOP-CHA,2025-01-25,NOP,CHA,1.5,-1.5,-1.4889014512300491,123,92,31
2025-01-25-DET-ORL,2025-01-25,DET,ORL,-3.5,3.5,3.511098548769951,121,113,8
2025-01-25-TOR-ATL,2025-01-25,TOR,ATL,-5.5,5.5,5.511098548769951,94,117,-23
2025-01-25-HOU-CLE,2025-01-25,HOU,CLE,-4.5,4.5,4.488103005103767,131,135,-4
2025-01-25-SAC-NYK,2025-01-25,SAC,NYK,-5.0,5.0,5.011098548769951,143,120,23
2025-01-25-PHI-CHI,2025-01-25,PHI,CHI,-3.5,3.5,3.511098548769951,97,109,-12
2025-01-25-UTA-MEM,2025-01-25,UTA,MEM,-11.0,11.0,11.01109854876995,125,103,22
2025-01-25-LAL-GSW,2025-01-25,LAL,GSW,1.0,-1.0,-0.9889014512300491,108,118,-10
2025-01-25-WAS-PHX,2025-01-25,WAS,PHX,-14.0,14.0,14.01109854876995,119,109,10
2025-01-25-MIL-LAC,2025-01-25,MIL,LAC,-3.5,3.5,3.849481165409088,127,117,10
2025-01-26-OKC-POR,2025-01-26,OKC,POR,14.0,-14.0,-13.98890145123005,108,118,-10
2025-01-27-LAL-CHA,2025-01-27,LAL,CHA,5.0,-5.0,-4.988901451230049,107,112,-5
2025-01-27-DET-CLE,2025-01-27,DET,CLE,-11.0,11.0,11.01109854876995,110,91,19
2025-01-27-HOU-BOS,2025-01-27,HOU,BOS,-5.5,5.5,5.43192994594574,112,114,-2
2025-01-27-SAC-BKN,2025-01-27,SAC,BKN,12.0,-12.0,-11.98890145123005,96,110,-14
2025-01-27-ORL-MIA,2025-01-27,ORL,MIA,1.0,-1.0,-0.9889014512300491,125,119,6
2025-01-27-MEM-NYK,2025-01-27,MEM,NYK,-3.5,3.5,3.4242341220378876,143,106,37
2025-01-27-NOP-TOR,2025-01-27,NOP,TOR,-1.0,1.0,1.0110985487699509,113,104,9
2025-01-27-DEN-CHI,2025-01-27,DEN,CHI,9.5,-9.5,-9.48890145123005,129,121,8
2025-01-27-ATL-MIN,2025-01-27,ATL,MIN,-10.5,10.5,10.51109854876995,100,92,8
2025-01-27-WAS-DAL,2025-01-27,WAS,DAL,-13.0,13.0,13.01109854876995,130,108,22
2025-01-27-MIL-UTA,2025-01-27,MIL,UTA,8.5,-8.5,-8.48890145123005,110,125,-15
2025-01-27-LAC-PHX,2025-01-27,LAC,PHX,1.0,-1.0,-0.6657625436782837,111,109,2
2025-01-28-LAL-PHI,2025-01-28,LAL,PHI,4.5,-4.5,-4.488901451230049,118,104,14
2025-01-28-UTA-GSW,2025-01-28,UTA,GSW,-10.5,10.5,10.51109854876995,114,103,11
2025-01-28-MIL-POR,2025-01-28,MIL,POR,5.5,-5.5,-5.488901451230049,125,112,13
2025-01-29-BKN-CHA,2025-01-29,BKN,CHA,-1.5,1.5,1.4063536822795868,83,104,-21
2025-01-29-DET-IND,2025-01-29,DET,IND,-5.5,5.5,5.511098548769951,133,119,14
2025-01-29-TOR-WAS,2025-01-29,TOR,WAS,5.5,-5.5,-5.488146956078708,82,106,-24
2025-01-29-CHI-BOS,2025-01-29,CHI,BOS,-14.5,14.5,14.51109854876995,122,100,22
2025-01-29-CLE-MIA,2025-01-29,CLE,MIA,6.0,-6.0,-5.988901451230049,106,126,-20
2025-01-29-DEN-NYK,2025-01-29,DEN,NYK,-3.0,3.0,3.0156643986701965,122,112,10
2025-01-29-SAC-PHI,2025-01-29,SAC,PHI,8.0,-8.0,-7.988901451230049,117,104,13
2025-01-29-DAL-NOP,2025-01-29,DAL,NOP,1.0,-1.0,-0.9889014512300491,136,137,-1
2025-01-29-LAC-SAS,2025-01-29,LAC,SAS,4.0,-4.0,-3.988901451230049,116,128,-12
2025-01-29-MIN-PHX,2025-01-29,MIN,PHX,-1.0,1.0,1.0110985487699509,113,121,-8
2025-01-29-OKC-GSW,2025-01-29,OKC,GSW,9.0,-9.0,-8.98890145123005,116,109,7
2025-01-30-LAL-WAS,2025-01-30,LAL,WAS,8.5,-8.5,-8.48890145123005,96,134,-38
2025-01-30-ATL-CLE,2025-01-30,ATL,CLE,-11.5,11.5,11.51109854876995,137,115,22
2025-01-30-HOU-MEM,2025-01-30,HOU,MEM,-4.0,4.0,3.9769317395985126,120,119,1
2025-01-30-MIN-UTA,2025-01-30,MIN,UTA,5.5,-5.5,-5.488901451230049,113,138,-25
2025-01-30-ORL-POR,2025-01-30,ORL,POR,5.0,-5.0,-4.988901451230049,119,90,29
2025-01-31-LAC-CHA,2025-01-31,LAC,CHA,13.5,-13.5,-13.48890145123005,104,112,-8
2025-01-31-DAL-DET,2025-01-31,DAL,DET,1.0,-1.0,-0.9889014512300491,117,102,15
2025-01-31-DEN-PHI,2025-01-31,DEN,PHI,9.5,-9.5,-9.483146321028471,134,137,-3
2025-01-31-CHI-TOR,2025-01-31,CHI,TOR,-4.5,4.5,4.511098548769951,106,122,-16
2025-01-31-BOS-NOP,2025-01-31,BOS,NOP,12.0,-12.0,-11.98890145123005,116,118,-2
2025-01-31-MIL-SAS,2025-01-31,MIL,SAS,2.5,-2.5,-2.488901451230049,144,118,26
2025-01-31-PHX-GSW,2025-01-31,PHX,GSW,3.0,-3.0,-2.988901451230049,105,130,-25
2025-02-01-ATL-IND,2025-02-01,ATL,IND,-9.5,9.5,9.51109854876995,132,127,5
2025-02-01-ORL-UTA,2025-02-01,ORL,UTA,4.0,-4.0,-3.8619102835655212,113,99,14
2025-02-01-DEN-CHA,2025-02-01,DEN,CHA,12.5,-12.5,-12.472778912633657,104,107,-3
2025-02-01-BKN-HOU,2025-02-01,BKN,HOU,-13.0,13.0,12.939105730503798,98,110,-12
2025-02-01-WAS-MIN,2025-02-01,WAS,MIN,-12.0,12.0,12.01109854876995,103,105,-2
2025-02-01-SAC-OKC,2025-02-01,SAC,OKC,-7.0,7.0,7.011098548769951,144,110,34
2025-02-01-LAL-NYK,2025-02-01,LAL,NYK,-11.0,11.0,11.01109854876995,112,128,-16
2025-02-01-MIA-SAS,2025-02-01,MIA,SAS,3.0,-3.0,-2.988901451230049,103,105,-2
2025-02-01-PHX-POR,2025-02-01,PHX,POR,4.5,-4.5,-4.488901451230049,127,108,19
2025-02-02-CHI-DET,2025-02-02,CHI,DET,-6.0,6.0,6.011098548769951,127,119,8
2025-02-02-DAL-CLE,2025-02-02,DAL,CLE,-15.5,15.5,15.51109854876995,144,101,43
2025-02-02-LAC-TOR,2025-02-02,LAC,TOR,5.0,-5.0,-4.988901451230049,115,108,7
2025-02-02-BOS-PHI,2025-02-02,BOS,PHI,12.5,-12.5,-12.48890145123005,110,118,-8
2025-02-02-MEM-MIL,2025-02-02,MEM,MIL,-4.0,4.0,4.011098548769951,119,132,-13
2025-02-03-WAS-CHA,2025-02-03,WAS,CHA,-4.5,4.5,4.511098548769951,114,124,-10
2025-02-03-ATL-DET,2025-02-03,ATL,DET,-4.5,4.5,4.511098548769951,130,132,-2
2025-02-03-HOU-NYK,2025-02-03,HOU,NYK,-7.0,7.0,6.958034880459309,124,118,6
2025-02-03-SAS-MEM,2025-02-03,SAS,MEM,-3.5,3.5,3.511098548769951,128,109,19
2025-02-03-SAC-MIN,2025-02-03,SAC,MIN,-5.0,5.0,5.011098548769951,114,116,-2
2025-02-03-MIL-OKC,2025-02-03,MIL,OKC,-17.5,17.5,17.468530051410198,125,96,29
2025-02-03-NOP-DEN,2025-02-03,NOP,DEN,-9.0,9.0,9.01109854876995,125,113,12
2025-02-03-IND-UTA,2025-02-03,IND,UTA,6.5,-6.5,-6.488901451230049,111,112,-1
2025-02-03-ORL-GSW,2025-02-03,ORL,GSW,-3.5,3.5,3.521119236946106,104,99,5
2025-02-03-PHX-POR,2025-02-03,PHX,POR,5.0,-5.0,-4.988901451230049,121,119,2
2025-02-04-BOS-CLE,2025-02-04,BOS,CLE,-1.5,1.5,1.4844842627644539,105,112,-7
2025-02-04-HOU-BKN,2025-02-04,HOU,BKN,9.0,-9.0,-8.839467719197273,99,97,2
2025-02-04-DAL-PHI,2025-02-04,DAL,PHI,-4.0,4.0,4.011098548769951,118,116,2
2025-02-04-NYK-TOR,2025-02-04,NYK,TOR,5.5,-5.5,-5.17728927731514,115,121,-6
2025-02-04-MIA-CHI,2025-02-04,MIA,CHI,4.0,-4.0,-3.988901451230049,133,124,9
2025-02-04-LAL-LAC,2025-02-04,LAL,LAC,-8.5,8.5,8.51109854876995,97,122,-25
2025-02-04-IND-POR,2025-02-04,IND,POR,5.5,-5.5,-5.462253719568253,112,89,23
2025-02-05-MIL-CHA,2025-02-05,MIL,CHA,10.5,-10.5,-10.48890145123005,102,112,-10
2025-02-05-CLE-DET,2025-02-05,CLE,DET,3.5,-3.5,-3.5374298617243767,115,118,-3
2025-02-05-SAS-ATL,2025-02-05,SAS,ATL,4.5,-4.5,-4.488901451230049,125,126,-1
2025-02-05-WAS-BKN,2025-02-05,WAS,BKN,-5.5,5.5,5.511098548769951,102,119,-17
2025-02-05-MIA-PHI,2025-02-05,MIA,PHI,-2.0,2.0,2.011098548769951,101,108,-7
2025-02-05-MEM-TOR,2025-02-05,MEM,TOR,10.5,-10.5,-10.149008363485336,107,138,-31
2025-02-05-CHI-MIN,2025-02-05,CHI,MIN,-11.5,11.5,11.51109854876995,127,108,19
2025-02-05-PHX-OKC,2025-02-05,PHX,OKC,-13.0,13.0,13.01109854876995,140,109,31
2025-02-05-GSW-UTA,2025-02-05,GSW,UTA,6.5,-6.5,-6.488901451230049,131,128,3
2025-02-05-NOP-DEN,2025-02-05,NOP,DEN,-11.0,11.0,11.01109854876995,144,119,25
2025-02-05-ORL-SAC,2025-02-05,ORL,SAC,-4.0,4.0,4.065372556447983,111,130,-19
2025-02-06-DAL-BOS,2025-02-06,DAL,BOS,-12.5,12.5,12.51109854876995,120,127,-7
2025-02-06-HOU-MIN,2025-02-06,HOU,MIN,-1.0,1.0,0.9854983305558562,127,114,13
2025-02-06-ORL-DEN,2025-02-06,ORL,DEN,-5.5,5.5,5.353821218013763,112,90,22
2025-02-06-GSW-LAL,2025-02-06,GSW,LAL,-5.0,5.0,5.011098548769951,120,112,8
2025-02-06-SAC-POR,2025-02-06,SAC,POR,1.5,-1.5,-1.428645208477974,108,102,6
2025-02-06-IND-LAC,2025-02-06,IND,LAC,-5.5,5.5,5.511098548769951,112,119,-7
2025-02-07-SAS-CHA,2025-02-07,SAS,CHA,10.0,-10.0,-9.98890145123005,117,116,1
2025-02-07-CLE-WAS,2025-02-07,CLE,WAS,17.5,-17.5,-17.48890145123005,124,134,-10
2025-02-07-MIL-ATL,2025-02-07,MIL,ATL,2.5,-2.5,-2.488901451230049,115,110,5
2025-02-07-MIA-BKN,2025-02-07,MIA,BKN,5.0,-5.0,-4.988901451230049,102,86,16
2025-02-07-PHI-DET,2025-02-07,PHI,DET,5.5,-5.5,-5.488901451230049,125,112,13
2025-02-07-TOR-OKC,2025-02-07,TOR,OKC,-19.0,19.0,19.023529514670372,121,109,12
2025-02-07-UTA-PHX,2025-02-07,UTA,PHX,-7.5,7.5,7.511098548769951,135,127,8
2025-02-08-HOU-DAL,2025-02-08,HOU,DAL,-3.0,3.0,2.8476600497961044,116,105,11
2025-02-08-IND-LAL,2025-02-08,IND,LAL,4.5,-4.5,-4.488901451230049,124,117,7
2025-02-08-SAS-ORL,2025-02-08,SAS,ORL,-3.0,3.0,3.011098548769951,112,111,1
2025-02-08-ATL-WAS,2025-02-08,ATL,WAS,7.0,-7.0,-6.988901451230049,111,125,-14
2025-02-08-GSW-CHI,2025-02-08,GSW,CHI,6.5,-6.5,-6.488901451230049,111,132,-21
2025-02-08-OKC-MEM,2025-02-08,OKC,MEM,1.5,-1.5,-1.6185814589262009,112,125,-13
2025-02-08-POR-MIN,2025-02-08,POR,MIN,-4.0,4.0,4.299358576536179,114,98,16
2025-02-08-BOS-NYK,2025-02-08,BOS,NYK,3.0,-3.0,-2.988901451230049,104,131,-27
2025-02-08-DEN-PHX,2025-02-08,DEN,PHX,6.5,-6.5,-6.488901451230049,105,122,-17
2025-02-08-NOP-SAC,2025-02-08,NOP,SAC,-8.0,8.0,8.01109854876995,123,118,5
2025-02-08-UTA-LAC,2025-02-08,UTA,LAC,-18.0,18.0,18.01109854876995,130,110,20
2025-02-09-CHA-DET,2025-02-09,CHA,DET,-12.0,12.0,12.01109854876995,112,102,10
2025-02-09-TOR-HOU,2025-02-09,TOR,HOU,-8.0,8.0,7.988966657780111,94,87,7
2025-02-09-PHI-MIL,2025-02-09,PHI,MIL,3.5,-3.5,-3.488901451230049,135,127,8
2025-02-10-MIN-CLE,2025-02-10,MIN,CLE,-7.5,7.5,7.511098548769951,128,107,21
2025-02-10-ATL-ORL,2025-02-10,ATL,ORL,-6.5,6.5,6.511098548769951,106,112,-6
2025-02-10-SAS-WAS,2025-02-10,SAS,WAS,11.5,-11.5,-11.48890145123005,121,131,-10
2025-02-10-CHA-BKN,2025-02-10,CHA,BKN,-5.0,5.0,4.922918774187565,97,89,8
2025-02-10-BOS-MIA,2025-02-10,BOS,MIA,8.5,-8.5,-8.48890145123005,85,103,-18
2025-02-10-GSW-MIL,2025-02-10,GSW,MIL,7.5,-7.5,-7.488901451230049,111,125,-14
2025-02-10-NOP-OKC,2025-02-10,NOP,OKC,-17.5,17.5,17.51109854876995,137,101,36
2025-02-10-SAC-DAL,2025-02-10,SAC,DAL,1.5,-1.5,-1.4889014512300491,128,129,-1
2025-02-10-POR-DEN,2025-02-10,POR,DEN,-9.0,9.0,9.02610283344984,146,117,29
2025-02-11-TOR-PHI,2025-02-11,TOR,PHI,-11.0,11.0,11.01109854876995,103,106,-3
2025-02-11-NYK-IND,2025-02-11,NYK,IND,2.0,-2.0,-2.05309796705842,115,128,-13
2025-02-11-DET-CHI,2025-02-11,DET,CHI,5.0,-5.0,-4.988901451230049,92,132,-40
2025-02-11-MEM-PHX,2025-02-11,MEM,PHX,4.0,-4.0,-3.988901451230049,112,119,-7
2025-02-10-UTA-LAL,2025-02-10,UTA,LAL,-12.0,12.0,12.01109854876995,132,113,19
2025-02-12-SAS-BOS,2025-02-12,SAS,BOS,-8.0,8.0,8.01109854876995,116,103,13
2025-02-12-CHA-ORL,2025-02-12,CHA,ORL,-13.0,13.0,13.01109854876995,102,86,16
2025-02-12-IND-WAS,2025-02-12,IND,WAS,10.0,-10.0,-9.98890145123005,130,134,-4
2025-02-12-PHI-BKN,2025-02-12,PHI,BKN,-2.0,2.0,2.011098548769951,100,96,4
2025-02-12-ATL-NYK,2025-02-12,ATL,NYK,-8.0,8.0,8.072792053222656,149,148,1
2025-02-12-CLE-TOR,2025-02-12,CLE,TOR,12.5,-12.5,-12.408400118350983,108,131,-23
2025-02-12-DET-CHI,2025-02-12,DET,CHI,6.0,-6.0,-5.988901451230049,110,128,-18
2025-02-12-MIL-MIN,2025-02-12,MIL,MIN,-9.5,9.5,9.51109854876995,101,103,-2
2025-02-12-SAC-NOP,2025-02-12,SAC,NOP,6.0,-6.0,-5.988901451230049,111,119,-8
2025-02-12-MIA-OKC,2025-02-12,MIA,OKC,-14.0,14.0,14.01109854876995,115,101,14
2025-02-12-PHX-HOU,2025-02-12,PHX,HOU,-10.0,10.0,10.01109854876995,119,111,8
2025-02-12-POR-DEN,2025-02-12,POR,DEN,-8.0,8.0,8.01109854876995,132,121,11
2025-02-12-LAL-UTA,2025-02-12,LAL,UTA,9.0,-9.0,-8.98890145123005,131,119,12
2025-02-12-GSW-DAL,2025-02-12,GSW,DAL,8.0,-8.0,-7.988901451230049,111,107,4
2025-02-12-MEM-LAC,2025-02-12,MEM,LAC,-6.5,6.5,6.511098548769951,128,114,14
2025-02-13-GSW-HOU,2025-02-13,GSW,HOU,1.5,-1.5,-1.4660244174301624,98,105,-7
2025-02-13-SAC-NOP,2025-02-13,SAC,NOP,8.5,-8.5,-8.48890145123005,140,133,7
2025-02-13-MIA-DAL,2025-02-13,MIA,DAL,3.0,-3.0,-2.9297293573617935,118,113,5
2025-02-13-OKC-MIN,2025-02-13,OKC,MIN,9.5,-9.5,-9.417158648371696,116,101,15
2025-02-20-MEM-IND,2025-02-20,MEM,IND,1.0,-1.0,-0.9889014512300491,127,113,14
2025-02-20-BOS-PHI,2025-02-20,BOS,PHI,6.5,-6.5,-6.488901451230049,104,124,-20
2025-02-20-ORL-ATL,2025-02-20,ORL,ATL,1.0,-1.0,-0.9889014512300491,108,114,-6
2025-02-20-CLE-BKN,2025-02-20,CLE,BKN,12.5,-12.5,-12.450508028268814,97,110,-13
2025-02-20-CHI-NYK,2025-02-20,CHI,NYK,-10.0,10.0,10.072792053222656,113,111,2
2025-02-20-LAC-MIL,2025-02-20,LAC,MIL,2.0,-2.0,-1.9889014512300491,116,110,6
2025-02-20-CHA-DEN,2025-02-20,CHA,DEN,-18.0,18.0,18.01109854876995,129,115,14
2025-02-20-PHX-SAS,2025-02-20,PHX,SAS,2.5,-2.5,-2.488901451230049,120,109,11
2025-02-20-LAL-POR,2025-02-20,LAL,POR,2.0,-2.0,-1.9889014512300491,102,110,-8
2025-02-21-NYK-CLE,2025-02-21,NYK,CLE,-7.5,7.5,7.989479035139084,142,105,37
2025-02-21-MEM-ORL,2025-02-21,MEM,ORL,2.0,-2.0,-1.9889014512300491,104,105,-1
2025-02-21-MIL-WAS,2025-02-21,MIL,WAS,5.5,-5.5,-5.488901451230049,101,104,-3
2025-02-21-MIA-TOR,2025-02-21,MIA,TOR,3.5,-3.5,-3.488901451230049,111,120,-9
2025-02-21-MIN-HOU,2025-02-21,MIN,HOU,-4.0,4.0,3.9582622349262238,121,115,6
2025-02-21-DET-SAS,2025-02-21,DET,SAS,4.5,-4.5,-4.488901451230049,110,125,-15
2025-02-21-NOP-DAL,2025-02-21,NOP,DAL,-5.5,5.5,5.511098548769951,111,103,8
2025-02-21-OKC-UTA,2025-02-21,OKC,UTA,15.5,-15.5,-15.48890145123005,107,130,-23
2025-02-21-GSW-SAC,2025-02-21,GSW,SAC,2.0,-2.0,-1.9889014512300491,108,132,-24
2025-02-22-PHX-CHI,2025-02-22,PHX,CHI,5.0,-5.0,-4.988901451230049,117,121,-4
2025-02-22-BKN-PHI,2025-02-22,BKN,PHI,-11.0,11.0,10.793497443199158,103,105,-2
2025-02-22-LAL-DEN,2025-02-22,LAL,DEN,-6.5,6.5,6.603674009442329,100,123,-23
2025-02-22-HOU-UTA,2025-02-22,HOU,UTA,8.0,-8.0,-7.988901451230049,124,115,9
2025-02-22-CHA-POR,2025-02-22,CHA,POR,-6.0,6.0,6.011098548769951,141,88,53
2025-02-23-NYK-BOS,2025-02-23,NYK,BOS,-7.5,7.5,7.535782657563686,118,105,13
2025-02-23-DAL-GSW,2025-02-23,DAL,GSW,-9.5,9.5,9.51109854876995,126,102,24
2025-02-23-LAC-IND,2025-02-23,LAC,IND,-4.0,4.0,4.011098548769951,129,111,18
2025-02-23-DET-ATL,2025-02-23,DET,ATL,2.0,-2.0,-1.9889014512300491,143,148,-5
2025-02-23-WAS-ORL,2025-02-23,WAS,ORL,-13.5,13.5,13.51109854876995,110,90,20
2025-02-23-PHX-TOR,2025-02-23,PHX,TOR,3.0,-3.0,-2.988901451230049,127,109,18
2025-02-23-MIA-MIL,2025-02-23,MIA,MIL,-4.0,4.0,4.011098548769951,120,113,7
2025-02-23-SAS-NOP,2025-02-23,SAS,NOP,-2.0,2.0,2.011098548769951,114,96,18
2025-02-23-MEM-CLE,2025-02-23,MEM,CLE,-5.5,5.5,5.511098548769951,129,123,6
2025-02-23-OKC-MIN,2025-02-23,OKC,MIN,9.0,-9.0,-9.037429861724377,123,130,-7
2025-02-24-LAC-DET,2025-02-24,LAC,DET,-3.0,3.0,3.011098548769951,106,97,9
2025-02-24-DEN-IND,2025-02-24,DEN,IND,3.5,-3.5,-3.531469948589802,116,125,-9
2025-02-24-CHI-PHI,2025-02-24,CHI,PHI,-6.0,6.0,6.011098548769951,110,142,-32
2025-02-24-BKN-WAS,2025-02-24,BKN,WAS,2.5,-2.5,-2.488901451230049,107,99,8
2025-02-24-MIA-ATL,2025-02-24,MIA,ATL,-2.5,2.5,2.511098548769951,98,86,12
2025-02-24-MIN-OKC,2025-02-24,MIN,OKC,-11.5,11.5,11.51109854876995,128,131,-3
2025-02-24-POR-UTA,2025-02-24,POR,UTA,7.5,-7.5,-7.488901451230049,112,114,-2
2025-02-24-CHA-SAC,2025-02-24,CHA,SAC,-11.0,11.0,11.046729065477848,130,88,42
2025-02-25-BOS-TOR,2025-02-25,BOS,TOR,10.0,-10.0,-9.98890145123005,101,111,-10
2025-02-25-CLE-ORL,2025-02-25,CLE,ORL,6.0,-6.0,-5.771422564983368,82,122,-40
2025-02-25-MIL-HOU,2025-02-25,MIL,HOU,-3.0,3.0,3.011098548769951,100,97,3
2025-02-25-PHX-MEM,2025-02-25,PHX,MEM,-6.5,6.5,6.511098548769951,151,148,3
2025-02-25-SAS-NOP,2025-02-25,SAS,NOP,-2.5,2.5,2.511098548769951,109,103,6
2025-02-25-CHA-GSW,2025-02-25,CHA,GSW,-17.0,17.0,17.01109854876995,128,92,36
2025-02-25-DAL-LAL,2025-02-25,DAL,LAL,-8.5,8.5,8.51109854876995,107,99,8
2025-02-26-BOS-DET,2025-02-26,BOS,DET,4.5,-4.5,-4.488901451230049,117,97,20
2025-02-26-TOR-IND,2025-02-26,TOR,IND,-12.0,12.0,12.01109854876995,111,91,20
2025-02-26-PHI-NYK,2025-02-26,PHI,NYK,-8.5,8.5,8.527088209986687,110,105,5
2025-02-26-POR-WAS,2025-02-26,POR,WAS,6.0,-6.0,-5.988901451230049,121,129,-8
2025-02-26-OKC-BKN,2025-02-26,OKC,BKN,17.0,-17.0,-16.92712987959385,121,129,-8
2025-02-26-ATL-MIA,2025-02-26,ATL,MIA,-3.0,3.0,3.011098548769951,131,109,22
2025-02-26-LAC-CHI,2025-02-26,LAC,CHI,9.5,-9.5,-9.48890145123005,117,122,-5
2025-02-26-SAC-UTA,2025-02-26,SAC,UTA,9.5,-9.5,-9.48890145123005,101,118,-17
2025-02-26-SAS-HOU,2025-02-26,SAS,HOU,-7.5,7.5,7.511098548769951,118,106,12
2025-02-27-GSW-ORL,2025-02-27,GSW,ORL,4.5,-4.5,-4.488901451230049,115,121,-6
2025-02-27-DEN-MIL,2025-02-27,DEN,MIL,3.0,-3.0,-3.1001823469996452,121,112,9
2025-02-27-CHA-DAL,2025-02-27,CHA,DAL,-11.0,11.0,11.07690541446209,103,96,7
2025-02-27-NOP-PHX,2025-02-27,NOP,PHX,-6.5,6.5,6.511098548769951,116,124,-8
2025-02-27-MIN-LAL,2025-02-27,MIN,LAL,-6.0,6.0,6.011098548769951,111,102,9
2025-02-28-DEN-DET,2025-02-28,DEN,DET,-2.0,2.0,2.442151516675949,119,134,-15
2025-02-28-OKC-ATL,2025-02-28,OKC,ATL,11.0,-11.0,-10.98890145123005,119,135,-16
2025-02-28-CLE-BOS,2025-02-28,CLE,BOS,-1.5,1.5,1.5561613216996193,116,123,-7
2025-02-28-POR-BKN,2025-02-28,POR,BKN,1.5,-1.5,-1.5731953084468842,102,121,-19
2025-02-28-IND-MIA,2025-02-28,IND,MIA,3.0,-3.0,-2.988901451230049,125,120,5
2025-02-28-TOR-CHI,2025-02-28,TOR,CHI,-1.0,1.0,0.9399271532893181,125,115,10
2025-02-28-NYK-MEM,2025-02-28,NYK,MEM,-2.5,2.5,2.4083945378661156,113,114,-1
2025-02-28-NOP-PHX,2025-02-28,NOP,PHX,-9.0,9.0,9.01109854876995,125,108,17
2025-02-28-MIN-UTA,2025-02-28,MIN,UTA,4.0,-4.0,-3.988901451230049,117,116,1
2025-02-28-LAC-LAL,2025-02-28,LAC,LAL,-1.5,1.5,1.5110985487699509,106,102,4
2025-03-01-WAS-CHA,2025-03-01,WAS,CHA,-3.5,3.5,3.511098548769951,100,113,-13
2025-03-01-BKN-DET,2025-03-01,BKN,DET,-12.5,12.5,12.514948852360249,115,94,21
2025-03-01-SAC-HOU,2025-03-01,SAC,HOU,-4.0,4.0,4.011098548769951,103,113,-10
2025-03-01-SAS-MEM,2025-03-01,SAS,MEM,-6.0,6.0,6.011098548769951,128,130,-2
2025-03-01-GSW-PHI,2025-03-01,GSW,PHI,7.0,-7.0,-6.988901451230049,126,119,7
2025-03-01-MIL-DAL,2025-03-01,MIL,DAL,2.5,-2.5,-2.488901451230049,117,132,-15
2025-03-02-DEN-BOS,2025-03-02,DEN,BOS,-5.5,5.5,5.632178068161011,110,103,7
2025-03-02-POR-CLE,2025-03-02,POR,CLE,-11.0,11.0,10.99146343022585,133,129,4
2025-03-02-CHI-IND,2025-03-02,CHI,IND,-11.5,11.5,11.51109854876995,127,112,15
2025-03-02-NYK-MIA,2025-03-02,NYK,MIA,6.5,-6.5,-6.563955940306187,112,116,-4
2025-03-02-TOR-ORL,2025-03-02,TOR,ORL,-7.0,7.0,7.011098548769951,102,104,-2
2025-03-02-OKC-SAS,2025-03-02,OKC,SAS,12.5,-12.5,-12.48890145123005,132,146,-14
2025-03-02-NOP-UTA,2025-03-02,NOP,UTA,7.5,-7.5,-7.488901451230049,121,128,-7
2025-03-02-MIN-PHX,2025-03-02,MIN,PHX,1.5,-1.5,-1.4889014512300491,98,116,-18
2025-03-02-LAC-LAL,2025-03-02,LAC,LAL,2.5,-2.5,-2.488901451230049,108,102,6
2025-03-03-GSW-CHA,2025-03-03,GSW,CHA,13.0,-13.0,-12.98890145123005,101,119,-18
2025-03-03-POR-PHI,2025-03-03,POR,PHI,1.5,-1.5,-1.4889014512300491,102,119,-17
2025-03-03-WAS-MIA,2025-03-03,WAS,MIA,-8.5,8.5,8.51109854876995,106,90,16
2025-03-03-ATL-MEM,2025-03-03,ATL,MEM,-8.0,8.0,8.01109854876995,130,132,-2
2025-03-03-HOU-OKC,2025-03-03,HOU,OKC,-14.5,14.5,14.612404003739357,137,128,9
2025-03-03-SAC-DAL,2025-03-03,SAC,DAL,2.0,-2.0,-1.9889014512300491,98,122,-24
2025-03-03-DET-UTA,2025-03-03,DET,UTA,10.5,-10.5,-10.48890145123005,106,134,-28
2025-03-04-HOU-IND,2025-03-04,HOU,IND,-5.0,5.0,5.011098548769951,115,102,13
2025-03-04-TOR-ORL,2025-03-04,TOR,ORL,-6.5,6.5,6.6525720953941345,113,114,-1
2025-03-04-MIL-ATL,2025-03-04,MIL,ATL,5.0,-5.0,-4.988901451230049,121,127,-6
2025-03-04-GSW-NYK,2025-03-04,GSW,NYK,1.0,-1.0,-0.9889014512300491,102,114,-12
2025-03-04-CLE-CHI,2025-03-04,CLE,CHI,13.5,-13.5,-13.48890145123005,117,139,-22
2025-03-04-PHI-MIN,2025-03-04,PHI,MIN,-13.0,13.0,13.01109854876995,126,112,14
2025-03-04-BKN-SAS,2025-03-04,BKN,SAS,-3.5,3.5,3.511098548769951,127,113,14
2025-03-04-LAC-PHX,2025-03-04,LAC,PHX,2.5,-2.5,-2.488901451230049,119,117,2
2025-03-04-NOP-LAL,2025-03-04,NOP,LAL,-7.5,7.5,7.511098548769951,136,115,21
2025-03-05-POR-BOS,2025-03-05,POR,BOS,-9.5,9.5,9.51109854876995,128,118,10
2025-03-05-MIN-CHA,2025-03-05,MIN,CHA,9.0,-9.0,-8.98890145123005,110,125,-15
2025-03-05-MIA-CLE,2025-03-05,MIA,CLE,-13.0,13.0,13.01109854876995,112,107,5
2025-03-05-UTA-WAS,2025-03-05,UTA,WAS,-5.5,5.5,5.511098548769951,125,122,3
2025-03-05-OKC-MEM,2025-03-05,OKC,MEM,7.0,-7.0,-6.988901451230049,103,120,-17
2025-03-05-SAC-DEN,2025-03-05,SAC,DEN,-8.5,8.5,8.51109854876995,116,110,6
2025-03-05-DAL-MIL,2025-03-05,DAL,MIL,-12.0,12.0,12.01109854876995,137,107,30
2025-03-05-DET-LAC,2025-03-05,DET,LAC,3.5,-3.5,-3.488901451230049,123,115,8
2025-03-06-IND-ATL,2025-03-06,IND,ATL,-2.0,2.0,2.011098548769951,124,118,6
2025-03-06-PHI-BOS,2025-03-06,PHI,BOS,-13.5,13.5,13.503192018717527,123,105,18
2025-03-06-GSW-BKN,2025-03-06,GSW,BKN,11.0,-11.0,-10.930841937661171,119,121,-2
2025-03-06-HOU-NOP,2025-03-06,HOU,NOP,3.5,-3.5,-3.488901451230049,97,109,-12
2025-03-06-NYK-LAL,2025-03-06,NYK,LAL,-2.5,2.5,2.136238992214203,113,109,4
2025-03-07-CLE-CHA,2025-03-07,CLE,CHA,15.5,-15.5,-15.48890145123005,117,118,-1
2025-03-07-UTA-TOR,2025-03-07,UTA,TOR,-5.5,5.5,5.511098548769951,118,109,9
2025-03-07-MEM-DAL,2025-03-07,MEM,DAL,10.0,-10.0,-9.98890145123005,111,122,-11
2025-03-07-MIN-MIA,2025-03-07,MIN,MIA,3.5,-3.5,-3.488901451230049,104,106,-2
2025-03-07-POR-OKC,2025-03-07,POR,OKC,-1.5,1.5,1.5110985487699509,107,89,18
2025-03-07-PHX-DEN,2025-03-07,PHX,DEN,-9.0,9.0,9.01109854876995,149,141,8
2025-03-07-SAS-SAC,2025-03-07,SAS,SAC,-6.5,6.5,6.511098548769951,127,109,18
2025-03-07-NYK-LAC,2025-03-07,NYK,LAC,-7.0,7.0,7.011098548769951,105,95,10
2025-03-08-BKN-CHA,2025-03-08,BKN,CHA,5.0,-5.0,-4.916041806340218,105,102,3
2025-03-08-NOP-HOU,2025-03-08,NOP,HOU,-6.5,6.5,6.511098548769951,146,117,29
2025-03-08-IND-ATL,2025-03-08,IND,ATL,1.0,-1.0,-0.9889014512300491,120,118,2
2025-03-08-WAS-TOR,2025-03-08,WAS,TOR,-4.0,4.0,4.011098548769951,117,118,-1
2025-03-08-CHI-MIA,2025-03-08,CHI,MIA,-5.0,5.0,5.011098548769951,109,114,-5
2025-03-08-ORL-MIL,2025-03-08,ORL,MIL,-6.5,6.5,6.465213142335415,109,111,-2
2025-03-08-LAL-BOS,2025-03-08,LAL,BOS,-6.0,6.0,6.003192018717527,111,101,10
2025-03-08-DET-GSW,2025-03-08,DET,GSW,-5.0,5.0,5.011098548769951,115,110,5
2025-03-09-DEN-OKC,2025-03-09,DEN,OKC,-7.5,7.5,7.511098548769951,127,103,24
2025-03-09-PHX-DAL,2025-03-09,PHX,DAL,6.5,-6.5,-6.488901451230049,116,125,-9
2025-03-09-CLE-MIL,2025-03-09,CLE,MIL,7.0,-7.0,-6.713326305150986,100,112,-12
2025-03-09-MEM-NOP,2025-03-09,MEM,NOP,10.5,-10.5,-10.48890145123005,104,107,-3
2025-03-09-UTA-PHI,2025-03-09,UTA,PHI,-6.5,6.5,6.511098548769951,126,122,4
2025-03-09-SAS-MIN,2025-03-09,SAS,MIN,-11.0,11.0,11.01109854876995,141,124,17
2025-03-09-DET-POR,2025-03-09,DET,POR,3.5,-3.5,-3.488901451230049,112,119,-7
2025-03-09-SAC-LAC,2025-03-09,SAC,LAC,-6.5,6.5,6.511098548769951,111,110,1
2025-03-10-PHI-ATL,2025-03-10,PHI,ATL,-9.5,9.5,9.512947350740433,132,123,9
2025-03-10-UTA-BOS,2025-03-10,UTA,BOS,-15.5,15.5,15.6107656955719,114,108,6
2025-03-10-LAL-BKN,2025-03-10,LAL,BKN,5.5,-5.5,-5.488901451230049,111,108,3
2025-03-10-CHA-MIA,2025-03-10,CHA,MIA,-9.0,9.0,9.01109854876995,102,105,-3
2025-03-10-WAS-TOR,2025-03-10,WAS,TOR,-6.5,6.5,6.511098548769951,119,104,15
2025-03-10-IND-CHI,2025-03-10,IND,CHI,3.5,-3.5,-3.488901451230049,121,103,18
2025-03-10-ORL-HOU,2025-03-10,ORL,HOU,-3.5,3.5,3.511098548769951,97,84,13
2025-03-10-PHX-MEM,2025-03-10,PHX,MEM,-3.0,3.0,3.011098548769951,120,118,2
2025-03-10-DEN-OKC,2025-03-10,DEN,OKC,-9.5,9.5,9.51109854876995,127,140,-13
2025-03-10-DAL-SAS,2025-03-10,DAL,SAS,-7.0,7.0,6.808760762214661,129,133,-4
2025-03-10-POR-GSW,2025-03-10,POR,GSW,-12.5,12.5,12.51109854876995,130,120,10
2025-03-10-NYK-SAC,2025-03-10,NYK,SAC,1.0,-1.0,-0.9889014512300491,104,133,-29
2025-03-11-BKN-CLE,2025-03-11,BKN,CLE,-14.5,14.5,14.51109854876995,109,104,5
2025-03-11-WAS-DET,2025-03-11,WAS,DET,-15.0,15.0,15.01109854876995,123,103,20
2025-03-11-MIL-IND,2025-03-11,MIL,IND,-1.0,1.0,1.0110985487699509,115,114,1
2025-03-11-LAC-NOP,2025-03-11,LAC,NOP,8.0,-8.0,-7.988901451230049,127,120,7
2025-03-06-CHI-ORL,2025-03-06,CHI,ORL,-8.0,8.0,8.01109854876995,123,125,-2
2025-03-12-CHA-ATL,2025-03-12,CHA,ATL,-7.5,7.5,7.551898896694183,123,110,13
2025-03-12-OKC-BOS,2025-03-12,OKC,BOS,-3.0,3.0,3.011098548769951,112,118,-6
2025-03-12-PHI-TOR,2025-03-12,PHI,TOR,-2.5,2.5,2.5441937260329723,118,105,13
2025-03-12-LAC-MIA,2025-03-12,LAC,MIA,4.0,-4.0,-3.988901451230049,104,119,-15
2025-03-12-PHX-HOU,2025-03-12,PHX,HOU,-2.5,2.5,2.511098548769951,111,104,7
2025-03-12-UTA-MEM,2025-03-12,UTA,MEM,-10.5,10.5,10.51109854876995,122,115,7
2025-03-12-DAL-SAS,2025-03-12,DAL,SAS,-6.0,6.0,6.026482127606869,126,116,10
2025-03-12-MIN-DEN,2025-03-12,MIN,DEN,4.0,-4.0,-3.988901451230049,95,115,-20
2025-03-12-NYK-POR,2025-03-12,NYK,POR,-1.5,1.5,1.5110985487699509,113,114,-1
2025-03-13-WAS-DET,2025-03-13,WAS,DET,-13.0,13.0,13.01109854876995,125,129,-4
2025-03-13-LAL-MIL,2025-03-13,LAL,MIL,-6.0,6.0,6.011098548769951,126,106,20
2025-03-13-BKN-CHI,2025-03-13,BKN,CHI,-1.5,1.5,1.5110985487699509,116,110,6
2025-03-13-SAC-GSW,2025-03-13,SAC,GSW,-7.5,7.5,7.511098548769951,130,104,26
2025-03-14-BOS-MIA,2025-03-14,BOS,MIA,8.0,-8.0,-7.988901451230049,91,103,-12
2025-03-14-IND-PHI,2025-03-14,IND,PHI,13.0,-13.0,-12.98890145123005,100,112,-12
2025-03-14-LAC-ATL,2025-03-14,LAC,ATL,5.0,-5.0,-4.988901451230049,98,121,-23
2025-03-14-DAL-HOU,2025-03-14,DAL,HOU,-11.5,11.5,11.51109854876995,133,96,37
2025-03-14-CLE-MEM,2025-03-14,CLE,MEM,2.5,-2.5,-2.488901451230049,124,133,-9
2025-03-14-ORL-MIN,2025-03-14,ORL,MIN,-11.0,11.0,11.01109854876995,118,111,7
2025-03-14-CHA-SAS,2025-03-14,CHA,SAS,-3.0,3.0,3.0777659863233566,134,145,-11
2025-03-14-LAL-DEN,2025-03-14,LAL,DEN,-15.5,15.5,15.51109854876995,131,126,5
2025-03-14-TOR-UTA,2025-03-14,TOR,UTA,-2.0,2.0,2.011098548769951,118,126,-8
2025-03-14-SAC-PHX,2025-03-14,SAC,PHX,-1.5,1.5,1.5110985487699509,122,106,16
2025-03-15-BOS-BKN,2025-03-15,BOS,BKN,11.5,-11.5,-11.480473555624485,113,115,-2
2025-03-15-OKC-DET,2025-03-15,OKC,DET,4.0,-4.0,-4.018106579780579,107,113,-6
2025-03-15-CHI-HOU,2025-03-15,CHI,HOU,-8.5,8.5,8.51109854876995,117,114,3
2025-03-15-MIA-MEM,2025-03-15,MIA,MEM,-5.5,5.5,5.511098548769951,125,91,34
2025-03-15-IND-MIL,2025-03-15,IND,MIL,-3.5,3.5,3.511098548769951,126,119,7
2025-03-15-NOP-SAS,2025-03-15,NOP,SAS,1.0,-1.0,-0.9989050859585404,119,115,4
2025-03-15-NYK-GSW,2025-03-15,NYK,GSW,-6.5,6.5,6.511098548769951,97,94,3
2025-03-15-WAS-DEN,2025-03-15,WAS,DEN,-12.5,12.5,12.51109854876995,123,126,-3
2025-03-16-PHI-DAL,2025-03-16,PHI,DAL,-6.5,6.5,6.511098548769951,125,130,-5
2025-03-16-PHX-LAL,2025-03-16,PHX,LAL,-3.0,3.0,3.011098548769951,107,96,11
2025-03-16-ATL-BKN,2025-03-16,ATL,BKN,6.5,-6.5,-6.448002941906452,122,114,8
2025-03-16-ORL-CLE,2025-03-16,ORL,CLE,-10.0,10.0,9.921957336366177,103,108,-5
2025-03-16-TOR-POR,2025-03-16,TOR,POR,-7.5,7.5,7.48767679091543,105,102,3
2025-03-16-UTA-MIN,2025-03-16,UTA,MIN,-13.0,13.0,13.01109854876995,128,102,26
2025-03-16-OKC-MIL,2025-03-16,OKC,MIL,5.5,-5.5,-5.473614223301411,105,121,-16
2025-01-23-WAS-LAC,2025-01-23,WAS,LAC,-14.5,14.5,14.51109854876995,110,93,17
2025-03-17-MIA-NYK,2025-03-17,MIA,NYK,-7.5,7.5,7.511098548769951,116,95,21
2025-03-17-PHI-HOU,2025-03-17,PHI,HOU,-17.0,17.0,17.01109854876995,144,137,7
2025-03-17-IND-MIN,2025-03-17,IND,MIN,-11.0,11.0,11.01109854876995,130,132,-2
2025-03-17-DET-NOP,2025-03-17,DET,NOP,6.5,-6.5,-6.488901451230049,81,127,-46
2025-04-01-ORL-SAS,2025-04-01,ORL,SAS,4.5,-4.5,-4.488901451230049,105,116,-11
2025-03-17-CHI-UTA,2025-03-17,CHI,UTA,4.5,-4.5,-4.488901451230049,97,111,-14
2025-03-17-DEN-GSW,2025-03-17,DEN,GSW,-13.0,13.0,13.01109854876995,105,114,-9
2025-03-17-TOR-PHX,2025-03-17,TOR,PHX,-8.5,8.5,8.51109854876995,129,89,40
2025-03-17-MEM-SAC,2025-03-17,MEM,SAC,-3.0,3.0,3.011098548769951,132,122,10
2025-03-18-ATL-CHA,2025-03-18,ATL,CHA,8.0,-8.0,-7.988901451230049,102,134,-32
2025-03-18-BKN-BOS,2025-03-18,BKN,BOS,-13.5,13.5,13.279787227511406,104,96,8
2025-03-17-WAS-POR,2025-03-17,WAS,POR,-6.0,6.0,6.011098548769951,112,97,15
2025-03-20-MIL-LAL,2025-03-20,MIL,LAL,8.5,-8.5,-8.48890145123005,89,118,-29
2025-03-18-CLE-LAC,2025-03-18,CLE,LAC,2.5,-2.5,-2.488901451230049,132,119,13
2025-03-19-DAL-IND,2025-03-19,DAL,IND,-10.5,10.5,10.51109854876995,135,131,4
2025-03-19-HOU-ORL,2025-03-19,HOU,ORL,2.0,-2.0,-1.8729012310504913,108,116,-8
2025-03-19-DET-MIA,2025-03-19,DET,MIA,4.5,-4.5,-4.488901451230049,113,116,-3
2025-03-19-NOP-MIN,2025-03-19,NOP,MIN,-13.0,13.0,13.01109854876995,115,119,-4
2025-03-19-PHI-OKC,2025-03-19,PHI,OKC,-11.5,11.5,11.51109854876995,133,100,33
2025-03-19-NYK-SAS,2025-03-19,NYK,SAS,8.0,-8.0,-7.931396469473839,120,105,15
2025-02-13-LAC-UTA,2025-02-13,LAC,UTA,10.0,-10.0,-9.98890145123005,116,120,-4
2025-03-20-TOR-GSW,2025-03-20,TOR,GSW,-14.5,14.5,14.51109854876995,117,114,3
2025-03-19-DEN-LAL,2025-03-19,DEN,LAL,-5.5,5.5,5.511098548769951,120,108,12
2025-03-19-CHI-PHX,2025-03-19,CHI,PHX,-5.5,5.5,5.511098548769951,127,121,6
2025-03-19-MEM-POR,2025-03-19,MEM,POR,4.5,-4.5,-4.488901451230049,115,99,16
2025-03-19-CLE-SAC,2025-03-19,CLE,SAC,6.5,-6.5,-6.488901451230049,123,119,4
2025-03-20-NYK-CHA,2025-03-20,NYK,CHA,7.5,-7.5,-7.488901451230049,115,98,17
2025-03-20-BKN-IND,2025-03-20,BKN,IND,-8.0,8.0,8.01109854876995,105,99,6
2025-03-18-MIL-GSW,2025-03-18,MIL,GSW,2.0,-2.0,-1.9889014512300491,104,93,11
2025-03-20-CHI-SAC,2025-03-20,CHI,SAC,-7.5,7.5,7.511098548769951,116,128,-12
2025-03-21-ORL-WAS,2025-03-21,ORL,WAS,8.5,-8.5,-8.48890145123005,105,120,-15
2025-03-21-HOU-MIA,2025-03-21,HOU,MIA,4.5,-4.5,-4.488901451230049,98,102,-4
2025-03-21-NOP-MIN,2025-03-21,NOP,MIN,-15.5,15.5,15.51109854876995,134,93,41
2025-03-21-CHA-OKC,2025-03-21,CHA,OKC,-20.5,20.5,20.51109854876995,141,106,35
2025-03-21-PHI-SAS,2025-03-21,PHI,SAS,-6.0,6.0,6.016977429389954,128,120,8
2025-03-21-DET-DAL,2025-03-21,DET,DAL,9.5,-9.5,-9.48890145123005,123,117,6
2025-03-21-BOS-UTA,2025-03-21,BOS,UTA,15.0,-15.0,-14.98890145123005,99,121,-22
2025-03-21-CLE-PHX,2025-03-21,CLE,PHX,8.5,-8.5,-8.48890145123005,123,112,11
2025-03-21-DEN-POR,2025-03-21,DEN,POR,1.5,-1.5,-1.4889014512300491,128,109,19
2025-03-21-MEM-LAC,2025-03-21,MEM,LAC,-6.5,6.5,6.511098548769951,128,108,20
2025-03-22-BKN-IND,2025-03-22,BKN,IND,-13.0,13.0,13.01109854876995,108,103,5
2025-03-22-GSW-ATL,2025-03-22,GSW,ATL,3.0,-3.0,-2.988901451230049,124,115,9
2025-03-22-WAS-NYK,2025-03-22,WAS,NYK,-15.5,15.5,15.51109854876995,122,103,19
2025-03-22-MIL-SAC,2025-03-22,MIL,SAC,-1.5,1.5,1.5110985487699509,108,114,-6
2025-03-22-CHI-LAL,2025-03-22,CHI,LAL,-10.5,10.5,10.51109854876995,115,146,-31
2025-03-23-NOP-DET,2025-03-23,NOP,DET,-11.5,11.5,11.51109854876995,136,130,6
2025-03-23-CLE-UTA,2025-03-23,CLE,UTA,16.5,-16.5,-16.48890145123005,91,120,-29
2025-03-23-PHI-ATL,2025-03-23,PHI,ATL,-10.5,10.5,10.51109854876995,132,119,13
2025-03-23-CHA-MIA,2025-03-23,CHA,MIA,-7.5,7.5,7.511098548769951,122,105,17
2025-03-23-SAS-TOR,2025-03-23,SAS,TOR,1.0,-1.0,-1.0112747624516487,89,123,-34
2025-03-23-BOS-POR,2025-03-23,BOS,POR,6.5,-6.5,-6.479761101305485,116,129,-13
2025-03-23-DEN-HOU,2025-03-23,DEN,HOU,-8.0,8.0,8.01109854876995,111,116,-5
2025-03-23-OKC-LAC,2025-03-23,OKC,LAC,1.0,-1.0,-1.013851337134838,101,103,-2
2025-03-24-MIN-IND,2025-03-24,MIN,IND,2.0,-2.0,-2.031469948589802,119,103,16
2025-03-24-LAL-ORL,2025-03-24,LAL,ORL,4.0,-4.0,-3.988901451230049,118,106,12
2025-03-24-TOR-WAS,2025-03-24,TOR,WAS,-2.5,2.5,2.4879041565582156,104,112,-8
2025-03-24-DAL-BKN,2025-03-24,DAL,BKN,3.0,-3.0,-2.988901451230049,101,120,-19
2025-03-24-PHI-NOP,2025-03-24,PHI,NOP,-3.0,3.0,3.011098548769951,112,99,13
2025-03-24-CHI-DEN,2025-03-24,CHI,DEN,-2.5,2.5,2.511098548769951,119,129,-10
2025-03-24-MIL-PHX,2025-03-24,MIL,PHX,-3.0,3.0,3.011098548769951,108,106,2
2025-03-24-BOS-SAC,2025-03-24,BOS,SAC,5.0,-5.0,-4.996746104210615,95,113,-18
2025-03-25-ORL-CHA,2025-03-25,ORL,CHA,5.0,-5.0,-4.988901451230049,104,111,-7
2025-03-25-SAS-DET,2025-03-25,SAS,DET,-8.5,8.5,8.51109854876995,122,96,26
2025-03-25-GSW-MIA,2025-03-25,GSW,MIA,5.0,-5.0,-4.988901451230049,112,86,26
2025-03-25-DAL-NYK,2025-03-25,DAL,NYK,-12.5,12.5,12.51109854876995,128,113,15
2025-03-25-ATL-HOU,2025-03-25,ATL,HOU,-7.5,7.5,7.462570138275623,121,114,7
2025-03-25-MEM-UTA,2025-03-25,MEM,UTA,11.0,-11.0,-10.98890145123005,103,140,-37
2025-03-25-CLE-POR,2025-03-25,CLE,POR,6.0,-6.0,-5.988901451230049,111,122,-11
2025-03-25-OKC-SAC,2025-03-25,OKC,SAC,8.5,-8.5,-8.48890145123005,105,121,-16
2025-03-26-WAS-PHI,2025-03-26,WAS,PHI,-3.0,3.0,3.082664057612419,114,119,-5
2025-03-26-TOR-BKN,2025-03-26,TOR,BKN,-2.5,2.5,2.4632676541805267,86,116,-30
2025-03-26-LAL-IND,2025-03-26,LAL,IND,-1.0,1.0,1.0110985487699509,119,120,-1
2025-03-26-LAC-NYK,2025-03-26,LAC,NYK,4.0,-4.0,-4.083726413547993,113,126,-13
2025-03-26-MIL-DEN,2025-03-26,MIL,DEN,-11.5,11.5,11.51109854876995,127,117,10
2025-03-26-BOS-PHX,2025-03-26,BOS,PHX,4.5,-4.5,-4.552108272910118,102,132,-30
2025-03-27-SAS-CLE,2025-03-27,SAS,CLE,-14.0,14.0,14.01109854876995,124,116,8
2025-03-27-DAL-ORL,2025-03-27,DAL,ORL,-7.0,7.0,7.011098548769951,92,101,-9
2025-03-27-IND-WAS,2025-03-27,IND,WAS,12.0,-12.0,-11.98890145123005,109,162,-53
2025-03-27-ATL-MIA,2025-03-27,ATL,MIA,-1.0,1.0,1.0110985487699509,122,112,10
2025-03-27-LAL-CHI,2025-03-27,LAL,CHI,4.0,-4.0,-3.988901451230049,119,117,2
2025-03-27-MEM-OKC,2025-03-27,MEM,OKC,-10.5,10.5,10.51109854876995,125,104,21
2025-03-27-HOU-UTA,2025-03-27,HOU,UTA,13.5,-13.5,-13.48890145123005,110,121,-11
2025-03-27-POR-SAC,2025-03-27,POR,SAC,-6.0,6.0,6.011098548769951,128,107,21
2025-03-28-CLE-DET,2025-03-28,CLE,DET,6.5,-6.5,-6.488901451230049,133,122,11
2025-03-28-LAC-BKN,2025-03-28,LAC,BKN,13.0,-13.0,-12.98890145123005,100,132,-32
2025-03-28-CHA-TOR,2025-03-28,CHA,TOR,-5.5,5.5,5.511098548769951,108,97,11
2025-03-28-NYK-MIL,2025-03-28,NYK,MIL,-1.0,1.0,1.0110985487699509,107,116,-9
2025-03-28-PHX-MIN,2025-03-28,PHX,MIN,-8.5,8.5,8.51109854876995,124,109,15
2025-03-28-GSW-NOP,2025-03-28,GSW,NOP,17.5,-17.5,-17.48890145123005,95,111,-16
2025-03-28-UTA-DEN,2025-03-28,UTA,DEN,-19.0,19.0,19.014088705182076,129,93,36
2025-03-29-SAC-ORL,2025-03-29,SAC,ORL,-1.5,1.5,1.5110985487699509,121,91,30
2025-03-29-BKN-WAS,2025-03-29,BKN,WAS,-2.5,2.5,2.582664057612419,112,115,-3
2025-03-29-MIA-PHI,2025-03-29,MIA,PHI,8.0,-8.0,-8.11880762130022,95,118,-23
2025-03-29-DAL-CHI,2025-03-29,DAL,CHI,-3.0,3.0,3.011098548769951,119,120,-1
2025-03-29-LAL-MEM,2025-03-29,LAL,MEM,-1.5,1.5,1.5110985487699509,127,134,-7
2025-03-29-IND-OKC,2025-03-29,IND,OKC,-8.5,8.5,8.402693413197994,132,111,21
2025-03-29-BOS-SAS,2025-03-29,BOS,SAS,12.5,-12.5,-12.48890145123005,111,121,-10
2025-03-30-LAC-CLE,2025-03-30,LAC,CLE,-7.0,7.0,7.011098548769951,127,122,5
2025-03-30-POR-NYK,2025-03-30,POR,NYK,-7.0,7.0,6.878337010741234,110,93,17
2025-03-30-ATL-MIL,2025-03-30,ATL,MIL,-4.5,4.5,4.511098548769951,124,145,-21
2025-03-30-DET-MIN,2025-03-30,DET,MIN,-8.0,8.0,8.053711023181677,123,104,19
2025-03-30-CHA-NOP,2025-03-30,CHA,NOP,-2.5,2.5,2.511098548769951,98,94,4
2025-03-30-GSW-SAS,2025-03-30,GSW,SAS,11.5,-11.5,-11.48890145123005,106,148,-42
2025-03-30-TOR-PHI,2025-03-30,TOR,PHI,6.0,-6.0,-5.8722240924835205,109,127,-18
2025-03-30-HOU-PHX,2025-03-30,HOU,PHX,2.5,-2.5,-2.488901451230049,109,148,-39
2025-03-31-UTA-CHA,2025-03-31,UTA,CHA,-4.5,4.5,4.4746240600943565,110,106,4
2025-03-31-SAC-IND,2025-03-31,SAC,IND,-4.0,4.0,4.011098548769951,111,109,2
2025-03-31-LAC-ORL,2025-03-31,LAC,ORL,3.0,-3.0,-2.764132082462311,87,96,-9
2025-03-31-MIA-WAS,2025-03-31,MIA,WAS,9.5,-9.5,-9.48890145123005,94,120,-26
2025-03-31-BOS-MEM,2025-03-31,BOS,MEM,4.0,-4.0,-3.988901451230049,103,117,-14
2025-03-31-CHI-OKC,2025-03-31,CHI,OKC,-15.5,15.5,15.51109854876995,145,117,28
2025-03-31-BKN-DAL,2025-03-31,BKN,DAL,-9.5,9.5,9.51109854876995,109,113,-4
2025-03-31-HOU-LAL,2025-03-31,HOU,LAL,-4.0,4.0,4.011098548769951,104,98,6
2025-04-01-POR-ATL,2025-04-01,POR,ATL,-6.0,6.0,5.983742002397776,113,127,-14
2025-04-01-PHI-NYK,2025-04-01,PHI,NYK,-13.0,13.0,13.01109854876995,105,91,14
2025-04-01-TOR-CHI,2025-04-01,TOR,CHI,-4.0,4.0,4.011098548769951,137,118,19
2025-04-01-GSW-MEM,2025-04-01,GSW,MEM,4.0,-4.0,-3.988901451230049,125,134,-9
2025-04-01-PHX-MIL,2025-04-01,PHX,MIL,-6.5,6.5,6.493197612464428,133,123,10
2025-04-01-MIN-DEN,2025-04-01,MIN,DEN,-3.5,3.5,3.511098548769951,139,140,-1
2025-04-02-NYK-CLE,2025-04-02,NYK,CLE,-10.5,10.5,10.51109854876995,124,105,19
2025-04-02-CHA-IND,2025-04-02,CHA,IND,-15.0,15.0,15.01109854876995,119,105,14
2025-04-02-SAC-WAS,2025-04-02,SAC,WAS,14.0,-14.0,-13.98890145123005,116,111,5
2025-04-02-MIA-BOS,2025-04-02,MIA,BOS,-10.0,10.0,10.003192018717527,103,124,-21
2025-04-02-UTA-HOU,2025-04-02,UTA,HOU,-15.0,15.0,15.01109854876995,143,105,38
2025-04-02-DET-OKC,2025-04-02,DET,OKC,-12.5,12.5,12.935994923114777,119,103,16
2025-04-02-ATL-DAL,2025-04-02,ATL,DAL,-3.5,3.5,3.5419916883111,120,118,2
2025-04-02-SAS-DEN,2025-04-02,SAS,DEN,-2.0,2.0,2.011098548769951,106,113,-7
2025-04-02-NOP-LAC,2025-04-02,NOP,LAC,-18.0,18.0,18.01109854876995,114,98,16
2025-04-03-ORL-WAS,2025-04-03,ORL,WAS,15.5,-15.5,-15.48890145123005,97,109,-12
2025-04-03-MIN-BKN,2025-04-03,MIN,BKN,14.0,-14.0,-13.98890145123005,90,105,-15
2025-04-03-MEM-MIA,2025-04-03,MEM,MIA,5.5,-5.5,-5.488901451230049,108,110,-2
2025-04-03-MIL-PHI,2025-04-03,MIL,PHI,11.5,-11.5,-11.48890145123005,113,126,-13
2025-04-03-POR-TOR,2025-04-03,POR,TOR,5.0,-5.0,-4.94127044454217,103,112,-9
2025-04-03-GSW-LAL,2025-04-03,GSW,LAL,-1.0,1.0,1.0110985487699509,116,123,-7
2025-04-04-SAC-CHA,2025-04-04,SAC,CHA,11.5,-11.5,-11.48890145123005,102,125,-23
2025-04-04-UTA-IND,2025-04-04,UTA,IND,-17.5,17.5,17.51109854876995,140,112,28
2025-04-04-PHX-BOS,2025-04-04,PHX,BOS,-15.0,15.0,14.98571502417326,123,103,20
2025-04-04-DET-TOR,2025-04-04,DET,TOR,10.0,-10.0,-9.98890145123005,105,117,-12
2025-04-04-POR-CHI,2025-04-04,POR,CHI,-6.0,6.0,6.011098548769951,118,113,5
2025-04-04-OKC-HOU,2025-04-04,OKC,HOU,5.5,-5.5,-5.3734912276268005,125,111,14
2025-04-04-CLE-SAS,2025-04-04,CLE,SAS,12.5,-12.5,-12.48890145123005,113,114,-1
2025-04-04-DEN-GSW,2025-04-04,DEN,GSW,-3.0,3.0,3.011098548769951,118,104,14
2025-04-04-NOP-LAL,2025-04-04,NOP,LAL,-16.0,16.0,15.80876076221466,124,108,16
2025-04-04-DAL-LAC,2025-04-04,DAL,LAC,-12.0,12.0,11.992185979150236,114,91,23
2025-04-05-NYK-ATL,2025-04-05,NYK,ATL,1.5,-1.5,-1.4889014512300491,105,121,-16
2025-04-05-MEM-DET,2025-04-05,MEM,DET,1.0,-1.0,-0.9889014512300491,103,109,-6
2025-04-05-MIN-PHI,2025-04-05,MIN,PHI,16.0,-16.0,-15.98890145123005,109,114,-5
2025-04-05-MIL-MIA,2025-04-05,MIL,MIA,-1.0,1.0,1.0110985487699509,115,121,-6
2025-04-05-DAL-LAC,2025-04-05,DAL,LAC,-9.0,9.0,8.976708825677633,135,104,31
2025-04-06-CHI-CHA,2025-04-06,CHI,CHA,8.0,-8.0,-7.988901451230049,117,131,-14
2025-04-06-TOR-BKN,2025-04-06,TOR,BKN,2.0,-2.0,-1.9889014512300491,109,120,-11
2025-04-06-LAL-OKC,2025-04-06,LAL,OKC,-9.0,9.0,8.860009878873825,99,126,-27
2025-04-06-UTA-ATL,2025-04-06,UTA,ATL,-13.5,13.5,13.329302906990051,147,134,13
2025-04-06-WAS-BOS,2025-04-06,WAS,BOS,-19.0,19.0,19.003192018717527,124,90,34
2025-04-06-SAC-CLE,2025-04-06,SAC,CLE,-9.5,9.5,9.51109854876995,113,120,-7
2025-04-06-SAS-POR,2025-04-06,SAS,POR,-3.5,3.5,3.60840155929327,120,109,11
2025-04-06-PHX-NYK,2025-04-06,PHX,NYK,-9.5,9.5,9.51109854876995,112,98,14
2025-03-13-ORL-NOP,2025-03-13,ORL,NOP,2.5,-2.5,-2.569709636271,93,113,-20
2025-04-06-IND-DEN,2025-04-06,IND,DEN,-6.0,6.0,6.011098548769951,120,125,-5
2025-04-06-HOU-GSW,2025-04-06,HOU,GSW,-5.5,5.5,5.511098548769951,96,106,-10
2025-04-07-SAC-DET,2025-04-07,SAC,DET,-5.5,5.5,5.511098548769951,117,127,-10
2025-04-07-PHI-MIA,2025-04-07,PHI,MIA,6.5,-6.5,-6.488901451230049,117,105,12
2025-04-08-MEM-CHA,2025-04-08,MEM,CHA,14.5,-14.5,-14.48890145123005,100,124,-24
2025-04-08-CHI-CLE,2025-04-08,CHI,CLE,-15.0,15.0,15.01109854876995,135,113,22
2025-04-08-WAS-IND,2025-04-08,WAS,IND,-19.0,19.0,19.01109854876995,104,98,6
2025-04-08-ATL-ORL,2025-04-08,ATL,ORL,-5.5,5.5,5.6821021139621735,119,112,7
2025-04-08-NOP-BKN,2025-04-08,NOP,BKN,-1.5,1.5,1.5110985487699509,119,114,5
2025-04-08-BOS-NYK,2025-04-08,BOS,NYK,2.0,-2.0,-1.8181446492671967,117,119,-2
2025-04-08-MIN-MIL,2025-04-08,MIN,MIL,6.0,-6.0,-5.988901451230049,110,103,7
2025-04-08-LAL-OKC,2025-04-08,LAL,OKC,-9.0,9.0,9.01109854876995,136,120,16
2025-04-08-GSW-PHX,2025-04-08,GSW,PHX,10.0,-10.0,-9.98890145123005,95,133,-38
2025-04-08-SAS-LAC,2025-04-08,SAS,LAC,-13.0,13.0,13.01109854876995,122,117,5
2025-04-09-BOS-ORL,2025-04-09,BOS,ORL,-8.0,8.0,8.351838141679764,96,76,20
2025-04-09-PHI-WAS,2025-04-09,PHI,WAS,3.0,-3.0,-2.988901451230049,103,122,-19
2025-04-09-CHA-TOR,2025-04-09,CHA,TOR,-11.5,11.5,11.51109854876995,126,96,30
2025-04-09-LAL-DAL,2025-04-09,LAL,DAL,4.5,-4.5,-4.726251780986786,97,112,-15
2025-04-09-MIA-CHI,2025-04-09,MIA,CHI,2.5,-2.5,-2.610238529741764,119,111,8
2025-04-10-NOP-MIL,2025-04-10,NOP,MIL,-16.5,16.5,16.51109854876995,136,111,25
2025-04-09-POR-UTA,2025-04-09,POR,UTA,6.5,-6.5,-6.482874512672424,133,126,7
2025-04-09-SAS-GSW,2025-04-09,SAS,GSW,-17.5,17.5,17.51109854876995,111,114,-3
2025-04-09-OKC-PHX,2025-04-09,OKC,PHX,7.5,-7.5,-7.488901451230049,112,125,-13
2025-04-09-DEN-SAC,2025-04-09,DEN,SAC,4.5,-4.5,-4.488901451230049,116,124,-8
2025-04-09-HOU-LAC,2025-04-09,HOU,LAC,-10.5,10.5,10.377034075558186,134,117,17
2025-04-10-NYK-DET,2025-04-10,NYK,DET,-4.0,4.0,4.011098548769951,115,106,9
2025-04-10-CLE-IND,2025-04-10,CLE,IND,-10.0,10.0,10.01109854876995,114,112,2
2025-04-10-ATL-BKN,2025-04-10,ATL,BKN,13.5,-13.5,-13.48890145123005,109,133,-24
2025-04-10-MIN-MEM,2025-04-10,MIN,MEM,2.0,-2.0,-1.9889014512300491,125,141,-16
2025-04-11-MIL-DET,2025-04-11,MIL,DET,-4.5,4.5,4.511098548769951,119,125,-6
2025-04-11-ORL-IND,2025-04-11,ORL,IND,-3.5,3.5,3.5237141773104668,115,129,-14
2025-04-11-ATL-PHI,2025-04-11,ATL,PHI,11.5,-11.5,-11.48890145123005,110,124,-14
2025-04-11-CHA-BOS,2025-04-11,CHA,BOS,-20.0,20.0,20.003192018717527,130,94,36
2025-04-11-CLE-NYK,2025-04-11,CLE,NYK,-3.5,3.5,3.511098548769951,102,108,-6
2025-04-11-WAS-CHI,2025-04-11,WAS,CHI,-14.0,14.0,14.01109854876995,119,89,30
2025-04-11-MIA-NOP,2025-04-11,MIA,NOP,14.5,-14.5,-14.48890145123005,104,153,-49
2025-04-11-TOR-DAL,2025-04-11,TOR,DAL,-11.0,11.0,11.020550929009914,124,102,22
2025-04-11-BKN-MIN,2025-04-11,BKN,MIN,-21.5,21.5,21.685964584350586,117,91,26
2025-04-11-MEM-DEN,2025-04-11,MEM,DEN,-7.0,7.0,7.011098548769951,117,109,8
2025-04-11-OKC-UTA,2025-04-11,OKC,UTA,9.0,-9.0,-8.98890145123005,111,145,-34
2025-04-11-SAS-PHX,2025-04-11,SAS,PHX,-5.5,5.5,5.633947908878326,117,98,19
2025-04-11-GSW-POR,2025-04-11,GSW,POR,15.5,-15.5,-15.511896994896233,86,103,-17
2025-04-11-LAC-SAC,2025-04-11,LAC,SAC,7.0,-7.0,-6.988901451230049,100,101,-1
2025-04-11-HOU-LAL,2025-04-11,HOU,LAL,-14.0,14.0,14.01109854876995,140,109,31
2025-04-13-ORL-ATL,2025-04-13,ORL,ATL,3.5,-3.5,-3.166472315788269,117,105,12
2025-04-13-CHA-BOS,2025-04-13,CHA,BOS,-10.5,10.5,10.503192018717527,93,86,7
2025-04-13-NYK-BKN,2025-04-13,NYK,BKN,4.5,-4.5,-4.488901451230049,105,113,-8
2025-04-13-IND-CLE,2025-04-13,IND,CLE,7.0,-7.0,-6.988901451230049,118,126,-8
2025-04-13-WAS-MIA,2025-04-13,WAS,MIA,-8.5,8.5,8.51109854876995,118,119,-1
2025-04-13-CHI-PHI,2025-04-13,CHI,PHI,8.0,-8.0,-7.988901451230049,102,122,-20
2025-04-13-DET-MIL,2025-04-13,DET,MIL,9.0,-9.0,-8.98890145123005,140,133,7
2025-04-13-DEN-HOU,2025-04-13,DEN,HOU,6.0,-6.0,-5.988901451230049,111,126,-15
2025-04-13-DAL-MEM,2025-04-13,DAL,MEM,2.0,-2.0,-1.9472740180790424,132,97,35
2025-04-13-UTA-MIN,2025-04-13,UTA,MIN,-23.0,23.0,23.155587464571,116,105,11
2025-04-13-OKC-NOP,2025-04-13,OKC,NOP,12.5,-12.5,-12.48890145123005,100,115,-15
2025-04-13-TOR-SAS,2025-04-13,TOR,SAS,-4.5,4.5,4.511098548769951,125,118,7
2025-04-13-LAC-GSW,2025-04-13,LAC,GSW,-3.5,3.5,3.5530798584222794,119,124,-5
2025-04-13-LAL-POR,2025-04-13,LAL,POR,-6.0,6.0,6.011098548769951,109,81,28
2025-04-13-PHX-SAC,2025-04-13,PHX,SAC,-14.0,14.0,14.01109854876995,109,98,11
2024-12-10-ORL-MIL,2024-12-10,ORL,MIL,-8.0,8.0,8.01109854876995,114,109,5
2024-12-11-ATL-NYK,2024-12-11,ATL,NYK,-8.0,8.0,8.01109854876995,100,108,-8
2024-12-10-DAL-OKC,2024-12-10,DAL,OKC,-4.5,4.5,4.795569896697998,118,104,14
2024-12-11-GSW-HOU,2024-12-11,GSW,HOU,-3.5,3.5,3.511098548769951,91,90,1
2024-12-12-DET-BOS,2024-12-12,DET,BOS,-11.5,11.5,11.503192018717527,123,99,24
2024-12-12-TOR-MIA,2024-12-12,TOR,MIA,-11.5,11.5,11.51109854876995,114,104,10
2024-12-12-SAC-NOP,2024-12-12,SAC,NOP,7.0,-7.0,-6.988901451230049,109,111,-2
2024-12-13-WAS-CLE,2024-12-13,WAS,CLE,-17.0,17.0,17.01109854876995,115,105,10
2024-12-13-IND-PHI,2024-12-13,IND,PHI,-6.5,6.5,6.511098548769951,107,121,-14
2024-12-13-LAL-MIN,2024-12-13,LAL,MIN,-8.5,8.5,8.51109854876995,97,87,10
2024-12-13-BKN-MEM,2024-12-13,BKN,MEM,-10.0,10.0,10.01109854876995,135,119,16
2024-12-13-CHA-CHI,2024-12-13,CHA,CHI,-5.5,5.5,5.511098548769951,109,95,14
2024-12-13-LAC-DEN,2024-12-13,LAC,DEN,-7.0,7.0,7.098951384425163,120,98,22
2024-12-13-PHX-UTA,2024-12-13,PHX,UTA,7.0,-7.0,-6.988901451230049,126,134,-8
2024-12-13-SAS-POR,2024-12-13,SAS,POR,3.5,-3.5,-3.488901451230049,116,118,-2
2024-12-15-NOP-IND,2024-12-15,NOP,IND,-7.0,7.0,7.011098548769951,119,104,15
2024-12-15-BOS-WAS,2024-12-15,BOS,WAS,17.5,-17.5,-17.48890145123005,98,112,-14
2024-12-15-MIN-SAS,2024-12-15,MIN,SAS,4.5,-4.5,-4.166472315788269,92,106,-14
2024-12-15-POR-PHX,2024-12-15,POR,PHX,-11.5,11.5,11.51109854876995,116,109,7
2024-12-15-MEM-LAL,2024-12-15,MEM,LAL,2.5,-2.5,-2.488901451230049,116,110,6
2024-12-16-MIA-DET,2024-12-16,MIA,DET,4.5,-4.5,-4.488901451230049,125,124,1
2024-12-16-PHI-CHA,2024-12-16,PHI,CHA,2.5,-2.5,-2.4309134110808372,108,121,-13
2024-12-16-CHI-TOR,2024-12-16,CHI,TOR,1.0,-1.0,-0.9889014512300491,121,122,-1
2024-12-16-CLE-BKN,2024-12-16,CLE,BKN,10.5,-10.5,-10.48890145123005,101,130,-29
2024-12-16-DEN-SAC,2024-12-16,DEN,SAC,-1.5,1.5,1.5356267541646957,129,130,-1
2024-12-16-UTA-LAC,2024-12-16,UTA,LAC,-7.5,7.5,7.511098548769951,144,107,37
2024-12-15-NYK-ORL,2024-12-15,NYK,ORL,4.5,-4.5,-4.488901451230049,91,100,-9
2024-12-15-DAL-GSW,2024-12-15,DAL,GSW,-1.0,1.0,1.0110985487699509,133,143,-10
2025-04-20-MIA-CLE,2025-04-20,MIA,CLE,-12.5,12.5,12.51109854876995,121,100,21
2025-04-23-MIA-CLE,2025-04-23,MIA,CLE,-12.0,12.0,12.01109854876995,121,112,9
2025-04-26-CLE-MIA,2025-04-26,CLE,MIA,4.5,-4.5,-4.488901451230049,87,124,-37
2025-04-28-CLE-MIA,2025-04-28,CLE,MIA,8.0,-8.0,-7.988901451230049,83,138,-55
2025-04-20-ORL-BOS,2025-04-20,ORL,BOS,-12.5,12.5,12.445813328027725,103,86,17
2025-04-23-ORL-BOS,2025-04-23,ORL,BOS,-10.0,10.0,9.974109902977943,109,100,9
2025-04-25-BOS-ORL,2025-04-25,BOS,ORL,6.0,-6.0,-6.0892704501748085,95,93,2
2025-04-27-BOS-ORL,2025-04-27,BOS,ORL,8.0,-8.0,-8.029100582003593,98,107,-9
2025-04-29-ORL-BOS,2025-04-29,ORL,BOS,-11.5,11.5,11.372555583715439,120,89,31
2025-04-19-DET-NYK,2025-04-19,DET,NYK,-6.5,6.5,6.511098548769951,123,112,11
2025-04-21-DET-NYK,2025-04-21,DET,NYK,-6.5,6.5,6.511098548769951,94,100,-6
2025-04-24-NYK-DET,2025-04-24,NYK,DET,1.5,-1.5,-1.4889014512300491,116,118,-2
2025-04-27-NYK-DET,2025-04-27,NYK,DET,-2.5,2.5,2.511098548769951,93,94,-1
2025-04-29-DET-NYK,2025-04-29,DET,NYK,-5.5,5.5,5.511098548769951,103,106,-3
2025-05-01-NYK-DET,2025-05-01,NYK,DET,-1.5,1.5,1.5110985487699509,113,116,-3
2025-04-19-MIL-IND,2025-04-19,MIL,IND,-6.5,6.5,6.511098548769951,117,98,19
2025-04-22-MIL-IND,2025-04-22,MIL,IND,-4.0,4.0,4.011098548769951,123,115,8
2025-04-25-IND-MIL,2025-04-25,IND,MIL,-5.0,5.0,5.011098548769951,117,101,16
2025-04-27-IND-MIL,2025-04-27,IND,MIL,-4.0,4.0,4.011098548769951,103,129,-26
2025-04-29-MIL-IND,2025-04-29,MIL,IND,-8.0,8.0,8.01109854876995,119,118,1
2025-04-20-MEM-OKC,2025-04-20,MEM,OKC,-13.0,13.0,13.01109854876995,131,80,51
2025-04-22-MEM-OKC,2025-04-22,MEM,OKC,-14.5,14.5,14.51109854876995,118,99,19
2025-04-24-OKC-MEM,2025-04-24,OKC,MEM,10.0,-10.0,-9.98890145123005,108,114,-6
2025-04-26-OKC-MEM,2025-04-26,OKC,MEM,15.5,-15.5,-15.48890145123005,115,117,-2
2025-04-20-GSW-HOU,2025-04-20,GSW,HOU,-1.5,1.5,1.5110985487699509,85,95,-10
2025-04-23-GSW-HOU,2025-04-23,GSW,HOU,-4.0,4.0,4.011098548769951,109,94,15
2025-04-26-HOU-GSW,2025-04-26,HOU,GSW,-2.0,2.0,2.011098548769951,104,93,11
2025-04-28-HOU-GSW,2025-04-28,HOU,GSW,-3.5,3.5,3.511098548769951,109,106,3
2025-04-30-GSW-HOU,2025-04-30,GSW,HOU,-4.0,4.0,4.011098548769951,131,116,15
2025-05-02-HOU-GSW,2025-05-02,HOU,GSW,-5.5,5.5,5.511098548769951,107,115,-8
2025-05-04-GSW-HOU,2025-05-04,GSW,HOU,-2.5,2.5,2.511098548769951,89,103,-14
2025-04-19-MIN-LAL,2025-04-19,MIN,LAL,-4.5,4.5,4.511098548769951,95,117,-22
2025-04-22-MIN-LAL,2025-04-22,MIN,LAL,-5.5,5.5,5.511098548769951,94,85,9
2025-04-25-LAL-MIN,2025-04-25,LAL,MIN,-4.0,4.0,3.847662627696991,116,104,12
2025-04-27-LAL-MIN,2025-04-27,LAL,MIN,-2.5,2.5,2.397005371749401,116,113,3
2025-04-30-MIN-LAL,2025-04-30,MIN,LAL,-6.0,6.0,5.847662627696991,96,103,-7
2025-04-19-LAC-DEN,2025-04-19,LAC,DEN,-2.5,2.5,2.511098548769951,112,110,2
2025-04-21-LAC-DEN,2025-04-21,LAC,DEN,-1.0,1.0,1.0110985487699509,102,105,-3
2025-04-24-DEN-LAC,2025-04-24,DEN,LAC,-5.5,5.5,5.511098548769951,117,83,34
2025-04-26-DEN-LAC,2025-04-26,DEN,LAC,-6.5,6.5,6.511098548769951,99,101,-2
2025-04-29-LAC-DEN,2025-04-29,LAC,DEN,1.5,-1.5,-1.4889014512300491,131,115,16
2025-05-01-DEN-LAC,2025-05-01,DEN,LAC,-6.5,6.5,6.553711023181677,111,105,6
2025-05-03-LAC-DEN,2025-05-03,LAC,DEN,-1.5,1.5,1.5622423402965069,120,101,19
2025-05-04-IND-CLE,2025-05-04,IND,CLE,-8.5,8.5,8.51109854876995,112,121,-9
2025-05-06-IND-CLE,2025-05-06,IND,CLE,-5.5,5.5,5.511098548769951,119,120,-1
2025-05-09-CLE-IND,2025-05-09,CLE,IND,5.5,-5.5,-5.531469948589802,104,126,-22
2025-05-11-CLE-IND,2025-05-11,CLE,IND,5.0,-5.0,-4.988901451230049,129,109,20
2025-05-13-IND-CLE,2025-05-13,IND,CLE,-8.5,8.5,8.51109854876995,105,114,-9
2025-05-05-NYK-BOS,2025-05-05,NYK,BOS,-9.0,9.0,9.062242340296507,105,108,-3
2025-05-07-NYK-BOS,2025-05-07,NYK,BOS,-10.0,10.0,9.947891727089882,90,91,-1
2025-05-10-BOS-NYK,2025-05-10,BOS,NYK,6.0,-6.0,-6.077081225812435,93,115,-22
2025-05-12-BOS-NYK,2025-05-12,BOS,NYK,5.5,-5.5,-5.437757659703493,121,113,8
2025-05-14-NYK-BOS,2025-05-14,NYK,BOS,-5.0,5.0,4.975105002522469,127,102,25
2025-05-16-BOS-NYK,2025-05-16,BOS,NYK,-3.0,3.0,2.9044454619288445,119,81,38
2025-05-05-DEN-OKC,2025-05-05,DEN,OKC,-10.5,10.5,10.491057707928121,119,121,-2
2025-05-07-DEN-OKC,2025-05-07,DEN,OKC,-10.0,10.0,10.154141172766685,149,106,43
2025-05-09-OKC-DEN,2025-05-09,OKC,DEN,6.0,-6.0,-5.988901451230049,113,104,9
2025-05-11-OKC-DEN,2025-05-11,OKC,DEN,6.5,-6.5,-6.488901451230049,87,92,-5
2025-05-13-DEN-OKC,2025-05-13,DEN,OKC,-10.0,10.0,10.01109854876995,112,105,7
2025-05-15-OKC-DEN,2025-05-15,OKC,DEN,5.5,-5.5,-5.488901451230049,119,107,12
2025-05-18-DEN-OKC,2025-05-18,DEN,OKC,-8.0,8.0,8.01109854876995,125,93,32
2025-05-06-GSW-MIN,2025-05-06,GSW,MIN,-6.0,6.0,5.947891727089882,88,99,-11
2025-05-08-GSW-MIN,2025-05-08,GSW,MIN,-11.0,11.0,11.062242340296507,117,93,24
2025-05-10-MIN-GSW,2025-05-10,MIN,GSW,5.5,-5.5,-5.437757659703493,97,102,-5
2025-05-12-MIN-GSW,2025-05-12,MIN,GSW,4.5,-4.5,-4.5892704501748085,110,117,-7
2025-05-14-GSW-MIN,2025-05-14,GSW,MIN,-9.5,9.5,9.347662627696991,121,110,11
2025-05-21-IND-NYK,2025-05-21,IND,NYK,-4.5,4.5,4.511098548769951,135,138,-3
2025-05-23-IND-NYK,2025-05-23,IND,NYK,-6.0,6.0,6.011098548769951,109,114,-5
2025-05-25-NYK-IND,2025-05-25,NYK,IND,-1.5,1.5,1.5110985487699509,100,106,-6
2025-05-27-NYK-IND,2025-05-27,NYK,IND,-3.0,3.0,3.011098548769951,130,121,9
2025-05-29-IND-NYK,2025-05-29,IND,NYK,-4.5,4.5,4.5527503080666065,111,94,17
2025-05-31-NYK-IND,2025-05-31,NYK,IND,-4.5,4.5,4.51508305221796,125,108,17
2025-05-20-MIN-OKC,2025-05-20,MIN,OKC,-7.0,7.0,7.011098548769951,114,88,26
2025-05-22-MIN-OKC,2025-05-22,MIN,OKC,-8.0,8.0,8.01109854876995,118,103,15
2025-05-24-OKC-MIN,2025-05-24,OKC,MIN,3.0,-3.0,-2.988901451230049,143,101,42
2025-05-26-OKC-MIN,2025-05-26,OKC,MIN,3.0,-3.0,-2.988901451230049,126,128,-2
2025-05-28-MIN-OKC,2025-05-28,MIN,OKC,-9.0,9.0,9.01109854876995,124,94,30
2025-06-05-IND-OKC,2025-06-05,IND,OKC,-10.0,10.0,10.01109854876995,110,111,-1
2025-06-08-IND-OKC,2025-06-08,IND,OKC,-11.5,11.5,11.51109854876995,123,107,16
2025-06-11-OKC-IND,2025-06-11,OKC,IND,5.5,-5.5,-5.488901451230049,116,107,9
2025-06-13-OKC-IND,2025-06-13,OKC,IND,6.0,-6.0,-5.988901451230049,104,111,-7
2025-06-16-IND-OKC,2025-06-16,IND,OKC,-9.0,9.0,9.01109854876995,120,109,11
2025-06-19-OKC-IND,2025-06-19,OKC,IND,4.5,-4.5,-4.477617472410202,108,91,17
2025-06-22-IND-OKC,2025-06-22,IND,OKC,-6.5,6.5,6.545122571289539,103,91,12
2025-04-15-ATL-ORL,2025-04-15,ATL,ORL,-6.0,6.0,6.214007019996643,120,95,25
2025-04-16-MIA-CHI,2025-04-16,MIA,CHI,-2.0,2.0,2.011098548769951,90,109,-19
2025-04-15-MEM-GSW,2025-04-15,MEM,GSW,-6.5,6.5,6.511098548769951,121,116,5
2025-04-16-DAL-SAC,2025-04-16,DAL,SAC,-5.5,5.5,5.67611663043499,106,120,-14
2025-04-18-MIA-ATL,2025-04-18,MIA,ATL,2.0,-2.0,-1.9889014512300491,114,123,-9
2025-04-18-DAL-MEM,2025-04-18,DAL,MEM,-6.0,6.0,6.015620618127286,120,106,14
