game_id,date,away_team,home_team,market_spread_home,baseline_margin,pred_margin_mu,actual_home,actual_away,actual_margin
2024-11-12-ATL-BOS,2024-11-12,ATL,BOS,-16.0,16.0,16.473741829395294,116,117,-1
2024-11-12-MIA-DET,2024-11-12,MIA,DET,1.5,-1.5,-1.2623776644468307,123,121,2
2024-11-12-CHA-ORL,2024-11-12,CHA,ORL,-9.0,9.0,9.364127278327942,114,89,25
2024-11-12-NYK-PHI,2024-11-12,NYK,PHI,3.5,-3.5,-3.363143354654312,99,111,-12
2024-11-12-TOR-MIL,2024-11-12,TOR,MIL,-9.0,9.0,9.107691079378128,99,85,14
2024-11-12-PHX-UTA,2024-11-12,PHX,UTA,5.5,-5.5,-5.11957773566246,112,120,-8
2024-11-12-DAL-GSW,2024-11-12,DAL,GSW,-2.5,2.5,2.4785161782056093,120,117,3
2024-11-12-MIN-POR,2024-11-12,MIN,POR,9.0,-9.0,-8.725469917058945,122,108,14
2024-11-15-MIA-IND,2024-11-15,MIA,IND,-4.5,4.5,4.426678292453289,111,124,-13
2024-11-15-PHI-ORL,2024-11-15,PHI,ORL,-2.5,2.5,2.4616865441203117,98,86,12
2024-11-15-DET-TOR,2024-11-15,DET,TOR,2.5,-2.5,-2.5432639718055725,95,99,-4
2024-11-15-WAS-ATL,2024-11-15,WAS,ATL,-9.5,9.5,9.31961265206337,129,117,12
2024-11-15-CHI-CLE,2024-11-15,CHI,CLE,-10.0,10.0,10.604639112949371,144,126,18
2024-11-15-BKN-NYK,2024-11-15,BKN,NYK,-8.5,8.5,8.463464610278606,124,122,2
2024-11-15-LAL-SAS,2024-11-15,LAL,SAS,2.5,-2.5,-2.3025231659412384,115,120,-5
2024-11-15-LAC-HOU,2024-11-15,LAC,HOU,-5.0,5.0,5.658132791519165,125,104,21
2024-11-15-DEN-NOP,2024-11-15,DEN,NOP,2.0,-2.0,-2.1454950869083405,101,94,7
2024-11-15-PHX-OKC,2024-11-15,PHX,OKC,-7.5,7.5,7.598284997045994,99,83,16
2024-11-15-MEM-GSW,2024-11-15,MEM,GSW,-7.0,7.0,7.066768541932106,123,118,5
2024-11-15-MIN-SAC,2024-11-15,MIN,SAC,1.5,-1.5,-1.1719992458820343,126,130,-4
2024-11-19-CLE-BOS,2024-11-19,CLE,BOS,-7.0,7.0,7.102468878030777,120,117,3
2024-11-19-CHA-BKN,2024-11-19,CHA,BKN,-1.5,1.5,1.7430524379014969,116,115,1
2024-11-19-DEN-MEM,2024-11-19,DEN,MEM,-6.0,6.0,6.656531572341919,110,122,-12
2024-11-19-NOP-DAL,2024-11-19,NOP,DAL,-13.0,13.0,13.076617047190666,132,91,41
2024-11-19-OKC-SAS,2024-11-19,OKC,SAS,10.0,-10.0,-9.110785365104675,110,104,6
2024-11-19-UTA-LAL,2024-11-19,UTA,LAL,-10.5,10.5,11.200895011425018,124,118,6
2024-11-22-BKN-PHI,2024-11-22,BKN,PHI,-2.5,2.5,2.4584899060428143,113,98,15
2024-11-22-BOS-WAS,2024-11-22,BOS,WAS,15.5,-15.5,-15.092975199222565,96,108,-12
2024-11-22-IND-MIL,2024-11-22,IND,MIL,-5.5,5.5,5.445779453963041,129,117,12
2024-11-22-ATL-CHI,2024-11-22,ATL,CHI,2.5,-2.5,-2.732284516096115,136,122,14
2024-11-22-POR-HOU,2024-11-22,POR,HOU,-11.5,11.5,12.700952291488647,116,88,28
2024-11-22-GSW-NOP,2024-11-22,GSW,NOP,10.5,-10.5,-10.485291082412004,108,112,-4
2024-11-22-DAL-DEN,2024-11-22,DAL,DEN,-4.5,4.5,4.348551154136658,120,123,-3
2024-11-22-SAC-LAC,2024-11-22,SAC,LAC,4.0,-4.0,-3.8025055825710297,104,88,16
2024-11-26-CHI-WAS,2024-11-26,CHI,WAS,5.5,-5.5,-5.365951880812645,108,127,-19
2024-11-26-MIL-MIA,2024-11-26,MIL,MIA,-5.5,5.5,5.615276299417019,103,106,-3
2024-11-26-HOU-MIN,2024-11-26,HOU,MIN,-2.5,2.5,2.3928148671984673,111,117,-6
2024-11-26-SAS-UTA,2024-11-26,SAS,UTA,1.5,-1.5,-1.5783799141645432,115,128,-13
2024-11-26-LAL-PHX,2024-11-26,LAL,PHX,-2.5,2.5,2.2762817591428757,127,100,27
2024-11-29-NYK-CHA,2024-11-29,NYK,CHA,12.5,-12.5,-11.60546875,98,99,-1
2024-11-29-CLE-ATL,2024-11-29,CLE,ATL,5.5,-5.5,-5.291124612092972,117,101,16
2024-11-29-NOP-MEM,2024-11-29,NOP,MEM,-11.5,11.5,11.693071693181992,120,109,11
2024-11-29-ORL-BKN,2024-11-29,ORL,BKN,8.0,-8.0,-8.043318629264832,100,123,-23
2024-11-29-LAC-MIN,2024-11-29,LAC,MIN,-6.5,6.5,6.594582699239254,93,92,1
2024-11-29-DET-IND,2024-11-29,DET,IND,-4.5,4.5,4.479560216888785,106,130,-24
2024-11-29-TOR-MIA,2024-11-29,TOR,MIA,-8.0,8.0,8.003283500205725,121,111,10
2024-11-29-BOS-CHI,2024-11-29,BOS,CHI,12.5,-12.5,-12.285251766443253,129,138,-9
2024-11-29-OKC-LAL,2024-11-29,OKC,LAL,3.0,-3.0,-2.991006603464484,93,101,-8
2024-11-29-SAC-POR,2024-11-29,SAC,POR,7.0,-7.0,-6.60254767537117,115,106,9
2024-12-03-PHI-CHA,2024-12-03,PHI,CHA,5.0,-5.0,-5.052251614630222,104,110,-6
2024-12-03-WAS-CLE,2024-12-03,WAS,CLE,-16.0,16.0,16.624403297901154,118,87,31
2024-12-03-MIL-DET,2024-12-03,MIL,DET,2.5,-2.5,-2.3256692588329315,107,128,-21
2024-12-03-ORL-NYK,2024-12-03,ORL,NYK,-5.0,5.0,4.83894370496273,121,106,15
2024-12-03-IND-TOR,2024-12-03,IND,TOR,3.0,-3.0,-2.895624615252018,122,111,11
2024-12-03-UTA-OKC,2024-12-03,UTA,OKC,-13.5,13.5,14.673064827919006,133,106,27
2024-12-03-MEM-DAL,2024-12-03,MEM,DAL,-4.5,4.5,4.4948730994947255,121,116,5
2024-12-03-SAS-PHX,2024-12-03,SAS,PHX,-6.5,6.5,6.510919786989689,104,93,11
2024-12-03-GSW-DEN,2024-12-03,GSW,DEN,-5.0,5.0,4.905475817620754,119,115,4
2024-12-03-HOU-SAC,2024-12-03,HOU,SAC,-1.5,1.5,1.3333978354930878,120,111,9
2024-12-03-POR-LAC,2024-12-03,POR,LAC,-8.5,8.5,8.617506347596645,127,105,22
2024-10-22-NYK-BOS,2024-10-22,NYK,BOS,-6.0,6.0,6.134200364351273,132,109,23
2024-10-22-MIN-LAL,2024-10-22,MIN,LAL,1.0,-1.0,-1.1977280527353287,110,103,7
2024-10-23-IND-DET,2024-10-23,IND,DET,5.0,-5.0,-4.599911749362946,109,115,-6
2024-10-23-BKN-ATL,2024-10-23,BKN,ATL,-7.0,7.0,6.655243813991547,120,116,4
2024-10-23-ORL-MIA,2024-10-23,ORL,MIA,-2.0,2.0,1.649101436138153,97,116,-19
2024-10-23-MIL-PHI,2024-10-23,MIL,PHI,4.0,-4.0,-3.964027427136898,109,124,-15
2024-10-23-CLE-TOR,2024-10-23,CLE,TOR,6.5,-6.5,-6.058551847934723,106,136,-30
2024-10-23-CHA-HOU,2024-10-23,CHA,HOU,-8.5,8.5,8.586800411343575,105,110,-5
2024-10-23-CHI-NOP,2024-10-23,CHI,NOP,-5.0,5.0,5.419508934020996,123,111,12
2024-10-23-MEM-UTA,2024-10-23,MEM,UTA,2.0,-2.0,-1.6608282923698425,124,126,-2
2024-10-23-PHX-LAC,2024-10-23,PHX,LAC,5.0,-5.0,-5.155443295836449,113,116,-3
2024-10-23-GSW-POR,2024-10-23,GSW,POR,7.5,-7.5,-7.217528223991394,104,139,-35
2024-10-24-BOS-WAS,2024-10-24,BOS,WAS,14.0,-14.0,-13.9423315115273,102,122,-20
2024-10-24-SAS-DAL,2024-10-24,SAS,DAL,-9.0,9.0,9.824965834617615,120,109,11
2024-10-24-OKC-DEN,2024-10-24,OKC,DEN,-2.0,2.0,2.3601918816566467,87,102,-15
2024-10-24-MIN-SAC,2024-10-24,MIN,SAC,1.0,-1.0,-0.1863430142402649,115,117,-2
2024-10-25-BKN-ORL,2024-10-25,BKN,ORL,-12.0,12.0,12.38012033700943,116,101,15
2024-10-25-PHI-TOR,2024-10-25,PHI,TOR,5.5,-5.5,-5.04724246263504,115,107,8
2024-10-25-CHA-ATL,2024-10-25,CHA,ATL,-5.5,5.5,5.845996677875519,125,120,5
2024-10-25-DET-CLE,2024-10-25,DET,CLE,-10.5,10.5,10.88012033700943,113,101,12
2024-10-25-IND-NYK,2024-10-25,IND,NYK,-4.5,4.5,4.845996677875519,123,98,25
2024-10-25-MEM-HOU,2024-10-25,MEM,HOU,-4.0,4.0,4.345996677875519,128,108,20
2024-10-25-CHI-MIL,2024-10-25,CHI,MIL,-9.0,9.0,9.345996677875519,122,133,-11
2024-10-25-GSW-UTA,2024-10-25,GSW,UTA,6.5,-6.5,-6.079498052597046,86,127,-41
2024-10-25-PHX-LAL,2024-10-25,PHX,LAL,-1.5,1.5,1.69186532497406,123,116,7
2024-10-25-NOP-POR,2024-10-25,NOP,POR,6.5,-6.5,-6.079498052597046,103,105,-2
2024-10-26-LAC-DEN,2024-10-26,LAC,DEN,-7.5,7.5,7.845996677875519,104,109,-5
2024-10-26-MIA-CHA,2024-10-26,MIA,CHA,6.0,-6.0,-5.61226487159729,106,114,-8
2024-10-26-BOS-DET,2024-10-26,BOS,DET,12.5,-12.5,-12.11226487159729,118,124,-6
2024-10-26-CLE-WAS,2024-10-26,CLE,WAS,9.5,-9.5,-9.079498052597046,116,135,-19
2024-10-26-OKC-CHI,2024-10-26,OKC,CHI,9.5,-9.5,-9.11226487159729,95,114,-19
2024-10-26-ORL-MEM,2024-10-26,ORL,MEM,-1.0,1.0,1.3624675273895264,124,111,13
2024-10-26-TOR-MIN,2024-10-26,TOR,MIN,-15.0,15.0,15.50721937417984,112,101,11
2024-10-26-HOU-SAS,2024-10-26,HOU,SAS,1.5,-1.5,-1.1047656536102295,109,106,3
2024-10-26-DAL-PHX,2024-10-26,DAL,PHX,3.5,-3.5,-3.1217588782310486,114,102,12
2024-10-26-SAC-LAL,2024-10-26,SAC,LAL,-1.0,1.0,1.3624675273895264,131,127,4
2024-10-27-PHI-IND,2024-10-27,PHI,IND,-8.0,8.0,8.36189329624176,114,118,-4
2024-10-27-MIL-BKN,2024-10-27,MIL,BKN,8.5,-8.5,-8.063601434230804,115,102,13
2024-10-27-NOP-POR,2024-10-27,NOP,POR,6.5,-6.5,-6.063601434230804,125,103,22
2024-10-27-ATL-OKC,2024-10-27,ATL,OKC,-10.5,10.5,10.783918142318726,128,104,24
2024-10-27-LAC-GSW,2024-10-27,LAC,GSW,-9.0,9.0,9.36189329624176,104,112,-8
2024-10-28-IND-ORL,2024-10-28,IND,ORL,-5.5,5.5,5.991650998592377,119,115,4
2024-10-28-WAS-ATL,2024-10-28,WAS,ATL,-8.0,8.0,8.158824145793915,119,121,-2
2024-10-28-MIL-BOS,2024-10-28,MIL,BOS,-9.0,9.0,9.729244709014893,119,108,11
2024-10-28-DET-MIA,2024-10-28,DET,MIA,-8.5,8.5,8.765095561742783,106,98,8
2024-10-28-CLE-NYK,2024-10-28,CLE,NYK,-3.0,3.0,3.825401723384857,104,110,-6
2024-10-28-DEN-TOR,2024-10-28,DEN,TOR,8.5,-8.5,-8.143374919891357,125,127,-2
2024-10-28-CHI-MEM,2024-10-28,CHI,MEM,-5.0,5.0,5.4640341103076935,123,126,-3
2024-10-28-HOU-SAS,2024-10-28,HOU,SAS,2.5,-2.5,-1.8618133068084717,101,106,-5
2024-10-28-UTA-DAL,2024-10-28,UTA,DAL,-11.5,11.5,11.851382732391357,110,102,8
2024-10-28-LAL-PHX,2024-10-28,LAL,PHX,-4.5,4.5,4.572061240673065,109,105,4
2024-10-28-POR-SAC,2024-10-28,POR,SAC,-13.0,13.0,13.004153172951192,111,98,13
2024-10-29-DEN-BKN,2024-10-29,DEN,BKN,5.5,-5.5,-5.150381445884705,139,144,-5
2024-10-29-DAL-MIN,2024-10-29,DAL,MIN,-4.0,4.0,5.2323302030563354,114,120,-6
2024-10-29-SAC-UTA,2024-10-29,SAC,UTA,6.5,-6.5,-6.2008170783519745,96,113,-17
2024-10-29-NOP-GSW,2024-10-29,NOP,GSW,1.5,-1.5,-0.31279516220092773,124,106,18
2024-10-30-TOR-CHA,2024-10-30,TOR,CHA,-6.5,6.5,7.1228132247924805,138,133,5
2024-10-30-LAL-CLE,2024-10-30,LAL,CLE,-4.0,4.0,4.172387734055519,134,110,24
2024-10-30-BOS-IND,2024-10-30,BOS,IND,6.5,-6.5,-5.8990864753723145,135,132,3
2024-10-30-DET-PHI,2024-10-30,DET,PHI,-4.0,4.0,4.263089686632156,95,105,-10
2024-10-30-ATL-WAS,2024-10-30,ATL,WAS,5.5,-5.5,-5.627411171793938,133,120,13
2024-10-30-NYK-MIA,2024-10-30,NYK,MIA,2.0,-2.0,-1.8340128511190414,107,116,-9
2024-10-30-ORL-CHI,2024-10-30,ORL,CHI,5.5,-5.5,-5.421200759708881,102,99,3
2024-10-30-BKN-MEM,2024-10-30,BKN,MEM,-12.0,12.0,12.202333569526672,106,119,-13
2024-10-30-SAS-OKC,2024-10-30,SAS,OKC,-12.5,12.5,14.445271968841553,105,93,12
2024-10-30-NOP-GSW,2024-10-30,NOP,GSW,-3.5,3.5,3.9012442231178284,104,89,15
2024-10-30-POR-LAC,2024-10-30,POR,LAC,-8.0,8.0,7.92752393335104,105,106,-1
2024-10-31-MIL-MEM,2024-10-31,MIL,MEM,6.5,-6.5,-6.610122039914131,122,99,23
2024-10-31-HOU-DAL,2024-10-31,HOU,DAL,-6.5,6.5,6.530944036319852,102,108,-6
2024-10-31-SAS-UTA,2024-10-31,SAS,UTA,2.0,-2.0,-1.5924052894115448,88,106,-18
2024-10-31-PHX-LAC,2024-10-31,PHX,LAC,4.0,-4.0,-3.9691472966223955,119,125,-6
2024-11-01-BOS-CHA,2024-11-01,BOS,CHA,10.5,-10.5,-9.752760112285614,109,124,-15
2024-11-01-ORL-CLE,2024-11-01,ORL,CLE,-7.0,7.0,6.788527473807335,120,109,11
2024-11-01-NYK-DET,2024-11-01,NYK,DET,6.0,-6.0,-5.664305865764618,98,128,-30
2024-11-01-SAC-ATL,2024-11-01,SAC,ATL,6.0,-6.0,-5.804935052990913,115,123,-8
2024-11-01-CHI-BKN,2024-11-01,CHI,BKN,-1.0,1.0,0.9449530579149723,120,112,8
2024-11-01-LAL-TOR,2024-11-01,LAL,TOR,9.0,-9.0,-8.952408604323864,125,131,-6
2024-11-01-IND-NOP,2024-11-01,IND,NOP,4.5,-4.5,-4.559193529188633,125,118,7
2024-11-01-DEN-MIN,2024-11-01,DEN,MIN,-3.5,3.5,4.076316237449646,119,116,3
2024-11-01-OKC-POR,2024-11-01,OKC,POR,11.5,-11.5,-11.347392305731773,114,137,-23
2024-11-02-BOS-CHA,2024-11-02,BOS,CHA,10.0,-10.0,-8.760782241821289,103,113,-10
2024-11-02-MEM-PHI,2024-11-02,MEM,PHI,1.0,-1.0,-0.8375974893569946,107,124,-17
2024-11-02-SAC-TOR,2024-11-02,SAC,TOR,9.5,-9.5,-9.459680989384651,131,128,3
2024-11-02-GSW-HOU,2024-11-02,GSW,HOU,-5.0,5.0,5.682346224784851,121,127,-6
2024-11-02-CLE-MIL,2024-11-02,CLE,MIL,-2.0,2.0,1.9715536255389452,113,114,-1
2024-11-02-MIN-SAS,2024-11-02,MIN,SAS,3.5,-3.5,-3.400957353413105,113,103,10
2024-11-02-UTA-DEN,2024-11-02,UTA,DEN,-11.0,11.0,11.814057052135468,129,103,26
2024-11-02-POR-PHX,2024-11-02,POR,PHX,-13.0,13.0,12.810053497552872,103,97,6
2024-11-02-OKC-LAC,2024-11-02,OKC,LAC,5.5,-5.5,-4.90082573890686,92,105,-13
2024-11-03-DET-BKN,2024-11-03,DET,BKN,-3.0,3.0,4.504566431045532,92,106,-14
2024-11-03-ATL-NOP,2024-11-03,ATL,NOP,1.5,-1.5,-1.4885749630630016,111,126,-15
2024-11-03-ORL-DAL,2024-11-03,ORL,DAL,-7.0,7.0,7.092713735997677,108,85,23
2024-11-04-MIL-CLE,2024-11-04,MIL,CLE,-8.0,8.0,7.747799605131149,116,114,2
2024-11-04-GSW-WAS,2024-11-04,GSW,WAS,11.0,-11.0,-10.825172737240791,112,125,-13
2024-11-04-LAL-DET,2024-11-04,LAL,DET,6.5,-6.5,-6.359638303518295,115,103,12
2024-11-04-BOS-ATL,2024-11-04,BOS,ATL,10.0,-10.0,-9.514180690050125,93,123,-30
2024-11-04-MEM-BKN,2024-11-04,MEM,BKN,4.0,-4.0,-3.9323505014181137,106,104,2
2024-11-04-SAC-MIA,2024-11-04,SAC,MIA,-1.5,1.5,1.4192269071936607,110,111,-1
2024-11-04-UTA-CHI,2024-11-04,UTA,CHI,-7.5,7.5,7.641193106770515,126,135,-9
2024-11-04-NYK-HOU,2024-11-04,NYK,HOU,2.0,-2.0,-1.5218819379806519,109,97,12
2024-11-04-CHA-MIN,2024-11-04,CHA,MIN,-11.5,11.5,12.315478801727295,114,93,21
2024-11-04-ORL-OKC,2024-11-04,ORL,OKC,-12.5,12.5,12.90299454331398,102,86,16
2024-11-04-POR-NOP,2024-11-04,POR,NOP,-1.5,1.5,1.3701356947422028,100,118,-18
2024-11-04-IND-DAL,2024-11-04,IND,DAL,-4.5,4.5,5.244510769844055,127,134,-7
2024-11-04-TOR-DEN,2024-11-04,TOR,DEN,-11.0,11.0,12.052087545394897,121,119,2
2024-11-04-PHI-PHX,2024-11-04,PHI,PHX,-7.5,7.5,7.5293507892638445,118,116,2
2024-11-04-SAS-LAC,2024-11-04,SAS,LAC,-4.0,4.0,4.096915878355503,113,104,9
2024-11-06-DET-CHA,2024-11-06,DET,CHA,1.0,-1.0,-0.4108920097351074,108,107,1
2024-11-06-ORL-IND,2024-11-06,ORL,IND,-5.5,5.5,5.273206055164337,118,111,7
2024-11-06-NYK-ATL,2024-11-06,NYK,ATL,7.0,-7.0,-6.402895450592041,121,116,5
2024-11-06-GSW-BOS,2024-11-06,GSW,BOS,-7.0,7.0,7.340284377336502,112,118,-6
2024-11-06-SAS-HOU,2024-11-06,SAS,HOU,-6.5,6.5,7.085891425609589,127,100,27
2024-11-06-LAL-MEM,2024-11-06,LAL,MEM,-4.0,4.0,4.030903773382306,131,114,17
2024-11-06-CLE-NOP,2024-11-06,CLE,NOP,6.5,-6.5,-6.007869303226471,122,131,-9
2024-11-06-CHI-DAL,2024-11-06,CHI,DAL,-10.0,10.0,10.199092298746109,119,99,20
2024-11-06-OKC-DEN,2024-11-06,OKC,DEN,7.0,-7.0,-7.251767158508301,124,122,2
2024-11-06-MIA-PHX,2024-11-06,MIA,PHX,-5.0,5.0,4.860969975590706,115,112,3
2024-11-06-PHI-LAC,2024-11-06,PHI,LAC,-1.5,1.5,1.61582650244236,110,98,12
2024-11-06-TOR-SAC,2024-11-06,TOR,SAC,-11.5,11.5,11.715986520051956,122,107,15
2024-11-07-MIN-CHI,2024-11-07,MIN,CHI,9.5,-9.5,-9.406103618443012,119,135,-16
2024-11-07-UTA-MIL,2024-11-07,UTA,MIL,-10.0,10.0,9.885248064994812,123,100,23
2024-11-07-POR-SAS,2024-11-07,POR,SAS,-4.0,4.0,3.994321328122169,118,105,13
2024-11-08-IND-CHA,2024-11-08,IND,CHA,7.0,-7.0,-6.448154807090759,103,83,20
2024-11-08-ATL-DET,2024-11-08,ATL,DET,-2.5,2.5,2.388926312327385,122,121,1
2024-11-08-NOP-ORL,2024-11-08,NOP,ORL,-8.5,8.5,8.505428798031062,115,88,27
2024-11-08-BKN-BOS,2024-11-08,BKN,BOS,-13.5,13.5,13.8454087972641,108,104,4
2024-11-08-GSW-CLE,2024-11-08,GSW,CLE,-3.5,3.5,3.276733547449112,136,117,19
2024-11-08-MIL-NYK,2024-11-08,MIL,NYK,-6.5,6.5,6.096471756696701,116,94,22
2024-11-08-PHX-DAL,2024-11-08,PHX,DAL,-2.5,2.5,2.54968399181962,113,114,-1
2024-11-08-WAS-MEM,2024-11-08,WAS,MEM,-7.5,7.5,7.624120086431503,128,104,24
2024-11-08-HOU-OKC,2024-11-08,HOU,OKC,-7.5,7.5,8.557894468307495,126,107,19
2024-11-08-POR-MIN,2024-11-08,POR,MIN,-11.5,11.5,11.592873834073544,127,102,25
2024-11-08-MIA-DEN,2024-11-08,MIA,DEN,-3.0,3.0,2.9773508701473475,135,122,13
2024-11-08-PHI-LAL,2024-11-08,PHI,LAL,-7.5,7.5,7.293915748596191,116,106,10
2024-11-08-LAC-SAC,2024-11-08,LAC,SAC,-6.5,6.5,7.036274552345276,98,107,-9
2024-11-09-UTA-SAS,2024-11-09,UTA,SAS,-6.5,6.5,6.396189756691456,110,111,-1
2024-11-09-CHI-ATL,2024-11-09,CHI,ATL,-2.5,2.5,2.4418142288923264,113,125,-12
2024-11-09-BKN-CLE,2024-11-09,BKN,CLE,-13.0,13.0,12.911259196698666,105,100,5
2024-11-09-TOR-LAC,2024-11-09,TOR,LAC,-6.0,6.0,6.059341549873352,105,103,2
2024-11-10-HOU-DET,2024-11-10,HOU,DET,4.0,-4.0,-3.550563007593155,99,101,-2
2024-11-10-BOS-MIL,2024-11-10,BOS,MIL,5.0,-5.0,-4.539689093828201,107,113,-6
2024-11-10-NYK-IND,2024-11-10,NYK,IND,3.0,-3.0,-2.6515568494796753,132,121,11
2024-11-10-WAS-ORL,2024-11-10,WAS,ORL,-11.5,11.5,11.602935321629047,121,94,27
2024-11-10-CHA-PHI,2024-11-10,CHA,PHI,-5.0,5.0,5.152535930275917,107,105,2
2024-11-10-MIA-MIN,2024-11-10,MIA,MIN,-7.5,7.5,8.322996854782104,94,95,-1
2024-11-10-GSW-OKC,2024-11-10,GSW,OKC,-6.5,6.5,7.348713159561157,116,127,-11
2024-11-10-DAL-DEN,2024-11-10,DAL,DEN,-2.0,2.0,2.0659378990530968,122,120,2
2024-11-10-SAC-PHX,2024-11-10,SAC,PHX,1.0,-1.0,-1.26167693734169,118,127,-9
2024-11-10-MEM-POR,2024-11-10,MEM,POR,1.0,-1.0,-0.9952407372184098,89,134,-45
2024-11-10-TOR-LAL,2024-11-10,TOR,LAL,-10.0,10.0,9.942472949624062,123,103,20
2024-11-11-CLE-CHI,2024-11-11,CLE,CHI,8.5,-8.5,-8.31319084763527,113,119,-6
2024-11-11-WAS-HOU,2024-11-11,WAS,HOU,-12.0,12.0,12.181277841329575,107,92,15
2024-11-11-BKN-NOP,2024-11-11,BKN,NOP,1.5,-1.5,-1.6667670607566833,105,107,-2
2024-11-11-LAC-OKC,2024-11-11,LAC,OKC,-6.5,6.5,7.320708692073822,134,128,6
2024-11-11-SAC-SAS,2024-11-11,SAC,SAS,2.5,-2.5,-2.2980485558509827,116,96,20
2024-11-13-IND-ORL,2024-11-13,IND,ORL,-1.0,1.0,0.8398718535900116,94,90,4
2024-11-13-BOS-BKN,2024-11-13,BOS,BKN,10.0,-10.0,-9.838346183300018,114,139,-25
2024-11-13-CHI-NYK,2024-11-13,CHI,NYK,-8.5,8.5,8.557993419468403,123,124,-1
2024-11-13-CLE-PHI,2024-11-13,CLE,PHI,11.0,-11.0,-10.837326616048813,106,114,-8
2024-11-13-NOP-OKC,2024-11-13,NOP,OKC,-14.5,14.5,14.66446402668953,106,88,18
2024-11-13-LAC-HOU,2024-11-13,LAC,HOU,-5.0,5.0,5.7532875537872314,111,103,8
2024-11-13-DET-MIL,2024-11-13,DET,MIL,-7.0,7.0,7.09189710021019,127,120,7
2024-11-13-WAS-SAS,2024-11-13,WAS,SAS,-9.5,9.5,9.304272830486298,139,130,9
2024-11-13-MEM-LAL,2024-11-13,MEM,LAL,-7.5,7.5,8.181724905967712,128,123,5
2024-11-13-MIN-POR,2024-11-13,MIN,POR,10.0,-10.0,-9.818673148751259,106,98,8
2024-11-13-PHX-SAC,2024-11-13,PHX,SAC,-8.0,8.0,7.978698130697012,127,104,23
2024-11-14-DAL-UTA,2024-11-14,DAL,UTA,7.5,-7.5,-6.996993064880371,115,113,2
2024-11-16-MIL-CHA,2024-11-16,MIL,CHA,4.0,-4.0,-3.600134462118149,115,114,1
2024-11-16-TOR-BOS,2024-11-16,TOR,BOS,-16.5,16.5,17.330499172210693,126,123,3
2024-11-16-LAL-NOP,2024-11-16,LAL,NOP,8.0,-8.0,-7.917036980390549,99,104,-5
2024-11-16-SAS-DAL,2024-11-16,SAS,DAL,-13.5,13.5,14.07208126783371,110,93,17
2024-11-16-UTA-SAC,2024-11-16,UTA,SAC,-6.5,6.5,7.308368265628815,121,117,4
2024-11-17-PHX-MIN,2024-11-17,PHX,MIN,-7.5,7.5,7.767029583454132,120,117,3
2024-11-17-MIA-IND,2024-11-17,MIA,IND,-3.5,3.5,3.535302884876728,119,110,9
2024-11-17-CHA-CLE,2024-11-17,CHA,CLE,-10.0,10.0,10.735541641712189,128,114,14
2024-11-17-DET-WAS,2024-11-17,DET,WAS,5.0,-5.0,-4.983785971999168,104,124,-20
2024-11-17-DEN-MEM,2024-11-17,DEN,MEM,-6.0,6.0,6.6963722705841064,105,90,15
2024-11-17-ATL-POR,2024-11-17,ATL,POR,4.0,-4.0,-3.799806535243988,114,110,4
2024-11-17-BKN-NYK,2024-11-17,BKN,NYK,-10.0,10.0,9.865681529045105,114,104,10
2024-11-17-HOU-CHI,2024-11-17,HOU,CHI,5.0,-5.0,-4.856253728270531,107,143,-36
2024-11-17-DAL-OKC,2024-11-17,DAL,OKC,-7.5,7.5,7.809384524822235,119,121,-2
2024-11-17-UTA-LAC,2024-11-17,UTA,LAC,-9.5,9.5,9.35979974269867,116,105,11
2024-11-18-CHI-DET,2024-11-18,CHI,DET,-4.0,4.0,4.087295442819595,112,122,-10
2024-11-18-PHI-MIA,2024-11-18,PHI,MIA,-2.5,2.5,2.511892359703779,106,89,17
2024-11-18-WAS-NYK,2024-11-18,WAS,NYK,-14.5,14.5,15.602267026901245,134,106,28
2024-11-18-IND-TOR,2024-11-18,IND,TOR,3.0,-3.0,-3.0913069546222687,130,119,11
2024-11-18-HOU-MIL,2024-11-18,HOU,MIL,-3.5,3.5,3.4876446034759283,101,100,1
2024-11-18-ORL-PHX,2024-11-18,ORL,PHX,4.5,-4.5,-5.007198691368103,99,109,-10
2024-11-18-ATL-SAC,2024-11-18,ATL,SAC,-4.0,4.0,4.229253202676773,108,109,-1
2024-11-18-GSW-LAC,2024-11-18,GSW,LAC,5.0,-5.0,-4.683282345533371,102,99,3
2024-11-20-NOP-CLE,2024-11-20,NOP,CLE,-14.0,14.0,14.561120688915253,128,100,28
2024-11-20-CHI-MIL,2024-11-20,CHI,MIL,-9.0,9.0,8.865339919924736,122,106,16
2024-11-20-IND-HOU,2024-11-20,IND,HOU,-6.0,6.0,6.284283638000488,130,113,17
2024-11-20-PHI-MEM,2024-11-20,PHI,MEM,5.0,-5.0,-4.6925327479839325,117,111,6
2024-11-20-POR-OKC,2024-11-20,POR,OKC,-13.0,13.0,14.399687647819519,109,99,10
2024-11-20-NYK-PHX,2024-11-20,NYK,PHX,4.5,-4.5,-4.284093737602234,122,138,-16
2024-11-20-ATL-GSW,2024-11-20,ATL,GSW,-7.0,7.0,7.15611869096756,120,97,23
2024-11-20-ORL-LAC,2024-11-20,ORL,LAC,3.5,-3.5,-3.700691804289818,104,93,11
2024-11-21-DET-CHA,2024-11-21,DET,CHA,2.5,-2.5,-1.588324785232544,123,121,2
2024-11-21-MIN-TOR,2024-11-21,MIN,TOR,7.0,-7.0,-6.820412248373032,110,105,5
2024-11-21-UTA-SAS,2024-11-21,UTA,SAS,-3.0,3.0,3.406638205051422,126,118,8
2024-11-21-ORL-LAL,2024-11-21,ORL,LAL,-5.0,5.0,4.604255139827728,118,119,-1
2024-11-23-NYK-UTA,2024-11-23,NYK,UTA,8.5,-8.5,-8.057580322027206,121,106,15
2024-11-23-DET-ORL,2024-11-23,DET,ORL,-9.0,9.0,8.999849390238523,111,100,11
2024-11-23-MEM-CHI,2024-11-23,MEM,CHI,4.0,-4.0,-4.157989904284477,131,142,-11
2024-11-23-POR-HOU,2024-11-23,POR,HOU,-12.0,12.0,13.169597506523132,98,104,-6
2024-11-23-CHA-MIL,2024-11-23,CHA,MIL,-8.0,8.0,8.728630483150482,125,119,6
2024-11-23-GSW-SAS,2024-11-23,GSW,SAS,3.5,-3.5,-3.261277973651886,104,94,10
2024-11-23-DEN-LAL,2024-11-23,DEN,LAL,-4.0,4.0,3.9446708112955093,102,127,-25
2024-11-24-MIN-BOS,2024-11-24,MIN,BOS,-8.0,8.0,8.313278526067734,107,105,2
2024-11-24-WAS-IND,2024-11-24,WAS,IND,-12.0,12.0,11.958105117082596,115,103,12
2024-11-24-DAL-MIA,2024-11-24,DAL,MIA,-2.5,2.5,2.4861031752079725,123,118,5
2024-11-24-LAC-PHI,2024-11-24,LAC,PHI,1.5,-1.5,-1.5228101331740618,99,125,-26
2024-11-24-TOR-CLE,2024-11-24,TOR,CLE,-11.5,11.5,11.319624304771423,122,108,14
2024-11-24-BKN-SAC,2024-11-24,BKN,SAC,-10.5,10.5,10.463048823177814,103,108,-5
2024-11-25-ORL-CHA,2024-11-25,ORL,CHA,4.5,-4.5,-3.9517792463302612,84,95,-11
2024-11-25-TOR-DET,2024-11-25,TOR,DET,-4.0,4.0,3.956568256020546,102,100,2
2024-11-25-NOP-IND,2024-11-25,NOP,IND,-8.0,8.0,7.790840730071068,114,110,4
2024-11-25-DAL-ATL,2024-11-25,DAL,ATL,-2.5,2.5,2.5831868648529053,119,129,-10
2024-11-25-LAC-BOS,2024-11-25,LAC,BOS,-10.5,10.5,10.903468579053879,126,94,32
2024-11-25-POR-MEM,2024-11-25,POR,MEM,-10.5,10.5,10.6340791285038,123,98,25
2024-11-25-NYK-DEN,2024-11-25,NYK,DEN,-2.5,2.5,3.2614303827285767,118,145,-27
2024-11-25-BKN-GSW,2024-11-25,BKN,GSW,-13.5,13.5,13.797014772891998,120,128,-8
2024-11-25-OKC-SAC,2024-11-25,OKC,SAC,3.5,-3.5,-2.9710705280303955,109,130,-21
2024-11-27-MIA-CHA,2024-11-27,MIA,CHA,4.5,-4.5,-3.896486282348633,94,98,-4
2024-11-27-ATL-CLE,2024-11-27,ATL,CLE,-9.0,9.0,8.776848018169403,124,135,-11
2024-11-27-POR-IND,2024-11-27,POR,IND,-9.5,9.5,9.686269789934158,121,114,7
2024-11-27-CHI-ORL,2024-11-27,CHI,ORL,-9.5,9.5,10.570317268371582,133,119,14
2024-11-27-HOU-PHI,2024-11-27,HOU,PHI,5.0,-5.0,-4.916789792478085,115,122,-7
2024-11-27-LAC-WAS,2024-11-27,LAC,WAS,9.0,-9.0,-9.116555891931057,96,121,-25
2024-11-27-NYK-DAL,2024-11-27,NYK,DAL,4.0,-4.0,-3.242580831050873,129,114,15
2024-11-27-DET-MEM,2024-11-27,DET,MEM,-8.0,8.0,7.923224411904812,131,111,20
2024-11-27-SAC-MIN,2024-11-27,SAC,MIN,-3.0,3.0,2.904298774898052,104,115,-11
2024-11-27-TOR-NOP,2024-11-27,TOR,NOP,-1.0,1.0,0.8012405782938004,93,119,-26
2024-11-27-LAL-SAS,2024-11-27,LAL,SAS,2.0,-2.0,-1.5713258981704712,101,119,-18
2024-11-27-BKN-PHX,2024-11-27,BKN,PHX,-9.5,9.5,9.369512036442757,117,127,-10
2024-11-27-DEN-UTA,2024-11-27,DEN,UTA,11.0,-11.0,-10.86820587515831,103,122,-19
2024-11-27-OKC-GSW,2024-11-27,OKC,GSW,4.0,-4.0,-3.630101293325424,101,105,-4
2024-11-30-ATL-CHA,2024-11-30,ATL,CHA,5.5,-5.5,-5.271336391568184,104,107,-3
2024-11-30-PHI-DET,2024-11-30,PHI,DET,2.0,-2.0,-2.0664175674319267,96,111,-15
2024-11-30-WAS-MIL,2024-11-30,WAS,MIL,-14.5,14.5,14.82349893450737,124,114,10
2024-11-30-GSW-PHX,2024-11-30,GSW,PHX,-1.0,1.0,0.9473457336425781,113,105,8
2024-11-30-DAL-UTA,2024-11-30,DAL,UTA,6.5,-6.5,-6.164779394865036,94,106,-12
2024-12-01-ORL-BKN,2024-12-01,ORL,BKN,6.5,-6.5,-6.426066562533379,92,100,-8
2024-12-01-IND-MEM,2024-12-01,IND,MEM,-6.0,6.0,6.135100960731506,136,121,15
2024-12-01-BOS-CLE,2024-12-01,BOS,CLE,-2.0,2.0,1.9995725047774613,115,111,4
2024-12-01-NOP-NYK,2024-12-01,NOP,NYK,-12.5,12.5,12.6437998265028,118,85,33
2024-12-01-MIA-TOR,2024-12-01,MIA,TOR,5.0,-5.0,-4.728301078081131,119,116,3
2024-12-01-OKC-HOU,2024-12-01,OKC,HOU,1.5,-1.5,-0.2281419038772583,119,116,3
2024-12-01-LAL-UTA,2024-12-01,LAL,UTA,5.5,-5.5,-5.515590809285641,104,105,-1
2024-12-01-DAL-POR,2024-12-01,DAL,POR,5.5,-5.5,-5.074847012758255,131,137,-6
2024-12-01-SAS-SAC,2024-12-01,SAS,SAC,-6.5,6.5,6.73431333899498,125,127,-2
2024-12-01-DEN-LAC,2024-12-01,DEN,LAC,3.0,-3.0,-2.7929881662130356,126,122,4
2024-12-02-NOP-ATL,2024-12-02,NOP,ATL,-9.0,9.0,8.912881173193455,124,112,12
2024-12-02-MIA-BOS,2024-12-02,MIA,BOS,-9.5,9.5,9.709989979863167,108,89,19
2024-12-02-BKN-CHI,2024-12-02,BKN,CHI,-7.5,7.5,7.108470588922501,128,102,26
2024-12-02-LAL-MIN,2024-12-02,LAL,MIN,-7.5,7.5,7.462338164448738,109,80,29
2024-12-04-DET-BOS,2024-12-04,DET,BOS,-12.5,12.5,13.378230690956116,130,120,10
2024-12-04-IND-BKN,2024-12-04,IND,BKN,3.0,-3.0,-2.9358652234077454,99,90,9
2024-12-04-LAL-MIA,2024-12-04,LAL,MIA,-3.5,3.5,3.3077699691057205,134,93,41
2024-12-04-ORL-PHI,2024-12-04,ORL,PHI,5.5,-5.5,-5.455717466771603,102,106,-4
2024-12-04-ATL-MIL,2024-12-04,ATL,MIL,-4.5,4.5,4.448725290596485,104,119,-15
2024-12-04-MIN-LAC,2024-12-04,MIN,LAC,4.5,-4.5,-4.394781723618507,80,108,-28
2024-12-05-DEN-CLE,2024-12-05,DEN,CLE,-3.5,3.5,3.315619945526123,126,114,12
2024-12-05-DAL-WAS,2024-12-05,DAL,WAS,13.5,-13.5,-13.218348652124405,101,137,-36
2024-12-05-CHA-NYK,2024-12-05,CHA,NYK,-14.5,14.5,15.143526911735535,125,101,24
2024-12-05-OKC-TOR,2024-12-05,OKC,TOR,10.5,-10.5,-10.018047571182251,92,129,-37
2024-12-05-SAC-MEM,2024-12-05,SAC,MEM,-3.5,3.5,3.6255991458892822,115,110,5
2024-12-05-PHX-NOP,2024-12-05,PHX,NOP,1.5,-1.5,-1.4072088822722435,126,124,2
2024-12-05-CHI-SAS,2024-12-05,CHI,SAS,-2.5,2.5,3.323948085308075,124,139,-15
2024-12-05-HOU-GSW,2024-12-05,HOU,GSW,4.5,-4.5,-4.611852139234543,99,93,6
2024-12-06-ORL-PHI,2024-12-06,ORL,PHI,2.5,-2.5,-2.504116050899029,102,94,8
2024-12-06-LAL-ATL,2024-12-06,LAL,ATL,-3.5,3.5,3.593802221119404,134,132,2
2024-12-06-MIL-BOS,2024-12-06,MIL,BOS,-8.0,8.0,7.910476930439472,111,105,6
2024-12-06-IND-CHI,2024-12-06,IND,CHI,3.0,-3.0,-3.140777960419655,123,132,-9
2024-12-06-SAC-SAS,2024-12-06,SAC,SAS,7.0,-7.0,-7.045269303023815,113,140,-27
2024-12-06-MIN-GSW,2024-12-06,MIN,GSW,1.5,-1.5,-1.4605941846966743,90,107,-17
2024-12-06-UTA-POR,2024-12-06,UTA,POR,-4.0,4.0,4.061323635280132,99,141,-42
2024-12-07-CLE-CHA,2024-12-07,CLE,CHA,13.5,-13.5,-13.345664262771606,102,116,-14
2024-12-07-DEN-WAS,2024-12-07,DEN,WAS,11.5,-11.5,-11.365701630711555,122,113,9
2024-12-07-OKC-NOP,2024-12-07,OKC,NOP,8.0,-8.0,-7.321920454502106,109,119,-10
2024-12-07-DET-NYK,2024-12-07,DET,NYK,-8.0,8.0,8.307881146669388,111,120,-9
2024-12-07-DAL-TOR,2024-12-07,DAL,TOR,8.0,-8.0,-7.819504350423813,118,125,-7
2024-12-07-MEM-BOS,2024-12-07,MEM,BOS,-7.0,7.0,7.394861876964569,121,127,-6
2024-12-07-PHX-MIA,2024-12-07,PHX,MIA,-5.5,5.5,5.357888355851173,121,111,10
2024-12-08-PHI-CHI,2024-12-08,PHI,CHI,3.0,-3.0,-3.2414645105600357,100,108,-8
2024-12-08-MIL-BKN,2024-12-08,MIL,BKN,6.0,-6.0,-6.2133131474256516,113,118,-5
2024-12-08-CHA-IND,2024-12-08,CHA,IND,-12.0,12.0,12.110049411654472,109,113,-4
2024-12-08-DEN-ATL,2024-12-08,DEN,ATL,-1.0,1.0,1.0119711831212044,111,141,-30
2024-12-08-CLE-MIA,2024-12-08,CLE,MIA,2.5,-2.5,-2.4545670449733734,122,113,9
2024-12-08-PHX-ORL,2024-12-08,PHX,ORL,-2.0,2.0,1.9484411180019379,115,110,5
2024-12-08-MEM-WAS,2024-12-08,MEM,WAS,10.0,-10.0,-9.833433389663696,112,140,-28
2024-12-08-NOP-SAS,2024-12-08,NOP,SAS,-7.0,7.0,6.698520243167877,121,116,5
2024-12-08-MIN-GSW,2024-12-08,MIN,GSW,-1.5,1.5,1.5709891840815544,114,106,8
2024-12-08-HOU-LAC,2024-12-08,HOU,LAC,3.0,-3.0,-2.684054344892502,106,117,-11
2024-12-08-UTA-SAC,2024-12-08,UTA,SAC,-11.0,11.0,11.320418626070023,141,97,44
2024-12-08-POR-LAL,2024-12-08,POR,LAL,-7.0,7.0,7.000196427572519,107,98,9
2024-12-09-NYK-TOR,2024-12-09,NYK,TOR,8.0,-8.0,-7.523223668336868,108,113,-5
2024-12-19-UTA-DET,2024-12-19,UTA,DET,-4.5,4.5,4.443919613957405,119,126,-7
2024-12-19-OKC-ORL,2024-12-19,OKC,ORL,6.5,-6.5,-6.153943985700607,99,105,-6
2024-12-19-CHA-WAS,2024-12-19,CHA,WAS,4.0,-4.0,-3.9547343477606773,123,114,9
2024-12-19-CHI-BOS,2024-12-19,CHI,BOS,-14.5,14.5,14.982591062784195,108,117,-9
2024-12-19-BKN-TOR,2024-12-19,BKN,TOR,-2.5,2.5,2.357049375772476,94,101,-7
2024-12-19-NOP-HOU,2024-12-19,NOP,HOU,-9.0,9.0,9.098256640136242,133,113,20
2024-12-19-GSW-MEM,2024-12-19,GSW,MEM,-2.0,2.0,2.4362482130527496,144,93,51
2024-12-19-NYK-MIN,2024-12-19,NYK,MIN,-3.5,3.5,4.17341423034668,107,133,-26
2024-12-19-LAC-DAL,2024-12-19,LAC,DAL,1.0,-1.0,-1.1594336926937103,95,118,-23
2024-12-19-IND-PHX,2024-12-19,IND,PHX,-6.0,6.0,5.603723019361496,111,120,-9
2024-12-19-ATL-SAS,2024-12-19,ATL,SAS,-1.0,1.0,0.958866149187088,133,126,7
2024-12-19-DEN-POR,2024-12-19,DEN,POR,8.5,-8.5,-8.575593866407871,126,124,2
2024-12-19-LAL-SAC,2024-12-19,LAL,SAC,-4.5,4.5,4.673041045665741,100,113,-13
2024-12-20-CHA-PHI,2024-12-20,CHA,PHI,-13.5,13.5,13.488101445138454,108,98,10
2024-12-20-MIL-CLE,2024-12-20,MIL,CLE,-9.0,9.0,8.801376655697823,124,101,23
2024-12-20-OKC-MIA,2024-12-20,OKC,MIA,1.0,-1.0,-1.307460069656372,97,104,-7
2024-12-21-LAL-SAC,2024-12-21,LAL,SAC,-4.0,4.0,4.005721408408135,99,103,-4
2024-12-21-MIA-ORL,2024-12-21,MIA,ORL,-2.0,2.0,2.1887554675340652,121,114,7
2024-12-21-MEM-ATL,2024-12-21,MEM,ATL,1.5,-1.5,-1.2962893396615982,112,128,-16
2024-12-21-UTA-BKN,2024-12-21,UTA,BKN,-1.5,1.5,2.4363077878952026,94,105,-11
2024-12-21-PHI-CLE,2024-12-21,PHI,CLE,-9.0,9.0,8.931961014866829,126,99,27
2024-12-21-BOS-CHI,2024-12-21,BOS,CHI,12.0,-12.0,-11.550267457962036,98,123,-25
2024-12-21-WAS-MIL,2024-12-21,WAS,MIL,-8.5,8.5,8.08671972155571,112,101,11
2024-12-21-GSW-MIN,2024-12-21,GSW,MIN,-4.0,4.0,4.199833154678345,103,113,-10
2024-12-21-NYK-NOP,2024-12-21,NYK,NOP,8.0,-8.0,-7.9551015719771385,93,104,-11
2024-12-21-LAC-DAL,2024-12-21,LAC,DAL,-3.5,3.5,3.3341992497444153,113,97,16
2024-12-21-POR-SAS,2024-12-21,POR,SAS,-6.5,6.5,6.565216287970543,114,94,20
2024-12-21-DET-PHX,2024-12-21,DET,PHX,-5.5,5.5,5.3704915046691895,125,133,-8
2024-12-22-HOU-TOR,2024-12-22,HOU,TOR,9.0,-9.0,-8.940469451248646,110,114,-4
2024-12-22-IND-SAC,2024-12-22,IND,SAC,-3.0,3.0,3.1601741015911102,95,122,-27
2024-12-22-DEN-NOP,2024-12-22,DEN,NOP,8.5,-8.5,-8.318184658885002,129,132,-3
2024-12-23-HOU-CHA,2024-12-23,HOU,CHA,6.0,-6.0,-6.056559897959232,101,114,-13
2024-12-23-UTA-CLE,2024-12-23,UTA,CLE,-14.0,14.0,15.43678331375122,124,113,11
2024-12-23-BOS-ORL,2024-12-23,BOS,ORL,8.5,-8.5,-7.836973667144775,108,104,4
2024-12-23-SAS-PHI,2024-12-23,SAS,PHI,-5.5,5.5,5.543469309806824,111,106,5
2024-12-23-MIN-ATL,2024-12-23,MIN,ATL,3.5,-3.5,-3.462037943303585,117,104,13
2024-12-23-BKN-MIA,2024-12-23,BKN,MIA,-10.0,10.0,9.965109691023827,110,95,15
2024-12-23-TOR-NYK,2024-12-23,TOR,NYK,-14.0,14.0,14.410369396209717,139,125,14
2024-12-23-MIL-CHI,2024-12-23,MIL,CHI,-3.0,3.0,2.961069043725729,91,112,-21
2024-12-23-LAC-MEM,2024-12-23,LAC,MEM,-6.0,6.0,5.874895334243774,110,114,-4
2024-12-23-WAS-OKC,2024-12-23,WAS,OKC,-18.0,18.0,19.330191612243652,123,105,18
2024-12-23-POR-DAL,2024-12-23,POR,DAL,-12.5,12.5,12.890397667884827,132,108,24
2024-12-23-PHX-DEN,2024-12-23,PHX,DEN,-4.0,4.0,3.6824550330638885,117,90,27
2024-12-23-IND-GSW,2024-12-23,IND,GSW,-6.0,6.0,5.908213160932064,105,111,-6
2024-12-23-DET-LAL,2024-12-23,DET,LAL,-6.5,6.5,6.595333598554134,114,117,-3
2024-12-25-SAS-NYK,2024-12-25,SAS,NYK,-8.5,8.5,8.521817937493324,117,114,3
2024-12-25-MIN-DAL,2024-12-25,MIN,DAL,-5.0,5.0,4.757618561387062,99,105,-6
2024-12-25-PHI-BOS,2024-12-25,PHI,BOS,-10.5,10.5,10.64212629199028,114,118,-4
2024-12-25-LAL-GSW,2024-12-25,LAL,GSW,-4.0,4.0,3.661095440387726,113,115,-2
2024-12-25-DEN-PHX,2024-12-25,DEN,PHX,2.5,-2.5,-2.4436605237424374,110,100,10
2024-12-26-OKC-IND,2024-12-26,OKC,IND,5.0,-5.0,-4.577738344669342,114,120,-6
2024-12-26-MIA-ORL,2024-12-26,MIA,ORL,-1.5,1.5,1.64884714782238,88,89,-1
2024-12-26-CHA-WAS,2024-12-26,CHA,WAS,5.0,-5.0,-4.867833212018013,113,110,3
2024-12-26-CHI-ATL,2024-12-26,CHI,ATL,-5.0,5.0,5.546100318431854,141,133,8
2024-12-26-TOR-MEM,2024-12-26,TOR,MEM,-11.0,11.0,11.206136465072632,155,126,29
2024-12-26-BKN-MIL,2024-12-26,BKN,MIL,-6.5,6.5,6.1225742399692535,105,111,-6
2024-12-26-HOU-NOP,2024-12-26,HOU,NOP,7.0,-7.0,-6.983470145612955,111,128,-17
2024-12-26-UTA-POR,2024-12-26,UTA,POR,-3.5,3.5,4.373614847660065,122,120,2
2024-12-26-DET-SAC,2024-12-26,DET,SAC,-5.0,5.0,6.257868647575378,113,114,-1
2024-12-27-NYK-ORL,2024-12-27,NYK,ORL,6.5,-6.5,-6.193347007036209,85,108,-23
2024-12-27-IND-BOS,2024-12-27,IND,BOS,-12.0,12.0,12.041490413248539,142,105,37
2024-12-27-SAS-BKN,2024-12-27,SAS,BKN,8.0,-8.0,-7.82963439822197,87,96,-9
2024-12-27-MIN-HOU,2024-12-27,MIN,HOU,-1.0,1.0,1.143990844488144,112,113,-1
2024-12-27-MEM-NOP,2024-12-27,MEM,NOP,7.0,-7.0,-6.5856315195560455,124,132,-8
2024-12-27-CLE-DEN,2024-12-27,CLE,DEN,3.5,-3.5,-3.4730591382831335,135,149,-14
2024-12-27-DAL-PHX,2024-12-27,DAL,PHX,-1.0,1.0,1.0847022980451584,89,98,-9
2024-12-27-GSW-LAC,2024-12-27,GSW,LAC,-5.5,5.5,5.875065267086029,102,92,10
2024-12-28-MIA-ATL,2024-12-28,MIA,ATL,1.0,-1.0,-0.861390620470047,120,110,10
2024-12-28-OKC-CHA,2024-12-28,OKC,CHA,14.0,-14.0,-13.36016982793808,94,106,-12
2024-12-28-NYK-WAS,2024-12-28,NYK,WAS,13.0,-13.0,-12.727326422929764,132,136,-4
2024-12-28-MIL-CHI,2024-12-28,MIL,CHI,2.0,-2.0,-2.0169509314000607,116,111,5
2024-12-28-PHX-GSW,2024-12-28,PHX,GSW,-7.0,7.0,6.80042140185833,109,105,4
2024-12-28-DET-DEN,2024-12-28,DET,DEN,-6.5,6.5,6.507518421858549,134,121,13
2024-12-28-PHI-UTA,2024-12-28,PHI,UTA,7.0,-7.0,-6.847466424107552,111,114,-3
2024-12-28-DAL-POR,2024-12-28,DAL,POR,3.5,-3.5,-3.626346528530121,126,122,4
2024-12-28-SAC-LAL,2024-12-28,SAC,LAL,3.5,-3.5,-2.94120854139328,132,122,10
2024-12-29-BKN-ORL,2024-12-29,BKN,ORL,-8.5,8.5,8.39552191644907,102,101,1
2024-12-29-IND-BOS,2024-12-29,IND,BOS,-10.5,10.5,11.048528611660004,114,123,-9
2024-12-29-ATL-TOR,2024-12-29,ATL,TOR,-1.0,1.0,0.8880418166518211,107,136,-29
2024-12-29-MIA-HOU,2024-12-29,MIA,HOU,-8.5,8.5,8.572144903242588,100,104,-4
2024-12-29-MEM-OKC,2024-12-29,MEM,OKC,-8.0,8.0,9.502699971199036,130,106,24
2024-12-29-SAS-MIN,2024-12-29,SAS,MIN,-6.0,6.0,5.665324509143829,112,110,2
2024-12-30-CHI-CHA,2024-12-30,CHI,CHA,4.0,-4.0,-3.5661885738372803,108,115,-7
2024-12-30-NYK-WAS,2024-12-30,NYK,WAS,13.0,-13.0,-12.953837610781193,106,126,-20
2024-12-30-LAC-NOP,2024-12-30,LAC,NOP,4.5,-4.5,-4.323430061340332,113,116,-3
2024-12-30-DEN-UTA,2024-12-30,DEN,UTA,7.5,-7.5,-7.216636449098587,121,132,-11
2024-12-30-CLE-GSW,2024-12-30,CLE,GSW,3.5,-3.5,-3.4960720450617373,95,113,-18
2024-12-30-PHI-POR,2024-12-30,PHI,POR,7.0,-7.0,-7.265548527240753,103,125,-22
2024-12-30-DAL-SAC,2024-12-30,DAL,SAC,-8.5,8.5,8.49354658368975,110,100,10
2024-12-31-TOR-BOS,2024-12-31,TOR,BOS,-17.0,17.0,18.790936589241028,125,71,54
2024-12-31-MIL-IND,2024-12-31,MIL,IND,2.0,-2.0,-2.282132565975189,112,120,-8
2024-12-31-LAC-SAS,2024-12-31,LAC,SAS,-3.5,3.5,3.686612546443939,122,86,36
2024-12-31-MIN-OKC,2024-12-31,MIN,OKC,-6.5,6.5,7.168247759342194,113,105,8
2024-12-31-MEM-PHX,2024-12-31,MEM,PHX,-5.5,5.5,5.413141772150993,112,117,-5
2024-12-31-CLE-LAL,2024-12-31,CLE,LAL,4.5,-4.5,-4.05397030711174,110,122,-12
2025-01-01-ORL-DET,2025-01-01,ORL,DET,-2.0,2.0,2.0148911736905575,105,96,9
2025-01-01-CHI-WAS,2025-01-01,CHI,WAS,6.5,-6.5,-6.103043794631958,125,107,18
2025-01-01-NOP-MIA,2025-01-01,NOP,MIA,-9.0,9.0,9.044809356331825,119,108,11
2025-01-01-UTA-NYK,2025-01-01,UTA,NYK,-12.0,12.0,12.860909402370453,119,103,16
2025-01-01-BKN-TOR,2025-01-01,BKN,TOR,-1.0,1.0,0.9734742753207684,130,113,17
2025-01-01-DAL-HOU,2025-01-01,DAL,HOU,-4.5,4.5,4.455876313149929,110,99,11
2025-01-01-ATL-DEN,2025-01-01,ATL,DEN,-8.0,8.0,7.730443149805069,139,120,19
2025-01-01-PHI-SAC,2025-01-01,PHI,SAC,-6.0,6.0,5.878270298242569,113,107,6
2025-01-02-IND-MIA,2025-01-02,IND,MIA,-2.0,2.0,1.9775966182351112,115,128,-13
2025-01-02-BOS-MIN,2025-01-02,BOS,MIN,3.0,-3.0,-2.5807842910289764,115,118,-3
2025-01-02-BKN-MIL,2025-01-02,BKN,MIL,-12.5,12.5,12.486508127301931,110,113,-3
2025-01-02-LAC-OKC,2025-01-02,LAC,OKC,-12.0,12.0,12.849462747573853,116,98,18
2025-01-02-PHI-GSW,2025-01-02,PHI,GSW,-4.0,4.0,3.8335880041122437,139,105,34
2025-01-02-POR-LAL,2025-01-02,POR,LAL,-6.5,6.5,6.529425265267491,114,106,8
2025-01-03-CHA-DET,2025-01-03,CHA,DET,-7.5,7.5,7.220775723457336,98,94,4
2025-01-03-ORL-TOR,2025-01-03,ORL,TOR,2.0,-2.0,-1.9985302351415157,97,106,-9
2025-01-03-BOS-HOU,2025-01-03,BOS,HOU,3.5,-3.5,-2.2618602514266968,86,109,-23
2025-01-03-WAS-NOP,2025-01-03,WAS,NOP,-7.5,7.5,7.7578606605529785,132,120,12
2025-01-03-NYK-OKC,2025-01-03,NYK,OKC,-3.5,3.5,4.468087613582611,117,107,10
2025-01-03-CLE-DAL,2025-01-03,CLE,DAL,9.5,-9.5,-8.880163133144379,122,134,-12
2025-01-03-SAS-DEN,2025-01-03,SAS,DEN,-6.0,6.0,5.77584782242775,110,113,-3
2025-01-03-MEM-SAC,2025-01-03,MEM,SAC,-3.5,3.5,3.7408099472522736,138,133,5
2025-01-03-ATL-LAL,2025-01-03,ATL,LAL,-3.0,3.0,2.9850188177078962,119,102,17
2025-01-04-PHI-BKN,2025-01-04,PHI,BKN,9.0,-9.0,-8.871932566165924,94,123,-29
2025-01-04-MIN-DET,2025-01-04,MIN,DET,6.5,-6.5,-6.282477855682373,119,105,14
2025-01-04-PHX-IND,2025-01-04,PHX,IND,-3.0,3.0,3.1274642646312714,126,108,18
2025-01-04-UTA-MIA,2025-01-04,UTA,MIA,-8.5,8.5,8.75752067565918,100,136,-36
2025-01-04-NYK-CHI,2025-01-04,NYK,CHI,6.0,-6.0,-5.628498286008835,139,126,13
2025-01-04-POR-MIL,2025-01-04,POR,MIL,-12.5,12.5,12.45961095392704,102,105,-3
2025-01-04-DEN-SAS,2025-01-04,DEN,SAS,3.0,-3.0,-1.9215353727340698,111,122,-11
2025-01-04-MEM-GSW,2025-01-04,MEM,GSW,-3.0,3.0,3.1299920827150345,121,113,8
2025-01-04-ATL-LAC,2025-01-04,ATL,LAC,-7.0,7.0,6.980792939662933,131,105,26
2025-01-05-BOS-OKC,2025-01-05,BOS,OKC,-1.0,1.0,1.8462138175964355,105,92,13
2025-01-05-CHA-CLE,2025-01-05,CHA,CLE,-16.0,16.0,17.47529971599579,115,105,10
2025-01-05-NOP-WAS,2025-01-05,NOP,WAS,6.0,-6.0,-5.926203690469265,98,110,-12
2025-01-05-UTA-ORL,2025-01-05,UTA,ORL,-9.5,9.5,9.641478836536407,92,105,-13
2025-01-05-LAL-HOU,2025-01-05,LAL,HOU,-4.5,4.5,4.4874401781708,119,115,4
2025-01-05-SAC-GSW,2025-01-05,SAC,GSW,-3.0,3.0,2.7486088573932648,99,129,-30
2025-01-06-POR-DET,2025-01-06,POR,DET,-6.0,6.0,5.978580180555582,118,115,3
2025-01-06-PHX-PHI,2025-01-06,PHX,PHI,1.5,-1.5,-1.5062098503112793,99,109,-10
2025-01-06-IND-BKN,2025-01-06,IND,BKN,11.0,-11.0,-10.549418300390244,99,113,-14
2025-01-06-ORL-NYK,2025-01-06,ORL,NYK,-10.5,10.5,10.321176990866661,94,103,-9
2025-01-06-MIL-TOR,2025-01-06,MIL,TOR,6.0,-6.0,-5.792150855064392,104,128,-24
2025-01-06-SAS-CHI,2025-01-06,SAS,CHI,3.0,-3.0,-2.7511665523052216,114,110,4
2025-01-06-DAL-MEM,2025-01-06,DAL,MEM,-4.5,4.5,4.638987898826599,119,104,15
2025-01-06-LAC-MIN,2025-01-06,LAC,MIN,-2.5,2.5,2.298526853322983,108,106,2
2025-01-06-MIA-SAC,2025-01-06,MIA,SAC,-4.0,4.0,4.032786559313536,123,118,5
2025-01-07-PHX-CHA,2025-01-07,PHX,CHA,5.0,-5.0,-4.799595683813095,115,104,11
2025-01-07-HOU-WAS,2025-01-07,HOU,WAS,13.5,-13.5,-13.043540626764297,112,135,-23
2025-01-07-LAL-DAL,2025-01-07,LAL,DAL,6.5,-6.5,-6.4245085418224335,118,97,21
2025-01-07-MIN-NOP,2025-01-07,MIN,NOP,4.0,-4.0,-3.419698417186737,97,104,-7
2025-01-07-ATL-UTA,2025-01-07,ATL,UTA,5.5,-5.5,-5.440303951501846,121,124,-3
2025-01-07-BOS-DEN,2025-01-07,BOS,DEN,10.5,-10.5,-10.419271275401115,106,118,-12
2025-01-07-MIA-GSW,2025-01-07,MIA,GSW,-9.0,9.0,8.71237501502037,98,114,-16
2025-01-08-OKC-CLE,2025-01-08,OKC,CLE,-3.0,3.0,3.5374855399131775,129,122,7
2025-01-08-CHI-IND,2025-01-08,CHI,IND,-5.0,5.0,5.394461274147034,129,113,16
2025-01-08-TOR-NYK,2025-01-08,TOR,NYK,-12.0,12.0,13.079127788543701,112,98,14
2025-01-08-WAS-PHI,2025-01-08,WAS,PHI,-10.5,10.5,10.649674624204636,109,103,6
2025-01-08-DET-BKN,2025-01-08,DET,BKN,9.5,-9.5,-9.025275766849518,98,113,-15
2025-01-08-POR-NOP,2025-01-08,POR,NOP,-2.0,2.0,2.2739556431770325,100,119,-19
2025-01-08-LAC-DEN,2025-01-08,LAC,DEN,3.5,-3.5,-2.855488121509552,126,103,23
2025-01-08-SAS-MIL,2025-01-08,SAS,MIL,-4.5,4.5,4.389994286000729,121,105,16
2025-01-09-TOR-CLE,2025-01-09,TOR,CLE,-13.5,13.5,14.99621331691742,132,126,6
2025-01-09-GSW-DET,2025-01-09,GSW,DET,2.5,-2.5,-2.1994813084602356,104,107,-3
2025-01-09-MIN-ORL,2025-01-09,MIN,ORL,5.5,-5.5,-5.308663874864578,89,104,-15
2025-01-09-HOU-MEM,2025-01-09,HOU,MEM,-3.0,3.0,3.4814339876174927,115,119,-4
2025-01-09-POR-DAL,2025-01-09,POR,DAL,-7.5,7.5,7.6255202293396,117,111,6
2025-01-09-ATL-PHX,2025-01-09,ATL,PHX,-6.0,6.0,5.937051668763161,123,115,8
2025-01-09-MIA-UTA,2025-01-09,MIA,UTA,5.5,-5.5,-5.3656033128499985,92,97,-5
2025-02-19-CHA-LAL,2025-02-19,CHA,LAL,-13.0,13.0,12.814542382955551,97,100,-3
2025-01-10-GSW-IND,2025-01-10,GSW,IND,-11.0,11.0,11.843196392059326,108,96,12
2025-01-10-MIL-ORL,2025-01-10,MIL,ORL,6.0,-6.0,-5.58695912361145,106,109,-3
2025-01-10-NOP-PHI,2025-01-10,NOP,PHI,-7.0,7.0,6.908296249806881,115,123,-8
2025-01-10-SAC-BOS,2025-01-10,SAC,BOS,-12.0,12.0,12.43121150135994,97,114,-17
2025-01-10-OKC-NYK,2025-01-10,OKC,NYK,2.5,-2.5,-2.508035661652684,101,126,-25
2025-01-10-WAS-CHI,2025-01-10,WAS,CHI,-10.0,10.0,10.119990542531013,138,105,33
2025-01-10-BKN-DEN,2025-01-10,BKN,DEN,-15.0,15.0,16.008848190307617,124,105,19
2025-01-28-HOU-ATL,2025-01-28,HOU,ATL,5.0,-5.0,-4.436574757099152,96,100,-4
2025-01-11-UTA-PHX,2025-01-11,UTA,PHX,-10.5,10.5,10.70407110452652,114,106,8
2025-01-11-TOR-DET,2025-01-11,TOR,DET,-5.0,5.0,5.179473876953125,123,114,9
2025-01-11-MEM-MIN,2025-01-11,MEM,MIN,-2.5,2.5,2.4701706990599632,125,127,-2
2025-01-11-MIA-POR,2025-01-11,MIA,POR,4.5,-4.5,-4.638892829418182,98,119,-21
2025-03-17-SAS-LAL,2025-03-17,SAS,LAL,-9.0,9.0,9.42078959941864,125,109,16
2025-03-16-CHA-LAC,2025-03-16,CHA,LAC,-13.5,13.5,14.059892654418945,123,88,35
2025-01-12-MIL-NYK,2025-01-12,MIL,NYK,-5.0,5.0,5.2453950345516205,140,106,34
2025-01-12-DEN-DAL,2025-01-12,DEN,DAL,5.5,-5.5,-5.229960173368454,101,112,-11
2025-01-12-SAC-CHI,2025-01-12,SAC,CHI,5.0,-5.0,-4.866179421544075,119,124,-5
2025-01-12-NOP-BOS,2025-01-12,NOP,BOS,-14.5,14.5,15.341145157814026,120,119,1
2025-01-12-IND-CLE,2025-01-12,IND,CLE,-9.0,9.0,8.843343913555145,93,108,-15
2025-01-12-PHI-ORL,2025-01-12,PHI,ORL,-2.0,2.0,2.028941670432687,104,99,5
2025-01-12-OKC-WAS,2025-01-12,OKC,WAS,15.5,-15.5,-15.039596617221832,95,136,-41
2025-01-12-BKN-UTA,2025-01-12,BKN,UTA,-3.5,3.5,3.3104988634586334,112,111,1
2025-01-12-CHA-PHX,2025-01-12,CHA,PHX,-7.0,7.0,6.836418807506561,120,113,7
2025-01-13-MIN-WAS,2025-01-13,MIN,WAS,14.5,-14.5,-14.426291011273861,106,120,-14
2025-01-13-DET-NYK,2025-01-13,DET,NYK,-8.5,8.5,8.618721164762974,119,124,-5
2025-01-13-GSW-TOR,2025-01-13,GSW,TOR,5.5,-5.5,-5.146079242229462,104,101,3
2025-01-13-MEM-HOU,2025-01-13,MEM,HOU,-2.5,2.5,3.669120669364929,120,118,2
2025-01-13-SAS-LAL,2025-01-13,SAS,LAL,-4.5,4.5,4.249927341938019,102,126,-24
2025-01-13-MIA-LAC,2025-01-13,MIA,LAC,-8.5,8.5,8.697659894824028,109,98,11
2025-01-14-CLE-IND,2025-01-14,CLE,IND,8.0,-8.0,-7.761280983686447,117,127,-10
2025-01-14-OKC-PHI,2025-01-14,OKC,PHI,16.0,-16.0,-15.964249078184366,102,118,-16
2025-01-14-PHX-ATL,2025-01-14,PHX,ATL,2.5,-2.5,-2.507271663285792,122,117,5
2025-01-14-NOP-CHI,2025-01-14,NOP,CHI,-1.5,1.5,1.4194849729537964,113,119,-6
2025-01-14-SAC-MIL,2025-01-14,SAC,MIL,-2.0,2.0,1.9331368654966354,130,115,15
2025-01-14-DEN-DAL,2025-01-14,DEN,DAL,2.5,-2.5,-2.0370034277439117,99,118,-19
2025-01-14-BKN-POR,2025-01-14,BKN,POR,-3.5,3.5,3.2238045632839203,114,132,-18
2025-01-15-NYK-PHI,2025-01-15,NYK,PHI,5.5,-5.5,-5.382520847022533,119,125,-6
2025-01-15-BOS-TOR,2025-01-15,BOS,TOR,14.0,-14.0,-13.693690568208694,110,97,13
2025-01-15-ATL-CHI,2025-01-15,ATL,CHI,-6.0,6.0,5.809155911207199,94,110,-16
2025-01-15-ORL-MIL,2025-01-15,ORL,MIL,-6.5,6.5,6.251374468207359,122,93,29
2025-01-15-GSW-MIN,2025-01-15,GSW,MIN,-7.0,7.0,7.227032497525215,115,116,-1
2025-01-15-DAL-NOP,2025-01-15,DAL,NOP,-1.0,1.0,0.9132605344057083,119,116,3
2025-01-15-MEM-SAS,2025-01-15,MEM,SAS,2.5,-2.5,-2.3063506335020065,115,129,-14
2025-01-15-HOU-DEN,2025-01-15,HOU,DEN,5.5,-5.5,-5.412590399384499,108,128,-20
2025-01-15-CHA-UTA,2025-01-15,CHA,UTA,6.0,-6.0,-6.183497607707977,112,117,-5
2025-01-15-MIA-LAL,2025-01-15,MIA,LAL,-4.5,4.5,4.048026353120804,117,108,9
2025-01-15-BKN-LAC,2025-01-15,BKN,LAC,-15.5,15.5,15.633724242448807,126,67,59
2025-01-16-IND-DET,2025-01-16,IND,DET,1.5,-1.5,-1.2315957844257355,100,111,-11
2025-01-16-PHX-WAS,2025-01-16,PHX,WAS,11.5,-11.5,-11.504819944966584,123,130,-7
2025-01-16-CLE-OKC,2025-01-16,CLE,OKC,-2.5,2.5,3.3930448293685913,134,114,20
2025-01-16-LAC-POR,2025-01-16,LAC,POR,7.0,-7.0,-7.130539104342461,89,118,-29
2025-01-16-HOU-SAC,2025-01-16,HOU,SAC,-5.0,5.0,5.186319410800934,132,127,5
2025-01-17-ORL-BOS,2025-01-17,ORL,BOS,-15.0,15.0,15.453682720661163,121,94,27
2025-01-17-MIN-NYK,2025-01-17,MIN,NYK,-3.0,3.0,3.140480473637581,99,116,-17
2025-01-17-DEN-MIA,2025-01-17,DEN,MIA,3.5,-3.5,-3.4678350053727627,113,133,-20
2025-01-17-TOR-MIL,2025-01-17,TOR,MIL,-11.0,11.0,11.665334403514862,130,112,18
2025-01-17-UTA-NOP,2025-01-17,UTA,NOP,-12.0,12.0,12.819203734397888,136,123,13
2025-01-17-MEM-SAS,2025-01-17,MEM,SAS,-2.0,2.0,2.422227770090103,112,140,-28
2025-01-17-OKC-DAL,2025-01-17,OKC,DAL,2.5,-2.5,-2.154688239097595,106,98,8
2025-01-17-CHA-CHI,2025-01-17,CHA,CHI,-4.5,4.5,4.265248388051987,123,125,-2
2025-01-17-BKN-LAL,2025-01-17,BKN,LAL,-9.5,9.5,9.370932653546333,102,101,1
2025-01-18-PHX-DET,2025-01-18,PHX,DET,1.0,-1.0,-1.1445050239562988,121,125,-4
2025-01-18-ATL-BOS,2025-01-18,ATL,BOS,-9.5,9.5,9.923391431570053,115,119,-4
2025-01-18-PHI-IND,2025-01-18,PHI,IND,-10.5,10.5,10.565791107714176,115,102,13
2025-01-18-WAS-GSW,2025-01-18,WAS,GSW,-13.5,13.5,13.403379186987877,122,114,8
2025-01-18-CLE-MIN,2025-01-18,CLE,MIN,5.0,-5.0,-4.465624094009399,117,124,-7
2025-01-18-HOU-POR,2025-01-18,HOU,POR,10.5,-10.5,-9.954402327537537,103,125,-22
2025-01-19-SAS-MIA,2025-01-19,SAS,MIA,-3.5,3.5,3.276849940419197,128,107,21
2025-01-19-DEN-ORL,2025-01-19,DEN,ORL,7.0,-7.0,-6.956590346992016,100,113,-13
2025-01-19-PHI-MIL,2025-01-19,PHI,MIL,-12.5,12.5,12.474490392953157,123,109,14
2025-01-19-BKN-OKC,2025-01-19,BKN,OKC,-16.5,16.5,16.88470149040222,127,101,26
2025-01-19-LAL-LAC,2025-01-19,LAL,LAC,-4.5,4.5,4.9967922270298,116,102,14
2025-01-19-CHI-POR,2025-01-19,CHI,POR,4.5,-4.5,-4.160789489746094,113,102,11
2025-01-19-WAS-SAC,2025-01-19,WAS,SAC,-17.5,17.5,18.795095920562744,123,100,23
2025-01-20-DAL-CHA,2025-01-20,DAL,CHA,4.0,-4.0,-3.950548753142357,110,105,5
2025-01-20-DET-HOU,2025-01-20,DET,HOU,-8.0,8.0,8.126742362976074,96,107,-11
2025-01-20-MIN-MEM,2025-01-20,MIN,MEM,-5.0,5.0,5.109036594629288,108,106,2
2025-01-20-ATL-NYK,2025-01-20,ATL,NYK,-7.5,7.5,7.472982348874211,119,110,9
2025-01-20-PHX-CLE,2025-01-20,PHX,CLE,-8.0,8.0,8.009529791772366,118,92,26
2025-01-20-BOS-GSW,2025-01-20,BOS,GSW,9.0,-9.0,-8.957961961627007,85,125,-40
2025-01-20-UTA-NOP,2025-01-20,UTA,NOP,-11.0,11.0,11.391415625810623,123,119,4
2025-01-21-NYK-BKN,2025-01-21,NYK,BKN,11.5,-11.5,-11.097944587469101,95,99,-4
2025-01-21-POR-MIA,2025-01-21,POR,MIA,-9.0,9.0,9.289245963096619,107,116,-9
2025-01-21-ORL-TOR,2025-01-21,ORL,TOR,1.0,-1.0,-1.0855505466461182,109,93,16
2025-01-21-PHI-DEN,2025-01-21,PHI,DEN,-12.0,12.0,11.787929967045784,144,109,35
2025-01-21-WAS-LAL,2025-01-21,WAS,LAL,-13.5,13.5,13.675781339406967,111,88,23
2025-01-20-CHI-LAC,2025-01-20,CHI,LAC,-6.5,6.5,6.653722509741783,99,112,-13
2025-01-22-DET-ATL,2025-01-22,DET,ATL,-4.0,4.0,4.197248309850693,104,114,-10
2025-01-22-PHX-BKN,2025-01-22,PHX,BKN,13.0,-13.0,-12.75576300919056,84,108,-24
2025-01-22-MIN-DAL,2025-01-22,MIN,DAL,3.5,-3.5,-3.412665791809559,114,115,-1
2025-01-22-CLE-HOU,2025-01-22,CLE,HOU,1.0,-1.0,-0.706687718629837,109,108,1
2025-01-22-CHA-MEM,2025-01-22,CHA,MEM,-11.5,11.5,11.33586323261261,132,120,12
2025-04-06-MIL-NOP,2025-04-06,MIL,NOP,6.5,-6.5,-6.297301471233368,107,111,-4
2025-01-22-UTA-OKC,2025-01-22,UTA,OKC,-16.0,16.0,16.130634874105453,123,114,9
2025-01-22-GSW-SAC,2025-01-22,GSW,SAC,-7.5,7.5,8.403948724269867,123,117,6
2025-01-22-BOS-LAC,2025-01-22,BOS,LAC,12.0,-12.0,-11.527712404727936,113,117,-4
2025-01-23-POR-ORL,2025-01-23,POR,ORL,-7.0,7.0,7.464565336704254,79,101,-22
2025-01-23-TOR-ATL,2025-01-23,TOR,ATL,-5.0,5.0,5.034282475709915,119,122,-3
2025-01-23-MIA-MIL,2025-01-23,MIA,MIL,-6.0,6.0,6.169484004378319,125,96,29
2025-01-23-DAL-OKC,2025-01-23,DAL,OKC,-11.5,11.5,11.352137327194214,115,121,-6
2025-01-23-SAC-DEN,2025-01-23,SAC,DEN,-7.5,7.5,7.482235198840499,132,123,9
2025-03-19-WAS-UTA,2025-03-19,WAS,UTA,-2.5,2.5,2.802031397819519,128,112,16
2025-01-23-CHI-GSW,2025-01-23,CHI,GSW,-4.0,4.0,4.532448768615723,131,106,25
2025-01-23-BOS-LAL,2025-01-23,BOS,LAL,6.5,-6.5,-6.462002098560333,117,96,21
2025-01-24-POR-CHA,2025-01-24,POR,CHA,1.5,-1.5,-1.2553720623254776,97,102,-5
2025-01-24-CLE-PHI,2025-01-24,CLE,PHI,9.0,-9.0,-8.955112807452679,132,129,3
2025-01-24-NOP-MEM,2025-01-24,NOP,MEM,-9.5,9.5,9.659173339605331,139,126,13
2025-01-25-DEN-MIN,2025-01-25,DEN,MIN,3.5,-3.5,-3.554904527962208,133,104,29
2025-01-25-BOS-DAL,2025-01-25,BOS,DAL,9.0,-9.0,-8.683736652135849,107,122,-15
2025-01-25-MIA-BKN,2025-01-25,MIA,BKN,7.0,-7.0,-6.542131125926971,97,106,-9
2025-01-25-NOP-CHA,2025-01-25,NOP,CHA,1.5,-1.5,-1.2764922529459,123,92,31
2025-01-25-DET-ORL,2025-01-25,DET,ORL,-3.5,3.5,3.5616768449544907,121,113,8
2025-01-25-TOR-ATL,2025-01-25,TOR,ATL,-5.5,5.5,5.596299402415752,94,117,-23
2025-01-25-HOU-CLE,2025-01-25,HOU,CLE,-4.5,4.5,4.780689209699631,131,135,-4
2025-01-25-SAC-NYK,2025-01-25,SAC,NYK,-5.0,5.0,5.026258943602443,143,120,23
2025-01-25-PHI-CHI,2025-01-25,PHI,CHI,-3.5,3.5,3.506437975447625,97,109,-12
2025-01-25-UTA-MEM,2025-01-25,UTA,MEM,-11.0,11.0,11.021495006978512,125,103,22
2025-01-25-LAL-GSW,2025-01-25,LAL,GSW,1.0,-1.0,-0.4382357597351074,108,118,-10
2025-01-25-WAS-PHX,2025-01-25,WAS,PHX,-14.0,14.0,14.09745516628027,119,109,10
2025-01-25-MIL-LAC,2025-01-25,MIL,LAC,-3.5,3.5,4.409617185592651,127,117,10
2025-01-26-OKC-POR,2025-01-26,OKC,POR,14.0,-14.0,-13.606400668621063,108,118,-10
2025-01-27-LAL-CHA,2025-01-27,LAL,CHA,5.0,-5.0,-4.788490653038025,107,112,-5
2025-01-27-DET-CLE,2025-01-27,DET,CLE,-11.0,11.0,10.845322489738464,110,91,19
2025-01-27-HOU-BOS,2025-01-27,HOU,BOS,-5.5,5.5,5.9417716562747955,112,114,-2
2025-01-27-SAC-BKN,2025-01-27,SAC,BKN,12.0,-12.0,-11.505328357219696,96,110,-14
2025-01-27-ORL-MIA,2025-01-27,ORL,MIA,1.0,-1.0,-1.5107266306877136,125,119,6
2025-01-27-MEM-NYK,2025-01-27,MEM,NYK,-3.5,3.5,3.5757684484124184,143,106,37
2025-01-27-NOP-TOR,2025-01-27,NOP,TOR,-1.0,1.0,1.0897564068436623,113,104,9
2025-01-27-DEN-CHI,2025-01-27,DEN,CHI,9.5,-9.5,-9.562789879739285,129,121,8
2025-01-27-ATL-MIN,2025-01-27,ATL,MIN,-10.5,10.5,10.1837357878685,100,92,8
2025-01-27-WAS-DAL,2025-01-27,WAS,DAL,-13.0,13.0,12.97853279300034,130,108,22
2025-01-27-MIL-UTA,2025-01-27,MIL,UTA,8.5,-8.5,-8.322164297103882,110,125,-15
2025-01-27-LAC-PHX,2025-01-27,LAC,PHX,1.0,-1.0,-1.285791665315628,111,109,2
2025-01-28-LAL-PHI,2025-01-28,LAL,PHI,4.5,-4.5,-4.640362799167633,118,104,14
2025-01-28-UTA-GSW,2025-01-28,UTA,GSW,-10.5,10.5,10.820254415273666,114,103,11
2025-01-28-MIL-POR,2025-01-28,MIL,POR,5.5,-5.5,-5.2151974737644196,125,112,13
2025-01-29-BKN-CHA,2025-01-29,BKN,CHA,-1.5,1.5,1.3215503543615341,83,104,-21
2025-01-29-DET-IND,2025-01-29,DET,IND,-5.5,5.5,6.207345068454742,133,119,14
2025-01-29-TOR-WAS,2025-01-29,TOR,WAS,5.5,-5.5,-5.58550089597702,82,106,-24
2025-01-29-CHI-BOS,2025-01-29,CHI,BOS,-14.5,14.5,15.97741448879242,122,100,22
2025-01-29-CLE-MIA,2025-01-29,CLE,MIA,6.0,-6.0,-6.058550208806992,106,126,-20
2025-01-29-DEN-NYK,2025-01-29,DEN,NYK,-3.0,3.0,3.1017418429255486,122,112,10
2025-01-29-SAC-PHI,2025-01-29,SAC,PHI,8.0,-8.0,-7.887247763574123,117,104,13
2025-01-29-DAL-NOP,2025-01-29,DAL,NOP,1.0,-1.0,-0.9988139341585338,136,137,-1
2025-01-29-LAC-SAS,2025-01-29,LAC,SAS,4.0,-4.0,-4.308904439210892,116,128,-12
2025-01-29-MIN-PHX,2025-01-29,MIN,PHX,-1.0,1.0,0.8000155836343765,113,121,-8
2025-01-29-OKC-GSW,2025-01-29,OKC,GSW,9.0,-9.0,-8.402752041816711,116,109,7
2025-01-30-LAL-WAS,2025-01-30,LAL,WAS,8.5,-8.5,-8.671375274658203,96,134,-38
2025-01-30-ATL-CLE,2025-01-30,ATL,CLE,-11.5,11.5,11.59352296590805,137,115,22
2025-01-30-HOU-MEM,2025-01-30,HOU,MEM,-4.0,4.0,4.088768877089024,120,119,1
2025-01-30-MIN-UTA,2025-01-30,MIN,UTA,5.5,-5.5,-5.487609028816223,113,138,-25
2025-01-30-ORL-POR,2025-01-30,ORL,POR,5.0,-5.0,-5.078917168080807,119,90,29
2025-01-31-LAC-CHA,2025-01-31,LAC,CHA,13.5,-13.5,-13.36845250427723,104,112,-8
2025-01-31-DAL-DET,2025-01-31,DAL,DET,1.0,-1.0,-0.945283554494381,117,102,15
2025-01-31-DEN-PHI,2025-01-31,DEN,PHI,9.5,-9.5,-9.389113962650299,134,137,-3
2025-01-31-CHI-TOR,2025-01-31,CHI,TOR,-4.5,4.5,4.646680235862732,106,122,-16
2025-01-31-BOS-NOP,2025-01-31,BOS,NOP,12.0,-12.0,-11.803714022040367,116,118,-2
2025-01-31-MIL-SAS,2025-01-31,MIL,SAS,2.5,-2.5,-2.408020183444023,144,118,26
2025-01-31-PHX-GSW,2025-01-31,PHX,GSW,3.0,-3.0,-2.5319677591323853,105,130,-25
2025-02-01-ATL-IND,2025-02-01,ATL,IND,-9.5,9.5,9.621507942676544,132,127,5
2025-02-01-ORL-UTA,2025-02-01,ORL,UTA,4.0,-4.0,-4.231616422533989,113,99,14
2025-02-01-DEN-CHA,2025-02-01,DEN,CHA,12.5,-12.5,-12.255460858345032,104,107,-3
2025-02-01-BKN-HOU,2025-02-01,BKN,HOU,-13.0,13.0,12.901240512728691,98,110,-12
2025-02-01-WAS-MIN,2025-02-01,WAS,MIN,-12.0,12.0,11.88789339363575,103,105,-2
2025-02-01-SAC-OKC,2025-02-01,SAC,OKC,-7.0,7.0,7.249145179986954,144,110,34
2025-02-01-LAL-NYK,2025-02-01,LAL,NYK,-11.0,11.0,10.778159365057945,112,128,-16
2025-02-01-MIA-SAS,2025-02-01,MIA,SAS,3.0,-3.0,-2.8724875450134277,103,105,-2
2025-02-01-PHX-POR,2025-02-01,PHX,POR,4.5,-4.5,-4.4732917081564665,127,108,19
2025-02-02-CHI-DET,2025-02-02,CHI,DET,-6.0,6.0,6.22566819190979,127,119,8
2025-02-02-DAL-CLE,2025-02-02,DAL,CLE,-15.5,15.5,15.859154254198074,144,101,43
2025-02-02-LAC-TOR,2025-02-02,LAC,TOR,5.0,-5.0,-4.769830137491226,115,108,7
2025-02-02-BOS-PHI,2025-02-02,BOS,PHI,12.5,-12.5,-12.545431721955538,110,118,-8
2025-02-02-MEM-MIL,2025-02-02,MEM,MIL,-4.0,4.0,4.128999620676041,119,132,-13
2025-02-03-WAS-CHA,2025-02-03,WAS,CHA,-4.5,4.5,4.368032604455948,114,124,-10
2025-02-03-ATL-DET,2025-02-03,ATL,DET,-4.5,4.5,4.27780219912529,130,132,-2
2025-02-03-HOU-NYK,2025-02-03,HOU,NYK,-7.0,7.0,7.09700683504343,124,118,6
2025-02-03-SAS-MEM,2025-02-03,SAS,MEM,-3.5,3.5,3.6377350091934204,128,109,19
2025-02-03-SAC-MIN,2025-02-03,SAC,MIN,-5.0,5.0,5.263707458972931,114,116,-2
2025-02-03-MIL-OKC,2025-02-03,MIL,OKC,-17.5,17.5,17.789841890335083,125,96,29
2025-02-03-NOP-DEN,2025-02-03,NOP,DEN,-9.0,9.0,8.984842782840133,125,113,12
2025-02-03-IND-UTA,2025-02-03,IND,UTA,6.5,-6.5,-6.067151457071304,111,112,-1
2025-02-03-ORL-GSW,2025-02-03,ORL,GSW,-3.5,3.5,3.7267782390117645,104,99,5
2025-02-03-PHX-POR,2025-02-03,PHX,POR,5.0,-5.0,-4.933602683246136,121,119,2
2025-02-04-BOS-CLE,2025-02-04,BOS,CLE,-1.5,1.5,1.2850593030452728,105,112,-7
2025-02-04-HOU-BKN,2025-02-04,HOU,BKN,9.0,-9.0,-8.801208451390266,99,97,2
2025-02-04-DAL-PHI,2025-02-04,DAL,PHI,-4.0,4.0,4.133589714765549,118,116,2
2025-02-04-NYK-TOR,2025-02-04,NYK,TOR,5.5,-5.5,-4.19464898109436,115,121,-6
2025-02-04-MIA-CHI,2025-02-04,MIA,CHI,4.0,-4.0,-4.021837759763002,133,124,9
2025-02-04-LAL-LAC,2025-02-04,LAL,LAC,-8.5,8.5,8.121720045804977,97,122,-25
2025-02-04-IND-POR,2025-02-04,IND,POR,5.5,-5.5,-5.419849909842014,112,89,23
2025-02-05-MIL-CHA,2025-02-05,MIL,CHA,10.5,-10.5,-10.353400886058807,102,112,-10
2025-02-05-CLE-DET,2025-02-05,CLE,DET,3.5,-3.5,-2.7964789867401123,115,118,-3
2025-02-05-SAS-ATL,2025-02-05,SAS,ATL,4.5,-4.5,-4.08222359418869,125,126,-1
2025-02-05-WAS-BKN,2025-02-05,WAS,BKN,-5.5,5.5,5.281789168715477,102,119,-17
2025-02-05-MIA-PHI,2025-02-05,MIA,PHI,-2.0,2.0,2.4813985228538513,101,108,-7
2025-02-05-MEM-TOR,2025-02-05,MEM,TOR,10.5,-10.5,-9.29602599143982,107,138,-31
2025-02-05-CHI-MIN,2025-02-05,CHI,MIN,-11.5,11.5,11.78671658039093,127,108,19
2025-02-05-PHX-OKC,2025-02-05,PHX,OKC,-13.0,13.0,12.972386557608843,140,109,31
2025-02-05-GSW-UTA,2025-02-05,GSW,UTA,6.5,-6.5,-6.276112332940102,131,128,3
2025-02-05-NOP-DEN,2025-02-05,NOP,DEN,-11.0,11.0,10.772113144397736,144,119,25
2025-02-05-ORL-SAC,2025-02-05,ORL,SAC,-4.0,4.0,3.9583812169730663,111,130,-19
2025-02-06-DAL-BOS,2025-02-06,DAL,BOS,-12.5,12.5,12.98599824309349,120,127,-7
2025-02-06-HOU-MIN,2025-02-06,HOU,MIN,-1.0,1.0,1.1077174469828606,127,114,13
2025-02-06-ORL-DEN,2025-02-06,ORL,DEN,-5.5,5.5,5.021450877189636,112,90,22
2025-02-06-GSW-LAL,2025-02-06,GSW,LAL,-5.0,5.0,5.202149003744125,120,112,8
2025-02-06-SAC-POR,2025-02-06,SAC,POR,1.5,-1.5,-1.4216757118701935,108,102,6
2025-02-06-IND-LAC,2025-02-06,IND,LAC,-5.5,5.5,5.539158649742603,112,119,-7
2025-02-07-SAS-CHA,2025-02-07,SAS,CHA,10.0,-10.0,-9.766434744000435,117,116,1
2025-02-07-CLE-WAS,2025-02-07,CLE,WAS,17.5,-17.5,-17.224367946386337,124,134,-10
2025-02-07-MIL-ATL,2025-02-07,MIL,ATL,2.5,-2.5,-2.1344120502471924,115,110,5
2025-02-07-MIA-BKN,2025-02-07,MIA,BKN,5.0,-5.0,-4.841042324900627,102,86,16
2025-02-07-PHI-DET,2025-02-07,PHI,DET,5.5,-5.5,-5.406431369483471,125,112,13
2025-02-07-TOR-OKC,2025-02-07,TOR,OKC,-19.0,19.0,18.928514271974564,121,109,12
2025-02-07-UTA-PHX,2025-02-07,UTA,PHX,-7.5,7.5,7.30632957816124,135,127,8
2025-02-08-HOU-DAL,2025-02-08,HOU,DAL,-3.0,3.0,2.968881033360958,116,105,11
2025-02-08-IND-LAL,2025-02-08,IND,LAL,4.5,-4.5,-4.288279801607132,124,117,7
2025-02-08-SAS-ORL,2025-02-08,SAS,ORL,-3.0,3.0,3.2492543309926987,112,111,1
2025-02-08-ATL-WAS,2025-02-08,ATL,WAS,7.0,-7.0,-7.160010144114494,111,125,-14
2025-02-08-GSW-CHI,2025-02-08,GSW,CHI,6.5,-6.5,-6.343502968549728,111,132,-21
2025-02-08-OKC-MEM,2025-02-08,OKC,MEM,1.5,-1.5,-1.36202672123909,112,125,-13
2025-02-08-POR-MIN,2025-02-08,POR,MIN,-4.0,4.0,3.615762770175934,114,98,16
2025-02-08-BOS-NYK,2025-02-08,BOS,NYK,3.0,-3.0,-3.145523637533188,104,131,-27
2025-02-08-DEN-PHX,2025-02-08,DEN,PHX,6.5,-6.5,-6.5030238560866565,105,122,-17
2025-02-08-NOP-SAC,2025-02-08,NOP,SAC,-8.0,8.0,7.850265800952911,123,118,5
2025-02-08-UTA-LAC,2025-02-08,UTA,LAC,-18.0,18.0,18.227517053484917,130,110,20
2025-02-09-CHA-DET,2025-02-09,CHA,DET,-12.0,12.0,12.132570952177048,112,102,10
2025-02-09-TOR-HOU,2025-02-09,TOR,HOU,-8.0,8.0,7.925453878939152,94,87,7
2025-02-09-PHI-MIL,2025-02-09,PHI,MIL,3.5,-3.5,-3.404278799891472,135,127,8
2025-02-10-MIN-CLE,2025-02-10,MIN,CLE,-7.5,7.5,7.224825888872147,128,107,21
2025-02-10-ATL-ORL,2025-02-10,ATL,ORL,-6.5,6.5,6.4103202149271965,106,112,-6
2025-02-10-SAS-WAS,2025-02-10,SAS,WAS,11.5,-11.5,-11.315462306141853,121,131,-10
2025-02-10-CHA-BKN,2025-02-10,CHA,BKN,-5.0,5.0,4.9147666320204735,97,89,8
2025-02-10-BOS-MIA,2025-02-10,BOS,MIA,8.5,-8.5,-8.26956631243229,85,103,-18
2025-02-10-GSW-MIL,2025-02-10,GSW,MIL,7.5,-7.5,-7.561190120875835,111,125,-14
2025-02-10-NOP-OKC,2025-02-10,NOP,OKC,-17.5,17.5,17.725095719099045,137,101,36
2025-02-10-SAC-DAL,2025-02-10,SAC,DAL,1.5,-1.5,-1.5629293695092201,128,129,-1
2025-02-10-POR-DEN,2025-02-10,POR,DEN,-9.0,9.0,8.699806481599808,146,117,29
2025-02-11-TOR-PHI,2025-02-11,TOR,PHI,-11.0,11.0,10.793939977884293,103,106,-3
2025-02-11-NYK-IND,2025-02-11,NYK,IND,2.0,-2.0,-1.713886708021164,115,128,-13
2025-02-11-DET-CHI,2025-02-11,DET,CHI,5.0,-5.0,-4.403172850608826,92,132,-40
2025-02-11-MEM-PHX,2025-02-11,MEM,PHX,4.0,-4.0,-3.7678676396608353,112,119,-7
2025-02-10-UTA-LAL,2025-02-10,UTA,LAL,-12.0,12.0,11.986533721908927,132,113,19
2025-02-12-SAS-BOS,2025-02-12,SAS,BOS,-8.0,8.0,8.473286986351013,116,103,13
2025-02-12-CHA-ORL,2025-02-12,CHA,ORL,-13.0,13.0,12.788597017526627,102,86,16
2025-02-12-IND-WAS,2025-02-12,IND,WAS,10.0,-10.0,-9.987675491720438,130,134,-4
2025-02-12-PHI-BKN,2025-02-12,PHI,BKN,-2.0,2.0,2.351677715778351,100,96,4
2025-02-12-ATL-NYK,2025-02-12,ATL,NYK,-8.0,8.0,8.543435215950012,149,148,1
2025-02-12-CLE-TOR,2025-02-12,CLE,TOR,12.5,-12.5,-11.304823517799377,108,131,-23
2025-02-12-DET-CHI,2025-02-12,DET,CHI,6.0,-6.0,-5.4573556780815125,110,128,-18
2025-02-12-MIL-MIN,2025-02-12,MIL,MIN,-9.5,9.5,9.60450142621994,101,103,-2
2025-02-12-SAC-NOP,2025-02-12,SAC,NOP,6.0,-6.0,-6.000322082545608,111,119,-8
2025-02-12-MIA-OKC,2025-02-12,MIA,OKC,-14.0,14.0,14.59995985031128,115,101,14
2025-02-12-PHX-HOU,2025-02-12,PHX,HOU,-10.0,10.0,9.946741610765457,119,111,8
2025-02-12-POR-DEN,2025-02-12,POR,DEN,-8.0,8.0,7.625275015830994,132,121,11
2025-02-12-LAL-UTA,2025-02-12,LAL,UTA,9.0,-9.0,-8.937161773443222,131,119,12
2025-02-12-GSW-DAL,2025-02-12,GSW,DAL,8.0,-8.0,-8.025414153933525,111,107,4
2025-02-12-MEM-LAC,2025-02-12,MEM,LAC,-6.5,6.5,6.474117133766413,128,114,14
2025-02-13-GSW-HOU,2025-02-13,GSW,HOU,1.5,-1.5,-1.1579733788967133,98,105,-7
2025-02-13-SAC-NOP,2025-02-13,SAC,NOP,8.5,-8.5,-8.677184909582138,140,133,7
2025-02-13-MIA-DAL,2025-02-13,MIA,DAL,3.0,-3.0,-2.613102436065674,118,113,5
2025-02-13-OKC-MIN,2025-02-13,OKC,MIN,9.5,-9.5,-8.352097153663635,116,101,15
2025-02-20-MEM-IND,2025-02-20,MEM,IND,1.0,-1.0,-0.5039073526859283,127,113,14
2025-02-20-BOS-PHI,2025-02-20,BOS,PHI,6.5,-6.5,-6.399454094469547,104,124,-20
2025-02-20-ORL-ATL,2025-02-20,ORL,ATL,1.0,-1.0,-1.064676247537136,108,114,-6
2025-02-20-CLE-BKN,2025-02-20,CLE,BKN,12.5,-12.5,-11.583780288696289,97,110,-13
2025-02-20-CHI-NYK,2025-02-20,CHI,NYK,-10.0,10.0,10.264223545789719,113,111,2
2025-02-20-LAC-MIL,2025-02-20,LAC,MIL,2.0,-2.0,-2.068686582148075,116,110,6
2025-02-20-CHA-DEN,2025-02-20,CHA,DEN,-18.0,18.0,17.661503434181213,129,115,14
2025-02-20-PHX-SAS,2025-02-20,PHX,SAS,2.5,-2.5,-2.4017970114946365,120,109,11
2025-02-20-LAL-POR,2025-02-20,LAL,POR,2.0,-2.0,-1.9744556844234467,102,110,-8
2025-02-21-NYK-CLE,2025-02-21,NYK,CLE,-7.5,7.5,8.57853353023529,142,105,37
2025-02-21-MEM-ORL,2025-02-21,MEM,ORL,2.0,-2.0,-1.5912241041660309,104,105,-1
2025-02-21-MIL-WAS,2025-02-21,MIL,WAS,5.5,-5.5,-5.4373936504125595,101,104,-3
2025-02-21-MIA-TOR,2025-02-21,MIA,TOR,3.5,-3.5,-3.420700781047344,111,120,-9
2025-02-21-MIN-HOU,2025-02-21,MIN,HOU,-4.0,4.0,4.101954385638237,121,115,6
2025-02-21-DET-SAS,2025-02-21,DET,SAS,4.5,-4.5,-4.277868255972862,110,125,-15
2025-02-21-NOP-DAL,2025-02-21,NOP,DAL,-5.5,5.5,5.358749955892563,111,103,8
2025-02-21-OKC-UTA,2025-02-21,OKC,UTA,15.5,-15.5,-15.12321349978447,107,130,-23
2025-02-21-GSW-SAC,2025-02-21,GSW,SAC,2.0,-2.0,-1.8430928438901901,108,132,-24
2025-02-22-PHX-CHI,2025-02-22,PHX,CHI,5.0,-5.0,-4.507736563682556,117,121,-4
2025-02-22-BKN-PHI,2025-02-22,BKN,PHI,-11.0,11.0,10.825058713555336,103,105,-2
2025-02-22-LAL-DEN,2025-02-22,LAL,DEN,-6.5,6.5,7.049132466316223,100,123,-23
2025-02-22-HOU-UTA,2025-02-22,HOU,UTA,8.0,-8.0,-7.981242537498474,124,115,9
2025-02-22-CHA-POR,2025-02-22,CHA,POR,-6.0,6.0,5.908706821501255,141,88,53
2025-02-23-NYK-BOS,2025-02-23,NYK,BOS,-7.5,7.5,7.856104731559753,118,105,13
2025-02-23-DAL-GSW,2025-02-23,DAL,GSW,-9.5,9.5,9.578023433685303,126,102,24
2025-02-23-LAC-IND,2025-02-23,LAC,IND,-4.0,4.0,4.13728404045105,129,111,18
2025-02-23-DET-ATL,2025-02-23,DET,ATL,2.0,-2.0,-1.7447385787963867,143,148,-5
2025-02-23-WAS-ORL,2025-02-23,WAS,ORL,-13.5,13.5,14.492117047309875,110,90,20
2025-02-23-PHX-TOR,2025-02-23,PHX,TOR,3.0,-3.0,-2.808934837579727,127,109,18
2025-02-23-MIA-MIL,2025-02-23,MIA,MIL,-4.0,4.0,3.9255246818065643,120,113,7
2025-02-23-SAS-NOP,2025-02-23,SAS,NOP,-2.0,2.0,1.959143616259098,114,96,18
2025-02-23-MEM-CLE,2025-02-23,MEM,CLE,-5.5,5.5,5.232494801282883,129,123,6
2025-02-23-OKC-MIN,2025-02-23,OKC,MIN,9.0,-9.0,-8.602494686841965,123,130,-7
2025-02-24-LAC-DET,2025-02-24,LAC,DET,-3.0,3.0,2.9748010989278555,106,97,9
2025-02-24-DEN-IND,2025-02-24,DEN,IND,3.5,-3.5,-3.125853568315506,116,125,-9
2025-02-24-CHI-PHI,2025-02-24,CHI,PHI,-6.0,6.0,5.964027494192123,110,142,-32
2025-02-24-BKN-WAS,2025-02-24,BKN,WAS,2.5,-2.5,-2.67586749792099,107,99,8
2025-02-24-MIA-ATL,2025-02-24,MIA,ATL,-2.5,2.5,2.4588688164949417,98,86,12
2025-02-24-MIN-OKC,2025-02-24,MIN,OKC,-11.5,11.5,11.417973786592484,128,131,-3
2025-02-24-POR-UTA,2025-02-24,POR,UTA,7.5,-7.5,-7.725170895457268,112,114,-2
2025-02-24-CHA-SAC,2025-02-24,CHA,SAC,-11.0,11.0,10.918306440114975,130,88,42
2025-02-25-BOS-TOR,2025-02-25,BOS,TOR,10.0,-10.0,-9.579928696155548,101,111,-10
2025-02-25-CLE-ORL,2025-02-25,CLE,ORL,6.0,-6.0,-4.839637756347656,82,122,-40
2025-02-25-MIL-HOU,2025-02-25,MIL,HOU,-3.0,3.0,3.2032277286052704,100,97,3
2025-02-25-PHX-MEM,2025-02-25,PHX,MEM,-6.5,6.5,6.554282069206238,151,148,3
2025-02-25-SAS-NOP,2025-02-25,SAS,NOP,-2.5,2.5,2.438103564083576,109,103,6
2025-02-25-CHA-GSW,2025-02-25,CHA,GSW,-17.0,17.0,17.172265246510506,128,92,36
2025-02-25-DAL-LAL,2025-02-25,DAL,LAL,-8.5,8.5,8.516857612878084,107,99,8
2025-02-26-BOS-DET,2025-02-26,BOS,DET,4.5,-4.5,-4.209277868270874,117,97,20
2025-02-26-TOR-IND,2025-02-26,TOR,IND,-12.0,12.0,12.036308467388153,111,91,20
2025-02-26-PHI-NYK,2025-02-26,PHI,NYK,-8.5,8.5,8.212156474590302,110,105,5
2025-02-26-POR-WAS,2025-02-26,POR,WAS,6.0,-6.0,-5.862213999032974,121,129,-8
2025-02-26-OKC-BKN,2025-02-26,OKC,BKN,17.0,-17.0,-15.834898114204407,121,129,-8
2025-02-26-ATL-MIA,2025-02-26,ATL,MIA,-3.0,3.0,2.950519859790802,131,109,22
2025-02-26-LAC-CHI,2025-02-26,LAC,CHI,9.5,-9.5,-9.549830377101898,117,122,-5
2025-02-26-SAC-UTA,2025-02-26,SAC,UTA,9.5,-9.5,-9.615315854549408,101,118,-17
2025-02-26-SAS-HOU,2025-02-26,SAS,HOU,-7.5,7.5,7.566287338733673,118,106,12
2025-02-27-GSW-ORL,2025-02-27,GSW,ORL,4.5,-4.5,-4.342045292258263,115,121,-6
2025-02-27-DEN-MIL,2025-02-27,DEN,MIL,3.0,-3.0,-2.8110762387514114,121,112,9
2025-02-27-CHA-DAL,2025-02-27,CHA,DAL,-11.0,11.0,11.215424120426178,103,96,7
2025-02-27-NOP-PHX,2025-02-27,NOP,PHX,-6.5,6.5,6.1801077127456665,116,124,-8
2025-02-27-MIN-LAL,2025-02-27,MIN,LAL,-6.0,6.0,6.123730391263962,111,102,9
2025-02-28-DEN-DET,2025-02-28,DEN,DET,-2.0,2.0,3.188758134841919,119,134,-15
2025-02-28-OKC-ATL,2025-02-28,OKC,ATL,11.0,-11.0,-10.652590662240982,119,135,-16
2025-02-28-CLE-BOS,2025-02-28,CLE,BOS,-1.5,1.5,2.128110349178314,116,123,-7
2025-02-28-POR-BKN,2025-02-28,POR,BKN,1.5,-1.5,-1.3096939623355865,102,121,-19
2025-02-28-IND-MIA,2025-02-28,IND,MIA,3.0,-3.0,-2.9835370033979416,125,120,5
2025-02-28-TOR-CHI,2025-02-28,TOR,CHI,-1.0,1.0,0.9159782603383064,125,115,10
2025-02-28-NYK-MEM,2025-02-28,NYK,MEM,-2.5,2.5,2.576200842857361,113,114,-1
2025-02-28-NOP-PHX,2025-02-28,NOP,PHX,-9.0,9.0,8.618050932884216,125,108,17
2025-02-28-MIN-UTA,2025-02-28,MIN,UTA,4.0,-4.0,-3.8943947181105614,117,116,1
2025-02-28-LAC-LAL,2025-02-28,LAC,LAL,-1.5,1.5,1.3483976423740387,106,102,4
2025-03-01-WAS-CHA,2025-03-01,WAS,CHA,-3.5,3.5,3.4319640174508095,100,113,-13
2025-03-01-BKN-DET,2025-03-01,BKN,DET,-12.5,12.5,12.78572192788124,115,94,21
2025-03-01-SAC-HOU,2025-03-01,SAC,HOU,-4.0,4.0,4.017271239310503,103,113,-10
2025-03-01-SAS-MEM,2025-03-01,SAS,MEM,-6.0,6.0,6.265711009502411,128,130,-2
2025-03-01-GSW-PHI,2025-03-01,GSW,PHI,7.0,-7.0,-6.737414389848709,126,119,7
2025-03-01-MIL-DAL,2025-03-01,MIL,DAL,2.5,-2.5,-2.3722304105758667,117,132,-15
2025-03-02-DEN-BOS,2025-03-02,DEN,BOS,-5.5,5.5,6.393003761768341,110,103,7
2025-03-02-POR-CLE,2025-03-02,POR,CLE,-11.0,11.0,10.769471675157547,133,129,4
2025-03-02-CHI-IND,2025-03-02,CHI,IND,-11.5,11.5,11.438309758901596,127,112,15
2025-03-02-NYK-MIA,2025-03-02,NYK,MIA,6.5,-6.5,-6.351610571146011,112,116,-4
2025-03-02-TOR-ORL,2025-03-02,TOR,ORL,-7.0,7.0,6.762211829423904,102,104,-2
2025-03-02-OKC-SAS,2025-03-02,OKC,SAS,12.5,-12.5,-12.267450883984566,132,146,-14
2025-03-02-NOP-UTA,2025-03-02,NOP,UTA,7.5,-7.5,-7.4579144567251205,121,128,-7
2025-03-02-MIN-PHX,2025-03-02,MIN,PHX,1.5,-1.5,-1.7678812146186829,98,116,-18
2025-03-02-LAC-LAL,2025-03-02,LAC,LAL,2.5,-2.5,-2.468716412782669,108,102,6
2025-03-03-GSW-CHA,2025-03-03,GSW,CHA,13.0,-13.0,-12.70614305138588,101,119,-18
2025-03-03-POR-PHI,2025-03-03,POR,PHI,1.5,-1.5,-1.409315787255764,102,119,-17
2025-03-03-WAS-MIA,2025-03-03,WAS,MIA,-8.5,8.5,8.753522664308548,106,90,16
2025-03-03-ATL-MEM,2025-03-03,ATL,MEM,-8.0,8.0,7.896822445094585,130,132,-2
2025-03-03-HOU-OKC,2025-03-03,HOU,OKC,-14.5,14.5,14.414221718907356,137,128,9
2025-03-03-SAC-DAL,2025-03-03,SAC,DAL,2.0,-2.0,-1.087365448474884,98,122,-24
2025-03-03-DET-UTA,2025-03-03,DET,UTA,10.5,-10.5,-10.540239118039608,106,134,-28
2025-03-04-HOU-IND,2025-03-04,HOU,IND,-5.0,5.0,4.839299291372299,115,102,13
2025-03-04-TOR-ORL,2025-03-04,TOR,ORL,-6.5,6.5,6.139909446239471,113,114,-1
2025-03-04-MIL-ATL,2025-03-04,MIL,ATL,5.0,-5.0,-5.0191410426050425,121,127,-6
2025-03-04-GSW-NYK,2025-03-04,GSW,NYK,1.0,-1.0,-1.0062547577545047,102,114,-12
2025-03-04-CLE-CHI,2025-03-04,CLE,CHI,13.5,-13.5,-13.30031107366085,117,139,-22
2025-03-04-PHI-MIN,2025-03-04,PHI,MIN,-13.0,13.0,13.035989068448544,126,112,14
2025-03-04-BKN-SAS,2025-03-04,BKN,SAS,-3.5,3.5,3.658184140920639,127,113,14
2025-03-04-LAC-PHX,2025-03-04,LAC,PHX,2.5,-2.5,-2.661248505115509,119,117,2
2025-03-04-NOP-LAL,2025-03-04,NOP,LAL,-7.5,7.5,7.685382723808289,136,115,21
2025-03-05-POR-BOS,2025-03-05,POR,BOS,-9.5,9.5,9.672145187854767,128,118,10
2025-03-05-MIN-CHA,2025-03-05,MIN,CHA,9.0,-9.0,-8.564479500055313,110,125,-15
2025-03-05-MIA-CLE,2025-03-05,MIA,CLE,-13.0,13.0,12.713044464588165,112,107,5
2025-03-05-UTA-WAS,2025-03-05,UTA,WAS,-5.5,5.5,5.312840908765793,125,122,3
2025-03-05-OKC-MEM,2025-03-05,OKC,MEM,7.0,-7.0,-6.432953715324402,103,120,-17
2025-03-05-SAC-DEN,2025-03-05,SAC,DEN,-8.5,8.5,8.37164531648159,116,110,6
2025-03-05-DAL-MIL,2025-03-05,DAL,MIL,-12.0,12.0,12.000819655600935,137,107,30
2025-03-05-DET-LAC,2025-03-05,DET,LAC,3.5,-3.5,-3.528616614639759,123,115,8
2025-03-06-IND-ATL,2025-03-06,IND,ATL,-2.0,2.0,2.220367521047592,124,118,6
2025-03-06-PHI-BOS,2025-03-06,PHI,BOS,-13.5,13.5,13.856092691421509,123,105,18
2025-03-06-GSW-BKN,2025-03-06,GSW,BKN,11.0,-11.0,-10.467144906520844,119,121,-2
2025-03-06-HOU-NOP,2025-03-06,HOU,NOP,3.5,-3.5,-3.3858199790120125,97,109,-12
2025-03-06-NYK-LAL,2025-03-06,NYK,LAL,-2.5,2.5,3.4514288902282715,113,109,4
2025-03-07-CLE-CHA,2025-03-07,CLE,CHA,15.5,-15.5,-15.308525696396828,117,118,-1
2025-03-07-UTA-TOR,2025-03-07,UTA,TOR,-5.5,5.5,5.565230205655098,118,109,9
2025-03-07-MEM-DAL,2025-03-07,MEM,DAL,10.0,-10.0,-9.94564986974001,111,122,-11
2025-03-07-MIN-MIA,2025-03-07,MIN,MIA,3.5,-3.5,-3.28306120634079,104,106,-2
2025-03-07-POR-OKC,2025-03-07,POR,OKC,-1.5,1.5,1.4805700611323118,107,89,18
2025-03-07-PHX-DEN,2025-03-07,PHX,DEN,-9.0,9.0,8.967502016574144,149,141,8
2025-03-07-SAS-SAC,2025-03-07,SAS,SAC,-6.5,6.5,6.9897743463516235,127,109,18
2025-03-07-NYK-LAC,2025-03-07,NYK,LAC,-7.0,7.0,7.037697181105614,105,95,10
2025-03-08-BKN-CHA,2025-03-08,BKN,CHA,5.0,-5.0,-4.953853443264961,105,102,3
2025-03-08-NOP-HOU,2025-03-08,NOP,HOU,-6.5,6.5,6.871459007263184,146,117,29
2025-03-08-IND-ATL,2025-03-08,IND,ATL,1.0,-1.0,-0.7445708513259888,120,118,2
2025-03-08-WAS-TOR,2025-03-08,WAS,TOR,-4.0,4.0,3.87308669090271,117,118,-1
2025-03-08-CHI-MIA,2025-03-08,CHI,MIA,-5.0,5.0,4.976374985650182,109,114,-5
2025-03-08-ORL-MIL,2025-03-08,ORL,MIL,-6.5,6.5,6.409679599106312,109,111,-2
2025-03-08-LAL-BOS,2025-03-08,LAL,BOS,-6.0,6.0,6.136941581964493,111,101,10
2025-03-08-DET-GSW,2025-03-08,DET,GSW,-5.0,5.0,5.080925099551678,115,110,5
2025-03-09-DEN-OKC,2025-03-09,DEN,OKC,-7.5,7.5,7.469951802864671,127,103,24
2025-03-09-PHX-DAL,2025-03-09,PHX,DAL,6.5,-6.5,-6.403063498437405,116,125,-9
2025-03-09-CLE-MIL,2025-03-09,CLE,MIL,7.0,-7.0,-5.91124415397644,100,112,-12
2025-03-09-MEM-NOP,2025-03-09,MEM,NOP,10.5,-10.5,-10.42143764346838,104,107,-3
2025-03-09-UTA-PHI,2025-03-09,UTA,PHI,-6.5,6.5,7.084832429885864,126,122,4
2025-03-09-SAS-MIN,2025-03-09,SAS,MIN,-11.0,11.0,11.791791379451752,141,124,17
2025-03-09-DET-POR,2025-03-09,DET,POR,3.5,-3.5,-3.5764899253845215,112,119,-7
2025-03-09-SAC-LAC,2025-03-09,SAC,LAC,-6.5,6.5,6.682346329092979,111,110,1
2025-03-10-PHI-ATL,2025-03-10,PHI,ATL,-9.5,9.5,9.455216996371746,132,123,9
2025-03-10-UTA-BOS,2025-03-10,UTA,BOS,-15.5,15.5,16.367022216320038,114,108,6
2025-03-10-LAL-BKN,2025-03-10,LAL,BKN,5.5,-5.5,-5.515137389302254,111,108,3
2025-03-10-CHA-MIA,2025-03-10,CHA,MIA,-9.0,9.0,9.231258109211922,102,105,-3
2025-03-10-WAS-TOR,2025-03-10,WAS,TOR,-6.5,6.5,6.306637197732925,119,104,15
2025-03-10-IND-CHI,2025-03-10,IND,CHI,3.5,-3.5,-3.347305119037628,121,103,18
2025-03-10-ORL-HOU,2025-03-10,ORL,HOU,-3.5,3.5,3.604316934943199,97,84,13
2025-03-10-PHX-MEM,2025-03-10,PHX,MEM,-3.0,3.0,3.0799563825130463,120,118,2
2025-03-10-DEN-OKC,2025-03-10,DEN,OKC,-9.5,9.5,9.478234542533755,127,140,-13
2025-03-10-DAL-SAS,2025-03-10,DAL,SAS,-7.0,7.0,6.862596794962883,129,133,-4
2025-03-10-POR-GSW,2025-03-10,POR,GSW,-12.5,12.5,12.242939114570618,130,120,10
2025-03-10-NYK-SAC,2025-03-10,NYK,SAC,1.0,-1.0,-1.2490555793046951,104,133,-29
2025-03-11-BKN-CLE,2025-03-11,BKN,CLE,-14.5,14.5,14.38117777556181,109,104,5
2025-03-11-WAS-DET,2025-03-11,WAS,DET,-15.0,15.0,15.23177595436573,123,103,20
2025-03-11-MIL-IND,2025-03-11,MIL,IND,-1.0,1.0,0.6576655209064484,115,114,1
2025-03-11-LAC-NOP,2025-03-11,LAC,NOP,8.0,-8.0,-8.238066866993904,127,120,7
2025-03-06-CHI-ORL,2025-03-06,CHI,ORL,-8.0,8.0,8.029306324198842,123,125,-2
2025-03-12-CHA-ATL,2025-03-12,CHA,ATL,-7.5,7.5,7.497077578678727,123,110,13
2025-03-12-OKC-BOS,2025-03-12,OKC,BOS,-3.0,3.0,3.689849078655243,112,118,-6
2025-03-12-PHI-TOR,2025-03-12,PHI,TOR,-2.5,2.5,2.729739248752594,118,105,13
2025-03-12-LAC-MIA,2025-03-12,LAC,MIA,4.0,-4.0,-4.061941143125296,104,119,-15
2025-03-12-PHX-HOU,2025-03-12,PHX,HOU,-2.5,2.5,2.6837050020694733,111,104,7
2025-03-12-UTA-MEM,2025-03-12,UTA,MEM,-10.5,10.5,10.389539040625095,122,115,7
2025-03-12-DAL-SAS,2025-03-12,DAL,SAS,-6.0,6.0,5.914682596921921,126,116,10
2025-03-12-MIN-DEN,2025-03-12,MIN,DEN,4.0,-4.0,-3.5838567316532135,95,115,-20
2025-03-12-NYK-POR,2025-03-12,NYK,POR,-1.5,1.5,1.7560881078243256,113,114,-1
2025-03-13-WAS-DET,2025-03-13,WAS,DET,-13.0,13.0,13.0880057066679,125,129,-4
2025-03-13-LAL-MIL,2025-03-13,LAL,MIL,-6.0,6.0,5.8521678596735,126,106,20
2025-03-13-BKN-CHI,2025-03-13,BKN,CHI,-1.5,1.5,1.5305154863744974,116,110,6
2025-03-13-SAC-GSW,2025-03-13,SAC,GSW,-7.5,7.5,7.398115299642086,130,104,26
2025-03-14-BOS-MIA,2025-03-14,BOS,MIA,8.0,-8.0,-7.728641748428345,91,103,-12
2025-03-14-IND-PHI,2025-03-14,IND,PHI,13.0,-13.0,-12.885709442198277,100,112,-12
2025-03-14-LAC-ATL,2025-03-14,LAC,ATL,5.0,-5.0,-4.795444145798683,98,121,-23
2025-03-14-DAL-HOU,2025-03-14,DAL,HOU,-11.5,11.5,11.569580189883709,133,96,37
2025-03-14-CLE-MEM,2025-03-14,CLE,MEM,2.5,-2.5,-2.432465799152851,124,133,-9
2025-03-14-ORL-MIN,2025-03-14,ORL,MIN,-11.0,11.0,11.127983421087265,118,111,7
2025-03-14-CHA-SAS,2025-03-14,CHA,SAS,-3.0,3.0,4.1882805824279785,134,145,-11
2025-03-14-LAL-DEN,2025-03-14,LAL,DEN,-15.5,15.5,15.60537202656269,131,126,5
2025-03-14-TOR-UTA,2025-03-14,TOR,UTA,-2.0,2.0,2.0481600165367126,118,126,-8
2025-03-14-SAC-PHX,2025-03-14,SAC,PHX,-1.5,1.5,1.291133165359497,122,106,16
2025-03-15-BOS-BKN,2025-03-15,BOS,BKN,11.5,-11.5,-10.95681768655777,113,115,-2
2025-03-15-OKC-DET,2025-03-15,OKC,DET,4.0,-4.0,-2.6128937005996704,107,113,-6
2025-03-15-CHI-HOU,2025-03-15,CHI,HOU,-8.5,8.5,8.503409232478589,117,114,3
2025-03-15-MIA-MEM,2025-03-15,MIA,MEM,-5.5,5.5,5.702305197715759,125,91,34
2025-03-15-IND-MIL,2025-03-15,IND,MIL,-3.5,3.5,3.5736948996782303,126,119,7
2025-03-15-NOP-SAS,2025-03-15,NOP,SAS,1.0,-1.0,-1.0346154384315014,119,115,4
2025-03-15-NYK-GSW,2025-03-15,NYK,GSW,-6.5,6.5,6.31314018368721,97,94,3
2025-03-15-WAS-DEN,2025-03-15,WAS,DEN,-12.5,12.5,12.565059639513493,123,126,-3
2025-03-16-PHI-DAL,2025-03-16,PHI,DAL,-6.5,6.5,6.329446256160736,125,130,-5
2025-03-16-PHX-LAL,2025-03-16,PHX,LAL,-3.0,3.0,3.1618561893701553,107,96,11
2025-03-16-ATL-BKN,2025-03-16,ATL,BKN,6.5,-6.5,-5.953244626522064,122,114,8
2025-03-16-ORL-CLE,2025-03-16,ORL,CLE,-10.0,10.0,9.72907891869545,103,108,-5
2025-03-16-TOR-POR,2025-03-16,TOR,POR,-7.5,7.5,7.467356350272894,105,102,3
2025-03-16-UTA-MIN,2025-03-16,UTA,MIN,-13.0,13.0,14.423951983451843,128,102,26
2025-03-16-OKC-MIL,2025-03-16,OKC,MIL,5.5,-5.5,-4.718785047531128,105,121,-16
2025-01-23-WAS-LAC,2025-01-23,WAS,LAC,-14.5,14.5,14.801366448402405,110,93,17
2025-03-17-MIA-NYK,2025-03-17,MIA,NYK,-7.5,7.5,7.657385900616646,116,95,21
2025-03-17-PHI-HOU,2025-03-17,PHI,HOU,-17.0,17.0,17.1612665951252,144,137,7
2025-03-17-IND-MIN,2025-03-17,IND,MIN,-11.0,11.0,12.020345449447632,130,132,-2
2025-03-17-DET-NOP,2025-03-17,DET,NOP,6.5,-6.5,-6.6068294942379,81,127,-46
2025-04-01-ORL-SAS,2025-04-01,ORL,SAS,4.5,-4.5,-4.871981769800186,105,116,-11
2025-03-17-CHI-UTA,2025-03-17,CHI,UTA,4.5,-4.5,-3.9130226373672485,97,111,-14
2025-03-17-DEN-GSW,2025-03-17,DEN,GSW,-13.0,13.0,13.109574273228645,105,114,-9
2025-03-17-TOR-PHX,2025-03-17,TOR,PHX,-8.5,8.5,7.996719717979431,129,89,40
2025-03-17-MEM-SAC,2025-03-17,MEM,SAC,-3.0,3.0,3.094736270606518,132,122,10
2025-03-18-ATL-CHA,2025-03-18,ATL,CHA,8.0,-8.0,-7.940735273063183,102,134,-32
2025-03-18-BKN-BOS,2025-03-18,BKN,BOS,-13.5,13.5,13.878884643316269,104,96,8
2025-03-17-WAS-POR,2025-03-17,WAS,POR,-6.0,6.0,5.874764189124107,112,97,15
2025-03-20-MIL-LAL,2025-03-20,MIL,LAL,8.5,-8.5,-8.451059367507696,89,118,-29
2025-03-18-CLE-LAC,2025-03-18,CLE,LAC,2.5,-2.5,-2.5862356573343277,132,119,13
2025-03-19-DAL-IND,2025-03-19,DAL,IND,-10.5,10.5,10.099464029073715,135,131,4
2025-03-19-HOU-ORL,2025-03-19,HOU,ORL,2.0,-2.0,-2.032996229827404,108,116,-8
2025-03-19-DET-MIA,2025-03-19,DET,MIA,4.5,-4.5,-4.524833228439093,113,116,-3
2025-03-19-NOP-MIN,2025-03-19,NOP,MIN,-13.0,13.0,13.213876366615295,115,119,-4
2025-03-19-PHI-OKC,2025-03-19,PHI,OKC,-11.5,11.5,11.647333174943924,133,100,33
2025-03-19-NYK-SAS,2025-03-19,NYK,SAS,8.0,-8.0,-8.163214936852455,120,105,15
2025-02-13-LAC-UTA,2025-02-13,LAC,UTA,10.0,-10.0,-9.95150363445282,116,120,-4
2025-03-20-TOR-GSW,2025-03-20,TOR,GSW,-14.5,14.5,14.543317764997482,117,114,3
2025-03-19-DEN-LAL,2025-03-19,DEN,LAL,-5.5,5.5,5.499070667196065,120,108,12
2025-03-19-CHI-PHX,2025-03-19,CHI,PHX,-5.5,5.5,5.428608827292919,127,121,6
2025-03-19-MEM-POR,2025-03-19,MEM,POR,4.5,-4.5,-4.2495109140872955,115,99,16
2025-03-19-CLE-SAC,2025-03-19,CLE,SAC,6.5,-6.5,-6.168297439813614,123,119,4
2025-03-20-NYK-CHA,2025-03-20,NYK,CHA,7.5,-7.5,-7.379281409084797,115,98,17
2025-03-20-BKN-IND,2025-03-20,BKN,IND,-8.0,8.0,8.183129489421844,105,99,6
2025-03-18-MIL-GSW,2025-03-18,MIL,GSW,2.0,-2.0,-2.213809594511986,104,93,11
2025-03-20-CHI-SAC,2025-03-20,CHI,SAC,-7.5,7.5,7.447088234126568,116,128,-12
2025-03-21-ORL-WAS,2025-03-21,ORL,WAS,8.5,-8.5,-8.642366483807564,105,120,-15
2025-03-21-HOU-MIA,2025-03-21,HOU,MIA,4.5,-4.5,-4.49182927235961,98,102,-4
2025-03-21-NOP-MIN,2025-03-21,NOP,MIN,-15.5,15.5,15.925610184669495,134,93,41
2025-03-21-CHA-OKC,2025-03-21,CHA,OKC,-20.5,20.5,21.108325362205505,141,106,35
2025-03-21-PHI-SAS,2025-03-21,PHI,SAS,-6.0,6.0,6.044673465192318,128,120,8
2025-03-21-DET-DAL,2025-03-21,DET,DAL,9.5,-9.5,-9.239514797925949,123,117,6
2025-03-21-BOS-UTA,2025-03-21,BOS,UTA,15.0,-15.0,-14.392009735107422,99,121,-22
2025-03-21-CLE-PHX,2025-03-21,CLE,PHX,8.5,-8.5,-8.45092435926199,123,112,11
2025-03-21-DEN-POR,2025-03-21,DEN,POR,1.5,-1.5,-1.4514582306146622,128,109,19
2025-03-21-MEM-LAC,2025-03-21,MEM,LAC,-6.5,6.5,6.550474353134632,128,108,20
2025-03-22-BKN-IND,2025-03-22,BKN,IND,-13.0,13.0,13.299475193023682,108,103,5
2025-03-22-GSW-ATL,2025-03-22,GSW,ATL,3.0,-3.0,-2.9536343067884445,124,115,9
2025-03-22-WAS-NYK,2025-03-22,WAS,NYK,-15.5,15.5,15.694819241762161,122,103,19
2025-03-22-MIL-SAC,2025-03-22,MIL,SAC,-1.5,1.5,1.1670031547546387,108,114,-6
2025-03-22-CHI-LAL,2025-03-22,CHI,LAL,-10.5,10.5,10.49479702534154,115,146,-31
2025-03-23-NOP-DET,2025-03-23,NOP,DET,-11.5,11.5,11.485115772113204,136,130,6
2025-03-23-CLE-UTA,2025-03-23,CLE,UTA,16.5,-16.5,-16.08523926138878,91,120,-29
2025-03-23-PHI-ATL,2025-03-23,PHI,ATL,-10.5,10.5,10.353343933820724,132,119,13
2025-03-23-CHA-MIA,2025-03-23,CHA,MIA,-7.5,7.5,7.470681294798851,122,105,17
2025-03-23-SAS-TOR,2025-03-23,SAS,TOR,1.0,-1.0,-0.3155921697616577,89,123,-34
2025-03-23-BOS-POR,2025-03-23,BOS,POR,6.5,-6.5,-5.862042486667633,116,129,-13
2025-03-23-DEN-HOU,2025-03-23,DEN,HOU,-8.0,8.0,7.971749870106578,111,116,-5
2025-03-23-OKC-LAC,2025-03-23,OKC,LAC,1.0,-1.0,-1.1503756940364838,101,103,-2
2025-03-24-MIN-IND,2025-03-24,MIN,IND,2.0,-2.0,-1.7044003307819366,119,103,16
2025-03-24-LAL-ORL,2025-03-24,LAL,ORL,4.0,-4.0,-3.9446068480610847,118,106,12
2025-03-24-TOR-WAS,2025-03-24,TOR,WAS,-2.5,2.5,2.232660859823227,104,112,-8
2025-03-24-DAL-BKN,2025-03-24,DAL,BKN,3.0,-3.0,-3.006993979215622,101,120,-19
2025-03-24-PHI-NOP,2025-03-24,PHI,NOP,-3.0,3.0,3.206852048635483,112,99,13
2025-03-24-CHI-DEN,2025-03-24,CHI,DEN,-2.5,2.5,2.5276359114795923,119,129,-10
2025-03-24-MIL-PHX,2025-03-24,MIL,PHX,-3.0,3.0,2.6316443383693695,108,106,2
2025-03-24-BOS-SAC,2025-03-24,BOS,SAC,5.0,-5.0,-4.574683606624603,95,113,-18
2025-03-25-ORL-CHA,2025-03-25,ORL,CHA,5.0,-5.0,-5.0915990844368935,104,111,-7
2025-03-25-SAS-DET,2025-03-25,SAS,DET,-8.5,8.5,8.645573556423187,122,96,26
2025-03-25-GSW-MIA,2025-03-25,GSW,MIA,5.0,-5.0,-5.002113837981597,112,86,26
2025-03-25-DAL-NYK,2025-03-25,DAL,NYK,-12.5,12.5,12.459922179579735,128,113,15
2025-03-25-ATL-HOU,2025-03-25,ATL,HOU,-7.5,7.5,7.841282486915588,121,114,7
2025-03-25-MEM-UTA,2025-03-25,MEM,UTA,11.0,-11.0,-10.662817865610123,103,140,-37
2025-03-25-CLE-POR,2025-03-25,CLE,POR,6.0,-6.0,-5.577752262353897,111,122,-11
2025-03-25-OKC-SAC,2025-03-25,OKC,SAC,8.5,-8.5,-8.464225754141808,105,121,-16
2025-03-26-WAS-PHI,2025-03-26,WAS,PHI,-3.0,3.0,2.8861351311206818,114,119,-5
2025-03-26-TOR-BKN,2025-03-26,TOR,BKN,-2.5,2.5,2.5733359828591347,86,116,-30
2025-03-26-LAL-IND,2025-03-26,LAL,IND,-1.0,1.0,1.113671563565731,119,120,-1
2025-03-26-LAC-NYK,2025-03-26,LAC,NYK,4.0,-4.0,-3.758674517273903,113,126,-13
2025-03-26-MIL-DEN,2025-03-26,MIL,DEN,-11.5,11.5,11.38655911386013,127,117,10
2025-03-26-BOS-PHX,2025-03-26,BOS,PHX,4.5,-4.5,-4.480558207258582,102,132,-30
2025-03-27-SAS-CLE,2025-03-27,SAS,CLE,-14.0,14.0,13.994657461065799,124,116,8
2025-03-27-DAL-ORL,2025-03-27,DAL,ORL,-7.0,7.0,6.938073121011257,92,101,-9
2025-03-27-IND-WAS,2025-03-27,IND,WAS,12.0,-12.0,-12.092586033046246,109,162,-53
2025-03-27-ATL-MIA,2025-03-27,ATL,MIA,-1.0,1.0,1.141093760728836,122,112,10
2025-03-27-LAL-CHI,2025-03-27,LAL,CHI,4.0,-4.0,-3.678818941116333,119,117,2
2025-03-27-MEM-OKC,2025-03-27,MEM,OKC,-10.5,10.5,10.590927608311176,125,104,21
2025-03-27-HOU-UTA,2025-03-27,HOU,UTA,13.5,-13.5,-13.188170045614243,110,121,-11
2025-03-27-POR-SAC,2025-03-27,POR,SAC,-6.0,6.0,5.939510904252529,128,107,21
2025-03-28-CLE-DET,2025-03-28,CLE,DET,6.5,-6.5,-6.465291418135166,133,122,11
2025-03-28-LAC-BKN,2025-03-28,LAC,BKN,13.0,-13.0,-13.340171724557877,100,132,-32
2025-03-28-CHA-TOR,2025-03-28,CHA,TOR,-5.5,5.5,5.783326208591461,108,97,11
2025-03-28-NYK-MIL,2025-03-28,NYK,MIL,-1.0,1.0,1.0520225763320923,107,116,-9
2025-03-28-PHX-MIN,2025-03-28,PHX,MIN,-8.5,8.5,8.344748184084892,124,109,15
2025-03-28-GSW-NOP,2025-03-28,GSW,NOP,17.5,-17.5,-17.384767279028893,95,111,-16
2025-03-28-UTA-DEN,2025-03-28,UTA,DEN,-19.0,19.0,19.824917256832123,129,93,36
2025-03-29-SAC-ORL,2025-03-29,SAC,ORL,-1.5,1.5,1.3873120620846748,121,91,30
2025-03-29-BKN-WAS,2025-03-29,BKN,WAS,-2.5,2.5,2.6391040980815887,112,115,-3
2025-03-29-MIA-PHI,2025-03-29,MIA,PHI,8.0,-8.0,-7.012510895729065,95,118,-23
2025-03-29-DAL-CHI,2025-03-29,DAL,CHI,-3.0,3.0,2.8605484515428543,119,120,-1
2025-03-29-LAL-MEM,2025-03-29,LAL,MEM,-1.5,1.5,1.485826538875699,127,134,-7
2025-03-29-IND-OKC,2025-03-29,IND,OKC,-8.5,8.5,8.33501486480236,132,111,21
2025-03-29-BOS-SAS,2025-03-29,BOS,SAS,12.5,-12.5,-12.300610288977623,111,121,-10
2025-03-30-LAC-CLE,2025-03-30,LAC,CLE,-7.0,7.0,6.6187896728515625,127,122,5
2025-03-30-POR-NYK,2025-03-30,POR,NYK,-7.0,7.0,7.143731728196144,110,93,17
2025-03-30-ATL-MIL,2025-03-30,ATL,MIL,-4.5,4.5,4.614833258092403,124,145,-21
2025-03-30-DET-MIN,2025-03-30,DET,MIN,-8.0,8.0,7.9687522910535336,123,104,19
2025-03-30-CHA-NOP,2025-03-30,CHA,NOP,-2.5,2.5,2.4965126253664494,98,94,4
2025-03-30-GSW-SAS,2025-03-30,GSW,SAS,11.5,-11.5,-11.42855378985405,106,148,-42
2025-03-30-TOR-PHI,2025-03-30,TOR,PHI,6.0,-6.0,-6.139348641037941,109,127,-18
2025-03-30-HOU-PHX,2025-03-30,HOU,PHX,2.5,-2.5,-2.5688181817531586,109,148,-39
2025-03-31-UTA-CHA,2025-03-31,UTA,CHA,-4.5,4.5,4.328023120760918,110,106,4
2025-03-31-SAC-IND,2025-03-31,SAC,IND,-4.0,4.0,4.011156506836414,111,109,2
2025-03-31-LAC-ORL,2025-03-31,LAC,ORL,3.0,-3.0,-2.1542954444885254,87,96,-9
2025-03-31-MIA-WAS,2025-03-31,MIA,WAS,9.5,-9.5,-9.370796918869019,94,120,-26
2025-03-31-BOS-MEM,2025-03-31,BOS,MEM,4.0,-4.0,-3.804362326860428,103,117,-14
2025-03-31-CHI-OKC,2025-03-31,CHI,OKC,-15.5,15.5,15.49198660813272,145,117,28
2025-03-31-BKN-DAL,2025-03-31,BKN,DAL,-9.5,9.5,9.420234203338623,109,113,-4
2025-03-31-HOU-LAL,2025-03-31,HOU,LAL,-4.0,4.0,3.7955707013607025,104,98,6
2025-04-01-POR-ATL,2025-04-01,POR,ATL,-6.0,6.0,6.344107300043106,113,127,-14
2025-04-01-PHI-NYK,2025-04-01,PHI,NYK,-13.0,13.0,12.844019711017609,105,91,14
2025-04-01-TOR-CHI,2025-04-01,TOR,CHI,-4.0,4.0,3.6451574862003326,137,118,19
2025-04-01-GSW-MEM,2025-04-01,GSW,MEM,4.0,-4.0,-3.972930980846286,125,134,-9
2025-04-01-PHX-MIL,2025-04-01,PHX,MIL,-6.5,6.5,6.733019828796387,133,123,10
2025-04-01-MIN-DEN,2025-04-01,MIN,DEN,-3.5,3.5,3.4092440083622932,139,140,-1
2025-04-02-NYK-CLE,2025-04-02,NYK,CLE,-10.5,10.5,10.317165523767471,124,105,19
2025-04-02-CHA-IND,2025-04-02,CHA,IND,-15.0,15.0,15.995338678359985,119,105,14
2025-04-02-SAC-WAS,2025-04-02,SAC,WAS,14.0,-14.0,-13.879675060510635,116,111,5
2025-04-02-MIA-BOS,2025-04-02,MIA,BOS,-10.0,10.0,11.138873100280762,103,124,-21
2025-04-02-UTA-HOU,2025-04-02,UTA,HOU,-15.0,15.0,16.477428436279297,143,105,38
2025-04-02-DET-OKC,2025-04-02,DET,OKC,-12.5,12.5,13.474637806415558,119,103,16
2025-04-02-ATL-DAL,2025-04-02,ATL,DAL,-3.5,3.5,3.345775544643402,120,118,2
2025-04-02-SAS-DEN,2025-04-02,SAS,DEN,-2.0,2.0,1.9938137689605355,106,113,-7
2025-04-02-NOP-LAC,2025-04-02,NOP,LAC,-18.0,18.0,18.985638082027435,114,98,16
2025-04-03-ORL-WAS,2025-04-03,ORL,WAS,15.5,-15.5,-15.39631687104702,97,109,-12
2025-04-03-MIN-BKN,2025-04-03,MIN,BKN,14.0,-14.0,-13.34294879436493,90,105,-15
2025-04-03-MEM-MIA,2025-04-03,MEM,MIA,5.5,-5.5,-5.170738518238068,108,110,-2
2025-04-03-MIL-PHI,2025-04-03,MIL,PHI,11.5,-11.5,-11.653507366776466,113,126,-13
2025-04-03-POR-TOR,2025-04-03,POR,TOR,5.0,-5.0,-4.6416996121406555,103,112,-9
2025-04-03-GSW-LAL,2025-04-03,GSW,LAL,-1.0,1.0,0.8408634960651398,116,123,-7
2025-04-04-SAC-CHA,2025-04-04,SAC,CHA,11.5,-11.5,-11.340824842453003,102,125,-23
2025-04-04-UTA-IND,2025-04-04,UTA,IND,-17.5,17.5,17.882547169923782,140,112,28
2025-04-04-PHX-BOS,2025-04-04,PHX,BOS,-15.0,15.0,16.409669876098633,123,103,20
2025-04-04-DET-TOR,2025-04-04,DET,TOR,10.0,-10.0,-10.004475914873183,105,117,-12
2025-04-04-POR-CHI,2025-04-04,POR,CHI,-6.0,6.0,6.04501698166132,118,113,5
2025-04-04-OKC-HOU,2025-04-04,OKC,HOU,5.5,-5.5,-5.014960616827011,125,111,14
2025-04-04-CLE-SAS,2025-04-04,CLE,SAS,12.5,-12.5,-12.217021435499191,113,114,-1
2025-04-04-DEN-GSW,2025-04-04,DEN,GSW,-3.0,3.0,3.4204697608947754,118,104,14
2025-04-04-NOP-LAL,2025-04-04,NOP,LAL,-16.0,16.0,16.658551692962646,124,108,16
2025-04-04-DAL-LAC,2025-04-04,DAL,LAC,-12.0,12.0,11.769800171256065,114,91,23
2025-04-05-NYK-ATL,2025-04-05,NYK,ATL,1.5,-1.5,-1.3394829630851746,105,121,-16
2025-04-05-MEM-DET,2025-04-05,MEM,DET,1.0,-1.0,-0.7795096039772034,103,109,-6
2025-04-05-MIN-PHI,2025-04-05,MIN,PHI,16.0,-16.0,-15.928104788064957,109,114,-5
2025-04-05-MIL-MIA,2025-04-05,MIL,MIA,-1.0,1.0,0.7084726393222809,115,121,-6
2025-04-05-DAL-LAC,2025-04-05,DAL,LAC,-9.0,9.0,8.71258333325386,135,104,31
2025-04-06-CHI-CHA,2025-04-06,CHI,CHA,8.0,-8.0,-7.610837429761887,117,131,-14
2025-04-06-TOR-BKN,2025-04-06,TOR,BKN,2.0,-2.0,-1.7995189130306244,109,120,-11
2025-04-06-LAL-OKC,2025-04-06,LAL,OKC,-9.0,9.0,9.157115861773491,99,126,-27
2025-04-06-UTA-ATL,2025-04-06,UTA,ATL,-13.5,13.5,13.350312054157257,147,134,13
2025-04-06-WAS-BOS,2025-04-06,WAS,BOS,-19.0,19.0,19.75589656829834,124,90,34
2025-04-06-SAC-CLE,2025-04-06,SAC,CLE,-9.5,9.5,9.424454875290394,113,120,-7
2025-04-06-SAS-POR,2025-04-06,SAS,POR,-3.5,3.5,3.5736017376184464,120,109,11
2025-04-06-PHX-NYK,2025-04-06,PHX,NYK,-9.5,9.5,9.823190450668335,112,98,14
2025-03-13-ORL-NOP,2025-03-13,ORL,NOP,2.5,-2.5,-2.4843548089265823,93,113,-20
2025-04-06-IND-DEN,2025-04-06,IND,DEN,-6.0,6.0,6.113111101090908,120,125,-5
2025-04-06-HOU-GSW,2025-04-06,HOU,GSW,-5.5,5.5,5.991548120975494,96,106,-10
2025-04-07-SAC-DET,2025-04-07,SAC,DET,-5.5,5.5,5.667608708143234,117,127,-10
2025-04-07-PHI-MIA,2025-04-07,PHI,MIA,6.5,-6.5,-6.432781353592873,117,105,12
2025-04-08-MEM-CHA,2025-04-08,MEM,CHA,14.5,-14.5,-14.217404514551163,100,124,-24
2025-04-08-CHI-CLE,2025-04-08,CHI,CLE,-15.0,15.0,15.15811051428318,135,113,22
2025-04-08-WAS-IND,2025-04-08,WAS,IND,-19.0,19.0,19.322411626577377,104,98,6
2025-04-08-ATL-ORL,2025-04-08,ATL,ORL,-5.5,5.5,6.590279459953308,119,112,7
2025-04-08-NOP-BKN,2025-04-08,NOP,BKN,-1.5,1.5,1.5550711527466774,119,114,5
2025-04-08-BOS-NYK,2025-04-08,BOS,NYK,2.0,-2.0,-1.0651927590370178,117,119,-2
2025-04-08-MIN-MIL,2025-04-08,MIN,MIL,6.0,-6.0,-6.016506642103195,110,103,7
2025-04-08-LAL-OKC,2025-04-08,LAL,OKC,-9.0,9.0,9.07867568731308,136,120,16
2025-04-08-GSW-PHX,2025-04-08,GSW,PHX,10.0,-10.0,-10.264357089996338,95,133,-38
2025-04-08-SAS-LAC,2025-04-08,SAS,LAC,-13.0,13.0,13.089219711720943,122,117,5
2025-04-09-BOS-ORL,2025-04-09,BOS,ORL,-8.0,8.0,8.831701219081879,96,76,20
2025-04-09-PHI-WAS,2025-04-09,PHI,WAS,3.0,-3.0,-3.1121330857276917,103,122,-19
2025-04-09-CHA-TOR,2025-04-09,CHA,TOR,-11.5,11.5,11.511656790971756,126,96,30
2025-04-09-LAL-DAL,2025-04-09,LAL,DAL,4.5,-4.5,-4.4916556011885405,97,112,-15
2025-04-09-MIA-CHI,2025-04-09,MIA,CHI,2.5,-2.5,-2.6054475009441376,119,111,8
2025-04-10-NOP-MIL,2025-04-10,NOP,MIL,-16.5,16.5,17.49270123243332,136,111,25
2025-04-09-POR-UTA,2025-04-09,POR,UTA,6.5,-6.5,-6.5968055203557014,133,126,7
2025-04-09-SAS-GSW,2025-04-09,SAS,GSW,-17.5,17.5,18.6397864818573,111,114,-3
2025-04-09-OKC-PHX,2025-04-09,OKC,PHX,7.5,-7.5,-7.298856824636459,112,125,-13
2025-04-09-DEN-SAC,2025-04-09,DEN,SAC,4.5,-4.5,-4.2849744856357574,116,124,-8
2025-04-09-HOU-LAC,2025-04-09,HOU,LAC,-10.5,10.5,10.53525760769844,134,117,17
2025-04-10-NYK-DET,2025-04-10,NYK,DET,-4.0,4.0,3.910604991018772,115,106,9
2025-04-10-CLE-IND,2025-04-10,CLE,IND,-10.0,10.0,10.030937695875764,114,112,2
2025-04-10-ATL-BKN,2025-04-10,ATL,BKN,13.5,-13.5,-13.149792701005936,109,133,-24
2025-04-10-MIN-MEM,2025-04-10,MIN,MEM,2.0,-2.0,-1.9068285673856735,125,141,-16
2025-04-11-MIL-DET,2025-04-11,MIL,DET,-4.5,4.5,4.4899209681898355,119,125,-6
2025-04-11-ORL-IND,2025-04-11,ORL,IND,-3.5,3.5,3.1732214093208313,115,129,-14
2025-04-11-ATL-PHI,2025-04-11,ATL,PHI,11.5,-11.5,-11.211294800043106,110,124,-14
2025-04-11-CHA-BOS,2025-04-11,CHA,BOS,-20.0,20.0,21.245677947998047,130,94,36
2025-04-11-CLE-NYK,2025-04-11,CLE,NYK,-3.5,3.5,3.4512846395373344,102,108,-6
2025-04-11-WAS-CHI,2025-04-11,WAS,CHI,-14.0,14.0,14.039915412664413,119,89,30
2025-04-11-MIA-NOP,2025-04-11,MIA,NOP,14.5,-14.5,-13.826606929302216,104,153,-49
2025-04-11-TOR-DAL,2025-04-11,TOR,DAL,-11.0,11.0,11.25396665930748,124,102,22
2025-04-11-BKN-MIN,2025-04-11,BKN,MIN,-21.5,21.5,21.530919270589948,117,91,26
2025-04-11-MEM-DEN,2025-04-11,MEM,DEN,-7.0,7.0,7.026172054931521,117,109,8
2025-04-11-OKC-UTA,2025-04-11,OKC,UTA,9.0,-9.0,-8.92993238568306,111,145,-34
2025-04-11-SAS-PHX,2025-04-11,SAS,PHX,-5.5,5.5,5.361333847045898,117,98,19
2025-04-11-GSW-POR,2025-04-11,GSW,POR,15.5,-15.5,-15.12039566040039,86,103,-17
2025-04-11-LAC-SAC,2025-04-11,LAC,SAC,7.0,-7.0,-6.998774846550077,100,101,-1
2025-04-11-HOU-LAL,2025-04-11,HOU,LAL,-14.0,14.0,13.882458209991455,140,109,31
2025-04-13-ORL-ATL,2025-04-13,ORL,ATL,3.5,-3.5,-3.8826285302639008,117,105,12
2025-04-13-CHA-BOS,2025-04-13,CHA,BOS,-10.5,10.5,11.171005487442017,93,86,7
2025-04-13-NYK-BKN,2025-04-13,NYK,BKN,4.5,-4.5,-4.151030451059341,105,113,-8
2025-04-13-IND-CLE,2025-04-13,IND,CLE,7.0,-7.0,-6.984748240560293,118,126,-8
2025-04-13-WAS-MIA,2025-04-13,WAS,MIA,-8.5,8.5,8.449357502162457,118,119,-1
2025-04-13-CHI-PHI,2025-04-13,CHI,PHI,8.0,-8.0,-7.858397856354713,102,122,-20
2025-04-13-DET-MIL,2025-04-13,DET,MIL,9.0,-9.0,-8.916605338454247,140,133,7
2025-04-13-DEN-HOU,2025-04-13,DEN,HOU,6.0,-6.0,-5.759907782077789,111,126,-15
2025-04-13-DAL-MEM,2025-04-13,DAL,MEM,2.0,-2.0,-2.17607781291008,132,97,35
2025-04-13-UTA-MIN,2025-04-13,UTA,MIN,-23.0,23.0,23.164961084723473,116,105,11
2025-04-13-OKC-NOP,2025-04-13,OKC,NOP,12.5,-12.5,-11.916189432144165,100,115,-15
2025-04-13-TOR-SAS,2025-04-13,TOR,SAS,-4.5,4.5,4.56584432721138,125,118,7
2025-04-13-LAC-GSW,2025-04-13,LAC,GSW,-3.5,3.5,4.143262982368469,119,124,-5
2025-04-13-LAL-POR,2025-04-13,LAL,POR,-6.0,6.0,5.975400924682617,109,81,28
2025-04-13-PHX-SAC,2025-04-13,PHX,SAC,-14.0,14.0,14.48182213306427,109,98,11
2024-12-10-ORL-MIL,2024-12-10,ORL,MIL,-8.0,8.0,7.591742217540741,114,109,5
2024-12-11-ATL-NYK,2024-12-11,ATL,NYK,-8.0,8.0,7.9397749081254005,100,108,-8
2024-12-10-DAL-OKC,2024-12-10,DAL,OKC,-4.5,4.5,5.486068904399872,118,104,14
2024-12-11-GSW-HOU,2024-12-11,GSW,HOU,-3.5,3.5,3.6776639223098755,91,90,1
2024-12-12-DET-BOS,2024-12-12,DET,BOS,-11.5,11.5,12.736852288246155,123,99,24
2024-12-12-TOR-MIA,2024-12-12,TOR,MIA,-11.5,11.5,11.691557586193085,114,104,10
2024-12-12-SAC-NOP,2024-12-12,SAC,NOP,7.0,-7.0,-6.819181874394417,109,111,-2
2024-12-13-WAS-CLE,2024-12-13,WAS,CLE,-17.0,17.0,17.440114706754684,115,105,10
2024-12-13-IND-PHI,2024-12-13,IND,PHI,-6.5,6.5,6.551665171980858,107,121,-14
2024-12-13-LAL-MIN,2024-12-13,LAL,MIN,-8.5,8.5,8.599236756563187,97,87,10
2024-12-13-BKN-MEM,2024-12-13,BKN,MEM,-10.0,10.0,9.91748259216547,135,119,16
2024-12-13-CHA-CHI,2024-12-13,CHA,CHI,-5.5,5.5,6.077410638332367,109,95,14
2024-12-13-LAC-DEN,2024-12-13,LAC,DEN,-7.0,7.0,6.769990652799606,120,98,22
2024-12-13-PHX-UTA,2024-12-13,PHX,UTA,7.0,-7.0,-6.842763215303421,126,134,-8
2024-12-13-SAS-POR,2024-12-13,SAS,POR,3.5,-3.5,-3.3554779440164566,116,118,-2
2024-12-15-NOP-IND,2024-12-15,NOP,IND,-7.0,7.0,6.849099159240723,119,104,15
2024-12-15-BOS-WAS,2024-12-15,BOS,WAS,17.5,-17.5,-16.76370859146118,98,112,-14
2024-12-15-MIN-SAS,2024-12-15,MIN,SAS,4.5,-4.5,-4.511125001125038,92,106,-14
2024-12-15-POR-PHX,2024-12-15,POR,PHX,-11.5,11.5,11.3436618745327,116,109,7
2024-12-15-MEM-LAL,2024-12-15,MEM,LAL,2.5,-2.5,-2.525020519271493,116,110,6
2024-12-16-MIA-DET,2024-12-16,MIA,DET,4.5,-4.5,-4.198781460523605,125,124,1
2024-12-16-PHI-CHA,2024-12-16,PHI,CHA,2.5,-2.5,-2.585432454943657,108,121,-13
2024-12-16-CHI-TOR,2024-12-16,CHI,TOR,1.0,-1.0,-0.7644072473049164,121,122,-1
2024-12-16-CLE-BKN,2024-12-16,CLE,BKN,10.5,-10.5,-10.117854475975037,101,130,-29
2024-12-16-DEN-SAC,2024-12-16,DEN,SAC,-1.5,1.5,1.628864586353302,129,130,-1
2024-12-16-UTA-LAC,2024-12-16,UTA,LAC,-7.5,7.5,7.749175563454628,144,107,37
2024-12-15-NYK-ORL,2024-12-15,NYK,ORL,4.5,-4.5,-4.296978652477264,91,100,-9
2024-12-15-DAL-GSW,2024-12-15,DAL,GSW,-1.0,1.0,0.9120218977332115,133,143,-10
2025-04-20-MIA-CLE,2025-04-20,MIA,CLE,-12.5,12.5,12.656610816717148,121,100,21
2025-04-23-MIA-CLE,2025-04-23,MIA,CLE,-12.0,12.0,12.169025018811226,121,112,9
2025-04-26-CLE-MIA,2025-04-26,CLE,MIA,4.5,-4.5,-4.292243957519531,87,124,-37
2025-04-28-CLE-MIA,2025-04-28,CLE,MIA,8.0,-8.0,-7.938587114214897,83,138,-55
2025-04-20-ORL-BOS,2025-04-20,ORL,BOS,-12.5,12.5,12.635810613632202,103,86,17
2025-04-23-ORL-BOS,2025-04-23,ORL,BOS,-10.0,10.0,10.213360160589218,109,100,9
2025-04-25-BOS-ORL,2025-04-25,BOS,ORL,6.0,-6.0,-5.699523031711578,95,93,2
2025-04-27-BOS-ORL,2025-04-27,BOS,ORL,8.0,-8.0,-7.807184815406799,98,107,-9
2025-04-29-ORL-BOS,2025-04-29,ORL,BOS,-11.5,11.5,11.260876789689064,120,89,31
2025-04-19-DET-NYK,2025-04-19,DET,NYK,-6.5,6.5,6.374447345733643,123,112,11
2025-04-21-DET-NYK,2025-04-21,DET,NYK,-6.5,6.5,6.462341915816069,94,100,-6
2025-04-24-NYK-DET,2025-04-24,NYK,DET,1.5,-1.5,-1.5077114515006542,116,118,-2
2025-04-27-NYK-DET,2025-04-27,NYK,DET,-2.5,2.5,2.5847419276833534,93,94,-1
2025-04-29-DET-NYK,2025-04-29,DET,NYK,-5.5,5.5,5.412077717483044,103,106,-3
2025-05-01-NYK-DET,2025-05-01,NYK,DET,-1.5,1.5,1.5126085244119167,113,116,-3
2025-04-19-MIL-IND,2025-04-19,MIL,IND,-6.5,6.5,6.407185733318329,117,98,19
2025-04-22-MIL-IND,2025-04-22,MIL,IND,-4.0,4.0,3.8302320390939713,123,115,8
2025-04-25-IND-MIL,2025-04-25,IND,MIL,-5.0,5.0,4.627778857946396,117,101,16
2025-04-27-IND-MIL,2025-04-27,IND,MIL,-4.0,4.0,3.659978300333023,103,129,-26
2025-04-29-MIL-IND,2025-04-29,MIL,IND,-8.0,8.0,7.805261716246605,119,118,1
2025-04-20-MEM-OKC,2025-04-20,MEM,OKC,-13.0,13.0,13.190956503152847,131,80,51
2025-04-22-MEM-OKC,2025-04-22,MEM,OKC,-14.5,14.5,14.91099825501442,118,99,19
2025-04-24-OKC-MEM,2025-04-24,OKC,MEM,10.0,-10.0,-9.609717607498169,108,114,-6
2025-04-26-OKC-MEM,2025-04-26,OKC,MEM,15.5,-15.5,-14.936130285263062,115,117,-2
2025-04-20-GSW-HOU,2025-04-20,GSW,HOU,-1.5,1.5,1.5518450662493706,85,95,-10
2025-04-23-GSW-HOU,2025-04-23,GSW,HOU,-4.0,4.0,3.937074400484562,109,94,15
2025-04-26-HOU-GSW,2025-04-26,HOU,GSW,-2.0,2.0,2.402620017528534,104,93,11
2025-04-28-HOU-GSW,2025-04-28,HOU,GSW,-3.5,3.5,3.8036094307899475,109,106,3
2025-04-30-GSW-HOU,2025-04-30,GSW,HOU,-4.0,4.0,3.8588483184576035,131,116,15
2025-05-02-HOU-GSW,2025-05-02,HOU,GSW,-5.5,5.5,5.701975658535957,107,115,-8
2025-05-04-GSW-HOU,2025-05-04,GSW,HOU,-2.5,2.5,2.354093372821808,89,103,-14
2025-04-19-MIN-LAL,2025-04-19,MIN,LAL,-4.5,4.5,4.243682444095612,95,117,-22
2025-04-22-MIN-LAL,2025-04-22,MIN,LAL,-5.5,5.5,5.286987379193306,94,85,9
2025-04-25-LAL-MIN,2025-04-25,LAL,MIN,-4.0,4.0,3.7225214540958405,116,104,12
2025-04-27-LAL-MIN,2025-04-27,LAL,MIN,-2.5,2.5,2.56604590266943,116,113,3
2025-04-30-MIN-LAL,2025-04-30,MIN,LAL,-6.0,6.0,5.567910611629486,96,103,-7
2025-04-19-LAC-DEN,2025-04-19,LAC,DEN,-2.5,2.5,2.116974025964737,112,110,2
2025-04-21-LAC-DEN,2025-04-21,LAC,DEN,-1.0,1.0,0.7186310291290283,102,105,-3
2025-04-24-DEN-LAC,2025-04-24,DEN,LAC,-5.5,5.5,5.2201248705387115,117,83,34
2025-04-26-DEN-LAC,2025-04-26,DEN,LAC,-6.5,6.5,6.3752643540501595,99,101,-2
2025-04-29-LAC-DEN,2025-04-29,LAC,DEN,1.5,-1.5,-1.498553790152073,131,115,16
2025-05-01-DEN-LAC,2025-05-01,DEN,LAC,-6.5,6.5,6.281494274735451,111,105,6
2025-05-03-LAC-DEN,2025-05-03,LAC,DEN,-1.5,1.5,1.2322819232940674,120,101,19
2025-05-04-IND-CLE,2025-05-04,IND,CLE,-8.5,8.5,8.626671105623245,112,121,-9
2025-05-06-IND-CLE,2025-05-06,IND,CLE,-5.5,5.5,5.081969678401947,119,120,-1
2025-05-09-CLE-IND,2025-05-09,CLE,IND,5.5,-5.5,-5.139698773622513,104,126,-22
2025-05-11-CLE-IND,2025-05-11,CLE,IND,5.0,-5.0,-4.865985855460167,129,109,20
2025-05-13-IND-CLE,2025-05-13,IND,CLE,-8.5,8.5,8.453278083354235,105,114,-9
2025-05-05-NYK-BOS,2025-05-05,NYK,BOS,-9.0,9.0,8.819660052657127,105,108,-3
2025-05-07-NYK-BOS,2025-05-07,NYK,BOS,-10.0,10.0,9.791932240128517,90,91,-1
2025-05-10-BOS-NYK,2025-05-10,BOS,NYK,6.0,-6.0,-5.953438811004162,93,115,-22
2025-05-12-BOS-NYK,2025-05-12,BOS,NYK,5.5,-5.5,-5.68130661547184,121,113,8
2025-05-14-NYK-BOS,2025-05-14,NYK,BOS,-5.0,5.0,4.760043248534203,127,102,25
2025-05-16-BOS-NYK,2025-05-16,BOS,NYK,-3.0,3.0,2.815863236784935,119,81,38
2025-05-05-DEN-OKC,2025-05-05,DEN,OKC,-10.5,10.5,10.465291105210781,119,121,-2
2025-05-07-DEN-OKC,2025-05-07,DEN,OKC,-10.0,10.0,9.892959453165531,149,106,43
2025-05-09-OKC-DEN,2025-05-09,OKC,DEN,6.0,-6.0,-5.9173248410224915,113,104,9
2025-05-11-OKC-DEN,2025-05-11,OKC,DEN,6.5,-6.5,-6.3607331067323685,87,92,-5
2025-05-13-DEN-OKC,2025-05-13,DEN,OKC,-10.0,10.0,10.592569708824158,112,105,7
2025-05-15-OKC-DEN,2025-05-15,OKC,DEN,5.5,-5.5,-5.239735633134842,119,107,12
2025-05-18-DEN-OKC,2025-05-18,DEN,OKC,-8.0,8.0,8.055928587913513,125,93,32
2025-05-06-GSW-MIN,2025-05-06,GSW,MIN,-6.0,6.0,5.821300432085991,88,99,-11
2025-05-08-GSW-MIN,2025-05-08,GSW,MIN,-11.0,11.0,10.869784832000732,117,93,24
2025-05-10-MIN-GSW,2025-05-10,MIN,GSW,5.5,-5.5,-4.80934739112854,97,102,-5
2025-05-12-MIN-GSW,2025-05-12,MIN,GSW,4.5,-4.5,-4.489536270499229,110,117,-7
2025-05-14-GSW-MIN,2025-05-14,GSW,MIN,-9.5,9.5,9.426789037883282,121,110,11
2025-05-21-IND-NYK,2025-05-21,IND,NYK,-4.5,4.5,4.3203126937150955,135,138,-3
2025-05-23-IND-NYK,2025-05-23,IND,NYK,-6.0,6.0,5.778570160269737,109,114,-5
2025-05-25-NYK-IND,2025-05-25,NYK,IND,-1.5,1.5,1.518557745963335,100,106,-6
2025-05-27-NYK-IND,2025-05-27,NYK,IND,-3.0,3.0,2.853314131498337,130,121,9
2025-05-29-IND-NYK,2025-05-29,IND,NYK,-4.5,4.5,4.3163740783929825,111,94,17
2025-05-31-NYK-IND,2025-05-31,NYK,IND,-4.5,4.5,4.3863219022750854,125,108,17
2025-05-20-MIN-OKC,2025-05-20,MIN,OKC,-7.0,7.0,6.760414704680443,114,88,26
2025-05-22-MIN-OKC,2025-05-22,MIN,OKC,-8.0,8.0,7.943330146372318,118,103,15
2025-05-24-OKC-MIN,2025-05-24,OKC,MIN,3.0,-3.0,-2.853839084506035,143,101,42
2025-05-26-OKC-MIN,2025-05-26,OKC,MIN,3.0,-3.0,-2.85012187063694,126,128,-2
2025-05-28-MIN-OKC,2025-05-28,MIN,OKC,-9.0,9.0,9.408179253339767,124,94,30
2025-06-05-IND-OKC,2025-06-05,IND,OKC,-10.0,10.0,9.879320457577705,110,111,-1
2025-06-08-IND-OKC,2025-06-08,IND,OKC,-11.5,11.5,11.424160830676556,123,107,16
2025-06-11-OKC-IND,2025-06-11,OKC,IND,5.5,-5.5,-5.182667076587677,116,107,9
2025-06-13-OKC-IND,2025-06-13,OKC,IND,6.0,-6.0,-5.631511867046356,104,111,-7
2025-06-16-IND-OKC,2025-06-16,IND,OKC,-9.0,9.0,8.989681584760547,120,109,11
2025-06-19-OKC-IND,2025-06-19,OKC,IND,4.5,-4.5,-4.033075124025345,108,91,17
2025-06-22-IND-OKC,2025-06-22,IND,OKC,-6.5,6.5,6.634854853153229,103,91,12
2025-04-15-ATL-ORL,2025-04-15,ATL,ORL,-6.0,6.0,7.136655807495117,120,95,25
2025-04-16-MIA-CHI,2025-04-16,MIA,CHI,-2.0,2.0,2.624143600463867,90,109,-19
2025-04-15-MEM-GSW,2025-04-15,MEM,GSW,-6.5,6.5,7.0306084752082825,121,116,5
2025-04-16-DAL-SAC,2025-04-16,DAL,SAC,-5.5,5.5,5.457883156836033,106,120,-14
2025-04-18-MIA-ATL,2025-04-18,MIA,ATL,2.0,-2.0,-1.961509071290493,114,123,-9
2025-04-18-DAL-MEM,2025-04-18,DAL,MEM,-6.0,6.0,5.952887278050184,120,106,14
