game_id,date,away_team,home_team,market_spread_home,baseline_margin,pred_margin_mu,actual_home,actual_away,actual_margin
2024-11-12-ATL-BOS,2024-11-12,ATL,BOS,-16.0,16.0,16.546728909015656,116,117,-1
2024-11-12-MIA-DET,2024-11-12,MIA,DET,1.5,-1.5,-1.2035628855228424,123,121,2
2024-11-12-CHA-ORL,2024-11-12,CHA,ORL,-9.0,9.0,9.37874686717987,114,89,25
2024-11-12-NYK-PHI,2024-11-12,NYK,PHI,3.5,-3.5,-3.0609221756458282,99,111,-12
2024-11-12-TOR-MIL,2024-11-12,TOR,MIL,-9.0,9.0,9.019853729754686,99,85,14
2024-11-12-PHX-UTA,2024-11-12,PHX,UTA,5.5,-5.5,-5.111215502023697,112,120,-8
2024-11-12-DAL-GSW,2024-11-12,DAL,GSW,-2.5,2.5,2.6089039891958237,120,117,3
2024-11-12-MIN-POR,2024-11-12,MIN,POR,9.0,-9.0,-8.861261427402496,122,108,14
2024-11-15-MIA-IND,2024-11-15,MIA,IND,-4.5,4.5,4.2745930552482605,111,124,-13
2024-11-15-PHI-ORL,2024-11-15,PHI,ORL,-2.5,2.5,2.4814944341778755,98,86,12
2024-11-15-DET-TOR,2024-11-15,DET,TOR,2.5,-2.5,-2.486804467625916,95,99,-4
2024-11-15-WAS-ATL,2024-11-15,WAS,ATL,-9.5,9.5,9.164659351110458,129,117,12
2024-11-15-CHI-CLE,2024-11-15,CHI,CLE,-10.0,10.0,10.289936125278473,144,126,18
2024-11-15-BKN-NYK,2024-11-15,BKN,NYK,-8.5,8.5,8.50330135691911,124,122,2
2024-11-15-LAL-SAS,2024-11-15,LAL,SAS,2.5,-2.5,-1.849398672580719,115,120,-5
2024-11-15-LAC-HOU,2024-11-15,LAC,HOU,-5.0,5.0,5.671889066696167,125,104,21
2024-11-15-DEN-NOP,2024-11-15,DEN,NOP,2.0,-2.0,-1.7749687284231186,101,94,7
2024-11-15-PHX-OKC,2024-11-15,PHX,OKC,-7.5,7.5,7.660693258047104,99,83,16
2024-11-15-MEM-GSW,2024-11-15,MEM,GSW,-7.0,7.0,6.901420496404171,123,118,5
2024-11-15-MIN-SAC,2024-11-15,MIN,SAC,1.5,-1.5,-1.2579001635313034,126,130,-4
2024-11-19-CLE-BOS,2024-11-19,CLE,BOS,-7.0,7.0,7.18125656247139,120,117,3
2024-11-19-CHA-BKN,2024-11-19,CHA,BKN,-1.5,1.5,1.7596810162067413,116,115,1
2024-11-19-DEN-MEM,2024-11-19,DEN,MEM,-6.0,6.0,6.449860781431198,110,122,-12
2024-11-19-NOP-DAL,2024-11-19,NOP,DAL,-13.0,13.0,13.446554511785507,132,91,41
2024-11-19-OKC-SAS,2024-11-19,OKC,SAS,10.0,-10.0,-9.51891964673996,110,104,6
2024-11-19-UTA-LAL,2024-11-19,UTA,LAL,-10.5,10.5,11.450293242931366,124,118,6
2024-11-22-BKN-PHI,2024-11-22,BKN,PHI,-2.5,2.5,2.58752054721117,113,98,15
2024-11-22-BOS-WAS,2024-11-22,BOS,WAS,15.5,-15.5,-15.239128977060318,96,108,-12
2024-11-22-IND-MIL,2024-11-22,IND,MIL,-5.5,5.5,5.478513203561306,129,117,12
2024-11-22-ATL-CHI,2024-11-22,ATL,CHI,2.5,-2.5,-2.444141563028097,136,122,14
2024-11-22-POR-HOU,2024-11-22,POR,HOU,-11.5,11.5,12.867471575737,116,88,28
2024-11-22-GSW-NOP,2024-11-22,GSW,NOP,10.5,-10.5,-10.45666604489088,108,112,-4
2024-11-22-DAL-DEN,2024-11-22,DAL,DEN,-4.5,4.5,4.372715190052986,120,123,-3
2024-11-22-SAC-LAC,2024-11-22,SAC,LAC,4.0,-4.0,-3.6173960864543915,104,88,16
2024-11-26-CHI-WAS,2024-11-26,CHI,WAS,5.5,-5.5,-5.350474625825882,108,127,-19
2024-11-26-MIL-MIA,2024-11-26,MIL,MIA,-5.5,5.5,5.430880501866341,103,106,-3
2024-11-26-HOU-MIN,2024-11-26,HOU,MIN,-2.5,2.5,2.3557043820619583,111,117,-6
2024-11-26-SAS-UTA,2024-11-26,SAS,UTA,1.5,-1.5,-1.624388113617897,115,128,-13
2024-11-26-LAL-PHX,2024-11-26,LAL,PHX,-2.5,2.5,2.2075438797473907,127,100,27
2024-11-29-NYK-CHA,2024-11-29,NYK,CHA,12.5,-12.5,-11.421124339103699,98,99,-1
2024-11-29-CLE-ATL,2024-11-29,CLE,ATL,5.5,-5.5,-5.072041779756546,117,101,16
2024-11-29-NOP-MEM,2024-11-29,NOP,MEM,-11.5,11.5,11.57583649456501,120,109,11
2024-11-29-ORL-BKN,2024-11-29,ORL,BKN,8.0,-8.0,-8.321685492992401,100,123,-23
2024-11-29-LAC-MIN,2024-11-29,LAC,MIN,-6.5,6.5,6.489079183898866,93,92,1
2024-11-29-DET-IND,2024-11-29,DET,IND,-4.5,4.5,4.293004676699638,106,130,-24
2024-11-29-TOR-MIA,2024-11-29,TOR,MIA,-8.0,8.0,8.083623334765434,121,111,10
2024-11-29-BOS-CHI,2024-11-29,BOS,CHI,12.5,-12.5,-12.304236426949501,129,138,-9
2024-11-29-OKC-LAL,2024-11-29,OKC,LAL,3.0,-3.0,-2.964838221669197,93,101,-8
2024-11-29-SAC-POR,2024-11-29,SAC,POR,7.0,-7.0,-6.589145749807358,115,106,9
2024-12-03-PHI-CHA,2024-12-03,PHI,CHA,5.0,-5.0,-5.041967913508415,104,110,-6
2024-12-03-WAS-CLE,2024-12-03,WAS,CLE,-16.0,16.0,17.550920605659485,118,87,31
2024-12-03-MIL-DET,2024-12-03,MIL,DET,2.5,-2.5,-2.18432280421257,107,128,-21
2024-12-03-ORL-NYK,2024-12-03,ORL,NYK,-5.0,5.0,4.881761617958546,121,106,15
2024-12-03-IND-TOR,2024-12-03,IND,TOR,3.0,-3.0,-2.7739367187023163,122,111,11
2024-12-03-UTA-OKC,2024-12-03,UTA,OKC,-13.5,13.5,15.536116600036621,133,106,27
2024-12-03-MEM-DAL,2024-12-03,MEM,DAL,-4.5,4.5,4.378895804286003,121,116,5
2024-12-03-SAS-PHX,2024-12-03,SAS,PHX,-6.5,6.5,6.473295025527477,104,93,11
2024-12-03-GSW-DEN,2024-12-03,GSW,DEN,-5.0,5.0,4.609417051076889,119,115,4
2024-12-03-HOU-SAC,2024-12-03,HOU,SAC,-1.5,1.5,1.286533921957016,120,111,9
2024-12-03-POR-LAC,2024-12-03,POR,LAC,-8.5,8.5,8.705621510744095,127,105,22
2024-10-22-NYK-BOS,2024-10-22,NYK,BOS,-6.0,6.0,6.139799490571022,132,109,23
2024-10-22-MIN-LAL,2024-10-22,MIN,LAL,1.0,-1.0,-1.0982451885938644,110,103,7
2024-10-23-IND-DET,2024-10-23,IND,DET,5.0,-5.0,-4.440009415149689,109,115,-6
2024-10-23-BKN-ATL,2024-10-23,BKN,ATL,-7.0,7.0,6.691238313913345,120,116,4
2024-10-23-ORL-MIA,2024-10-23,ORL,MIA,-2.0,2.0,1.6205056011676788,97,116,-19
2024-10-23-MIL-PHI,2024-10-23,MIL,PHI,4.0,-4.0,-3.8892005532979965,109,124,-15
2024-10-23-CLE-TOR,2024-10-23,CLE,TOR,6.5,-6.5,-6.000800222158432,106,136,-30
2024-10-23-CHA-HOU,2024-10-23,CHA,HOU,-8.5,8.5,8.430194765329361,105,110,-5
2024-10-23-CHI-NOP,2024-10-23,CHI,NOP,-5.0,5.0,5.468094199895859,123,111,12
2024-10-23-MEM-UTA,2024-10-23,MEM,UTA,2.0,-2.0,-1.7378070056438446,124,126,-2
2024-10-23-PHX-LAC,2024-10-23,PHX,LAC,5.0,-5.0,-4.988491463474929,113,116,-3
2024-10-23-GSW-POR,2024-10-23,GSW,POR,7.5,-7.5,-7.3365746438503265,104,139,-35
2024-10-24-BOS-WAS,2024-10-24,BOS,WAS,14.0,-14.0,-14.104255355894566,102,122,-20
2024-10-24-SAS-DAL,2024-10-24,SAS,DAL,-9.0,9.0,9.325804829597473,120,109,11
2024-10-24-OKC-DEN,2024-10-24,OKC,DEN,-2.0,2.0,2.3100260496139526,87,102,-15
2024-10-24-MIN-SAC,2024-10-24,MIN,SAC,1.0,-1.0,-0.6100622713565826,115,117,-2
2024-10-25-BKN-ORL,2024-10-25,BKN,ORL,-12.0,12.0,12.740539073944092,116,101,15
2024-10-25-PHI-TOR,2024-10-25,PHI,TOR,5.5,-5.5,-4.95311164855957,115,107,8
2024-10-25-CHA-ATL,2024-10-25,CHA,ATL,-5.5,5.5,5.933012694120407,125,120,5
2024-10-25-DET-CLE,2024-10-25,DET,CLE,-10.5,10.5,11.240539073944092,113,101,12
2024-10-25-IND-NYK,2024-10-25,IND,NYK,-4.5,4.5,4.933012694120407,123,98,25
2024-10-25-MEM-HOU,2024-10-25,MEM,HOU,-4.0,4.0,4.433012694120407,128,108,20
2024-10-25-CHI-MIL,2024-10-25,CHI,MIL,-9.0,9.0,9.433012694120407,122,133,-11
2024-10-25-GSW-UTA,2024-10-25,GSW,UTA,6.5,-6.5,-5.95311164855957,86,127,-41
2024-10-25-PHX-LAL,2024-10-25,PHX,LAL,-1.5,1.5,1.933012694120407,123,116,7
2024-10-25-NOP-POR,2024-10-25,NOP,POR,6.5,-6.5,-5.95311164855957,103,105,-2
2024-10-26-LAC-DEN,2024-10-26,LAC,DEN,-7.5,7.5,7.855774134397507,104,109,-5
2024-10-26-MIA-CHA,2024-10-26,MIA,CHA,6.0,-6.0,-5.530350357294083,106,114,-8
2024-10-26-BOS-DET,2024-10-26,BOS,DET,12.5,-12.5,-12.030350357294083,118,124,-6
2024-10-26-CLE-WAS,2024-10-26,CLE,WAS,9.5,-9.5,-9.030350357294083,116,135,-19
2024-10-26-OKC-CHI,2024-10-26,OKC,CHI,9.5,-9.5,-9.030350357294083,95,114,-19
2024-10-26-ORL-MEM,2024-10-26,ORL,MEM,-1.0,1.0,1.3557741343975067,124,111,13
2024-10-26-TOR-MIN,2024-10-26,TOR,MIN,-15.0,15.0,15.960793554782867,112,101,11
2024-10-26-HOU-SAS,2024-10-26,HOU,SAS,1.5,-1.5,-1.1442258656024933,109,106,3
2024-10-26-DAL-PHX,2024-10-26,DAL,PHX,3.5,-3.5,-3.0303503572940826,114,102,12
2024-10-26-SAC-LAL,2024-10-26,SAC,LAL,-1.0,1.0,1.3557741343975067,131,127,4
2024-10-27-PHI-IND,2024-10-27,PHI,IND,-8.0,8.0,8.442839235067368,114,118,-4
2024-10-27-MIL-BKN,2024-10-27,MIL,BKN,8.5,-8.5,-7.94328510761261,115,102,13
2024-10-27-NOP-POR,2024-10-27,NOP,POR,6.5,-6.5,-5.94328510761261,125,103,22
2024-10-27-ATL-OKC,2024-10-27,ATL,OKC,-10.5,10.5,10.754692375659943,128,104,24
2024-10-27-LAC-GSW,2024-10-27,LAC,GSW,-9.0,9.0,9.442839235067368,104,112,-8
2024-10-28-IND-ORL,2024-10-28,IND,ORL,-5.5,5.5,5.587745554745197,119,115,4
2024-10-28-WAS-ATL,2024-10-28,WAS,ATL,-8.0,8.0,8.191299051046371,119,121,-2
2024-10-28-MIL-BOS,2024-10-28,MIL,BOS,-9.0,9.0,9.248442485928535,119,108,11
2024-10-28-DET-MIA,2024-10-28,DET,MIA,-8.5,8.5,8.572393037378788,106,98,8
2024-10-28-CLE-NYK,2024-10-28,CLE,NYK,-3.0,3.0,3.295978933572769,104,110,-6
2024-10-28-DEN-TOR,2024-10-28,DEN,TOR,8.5,-8.5,-7.94739443063736,125,127,-2
2024-10-28-CHI-MEM,2024-10-28,CHI,MEM,-5.0,5.0,4.8174047619104385,123,126,-3
2024-10-28-HOU-SAS,2024-10-28,HOU,SAS,2.5,-2.5,-1.8703515529632568,101,106,-5
2024-10-28-UTA-DAL,2024-10-28,UTA,DAL,-11.5,11.5,12.240539073944092,110,102,8
2024-10-28-LAL-PHX,2024-10-28,LAL,PHX,-4.5,4.5,4.868842720985413,109,105,4
2024-10-28-POR-SAC,2024-10-28,POR,SAC,-13.0,13.0,13.289568692445755,111,98,13
2024-10-29-DEN-BKN,2024-10-29,DEN,BKN,5.5,-5.5,-5.296764403581619,139,144,-5
2024-10-29-DAL-MIN,2024-10-29,DAL,MIN,-4.0,4.0,4.549689829349518,114,120,-6
2024-10-29-SAC-UTA,2024-10-29,SAC,UTA,6.5,-6.5,-6.11053279042244,96,113,-17
2024-10-29-NOP-GSW,2024-10-29,NOP,GSW,1.5,-1.5,-0.27591848373413086,124,106,18
2024-10-30-TOR-CHA,2024-10-30,TOR,CHA,-6.5,6.5,6.352412194013596,138,133,5
2024-10-30-LAL-CLE,2024-10-30,LAL,CLE,-4.0,4.0,4.464264959096909,134,110,24
2024-10-30-BOS-IND,2024-10-30,BOS,IND,6.5,-6.5,-5.57440972328186,135,132,3
2024-10-30-DET-PHI,2024-10-30,DET,PHI,-4.0,4.0,3.9675660878419876,95,105,-10
2024-10-30-ATL-WAS,2024-10-30,ATL,WAS,5.5,-5.5,-5.569878369569778,133,120,13
2024-10-30-NYK-MIA,2024-10-30,NYK,MIA,2.0,-2.0,-1.673066645860672,107,116,-9
2024-10-30-ORL-CHI,2024-10-30,ORL,CHI,5.5,-5.5,-5.0747222900390625,102,99,3
2024-10-30-BKN-MEM,2024-10-30,BKN,MEM,-12.0,12.0,12.290667444467545,106,119,-13
2024-10-30-SAS-OKC,2024-10-30,SAS,OKC,-12.5,12.5,13.795912504196167,105,93,12
2024-10-30-NOP-GSW,2024-10-30,NOP,GSW,-3.5,3.5,3.620990365743637,104,89,15
2024-10-30-POR-LAC,2024-10-30,POR,LAC,-8.0,8.0,8.003160765394568,105,106,-1
2024-10-31-MIL-MEM,2024-10-31,MIL,MEM,6.5,-6.5,-6.622770838439465,122,99,23
2024-10-31-HOU-DAL,2024-10-31,HOU,DAL,-6.5,6.5,6.352516129612923,102,108,-6
2024-10-31-SAS-UTA,2024-10-31,SAS,UTA,2.0,-2.0,-1.8745793551206589,88,106,-18
2024-10-31-PHX-LAC,2024-10-31,PHX,LAC,4.0,-4.0,-3.829758584499359,119,125,-6
2024-11-01-BOS-CHA,2024-11-01,BOS,CHA,10.5,-10.5,-10.006370782852173,109,124,-15
2024-11-01-ORL-CLE,2024-11-01,ORL,CLE,-7.0,7.0,6.814278468489647,120,109,11
2024-11-01-NYK-DET,2024-11-01,NYK,DET,6.0,-6.0,-5.435929715633392,98,128,-30
2024-11-01-SAC-ATL,2024-11-01,SAC,ATL,6.0,-6.0,-5.837034061551094,115,123,-8
2024-11-01-CHI-BKN,2024-11-01,CHI,BKN,-1.0,1.0,0.5237494707107544,120,112,8
2024-11-01-LAL-TOR,2024-11-01,LAL,TOR,9.0,-9.0,-8.861520603299141,125,131,-6
2024-11-01-IND-NOP,2024-11-01,IND,NOP,4.5,-4.5,-4.478718038648367,125,118,7
2024-11-01-DEN-MIN,2024-11-01,DEN,MIN,-3.5,3.5,4.035211503505707,119,116,3
2024-11-01-OKC-POR,2024-11-01,OKC,POR,11.5,-11.5,-11.469856413081288,114,137,-23
2024-11-02-BOS-CHA,2024-11-02,BOS,CHA,10.0,-10.0,-9.277671933174133,103,113,-10
2024-11-02-MEM-PHI,2024-11-02,MEM,PHI,1.0,-1.0,-0.8632732927799225,107,124,-17
2024-11-02-SAC-TOR,2024-11-02,SAC,TOR,9.5,-9.5,-9.371018201112747,131,128,3
2024-11-02-GSW-HOU,2024-11-02,GSW,HOU,-5.0,5.0,5.262804388999939,121,127,-6
2024-11-02-CLE-MIL,2024-11-02,CLE,MIL,-2.0,2.0,1.9752923976629972,113,114,-1
2024-11-02-MIN-SAS,2024-11-02,MIN,SAS,3.5,-3.5,-3.3142270892858505,113,103,10
2024-11-02-UTA-DEN,2024-11-02,UTA,DEN,-11.0,11.0,12.48541009426117,129,103,26
2024-11-02-POR-PHX,2024-11-02,POR,PHX,-13.0,13.0,12.937795024365187,103,97,6
2024-11-02-OKC-LAC,2024-11-02,OKC,LAC,5.5,-5.5,-5.246052414178848,92,105,-13
2024-11-03-DET-BKN,2024-11-03,DET,BKN,-3.0,3.0,3.7783839106559753,92,106,-14
2024-11-03-ATL-NOP,2024-11-03,ATL,NOP,1.5,-1.5,-1.5517938546836376,111,126,-15
2024-11-03-ORL-DAL,2024-11-03,ORL,DAL,-7.0,7.0,7.170950666069984,108,85,23
2024-11-04-MIL-CLE,2024-11-04,MIL,CLE,-8.0,8.0,7.803529664874077,116,114,2
2024-11-04-GSW-WAS,2024-11-04,GSW,WAS,11.0,-11.0,-11.003994850441813,112,125,-13
2024-11-04-LAL-DET,2024-11-04,LAL,DET,6.5,-6.5,-6.138380736112595,115,103,12
2024-11-04-BOS-ATL,2024-11-04,BOS,ATL,10.0,-10.0,-9.542762905359268,93,123,-30
2024-11-04-MEM-BKN,2024-11-04,MEM,BKN,4.0,-4.0,-3.912574924528599,106,104,2
2024-11-04-SAC-MIA,2024-11-04,SAC,MIA,-1.5,1.5,1.4416004084050655,110,111,-1
2024-11-04-UTA-CHI,2024-11-04,UTA,CHI,-7.5,7.5,7.491031875833869,126,135,-9
2024-11-04-NYK-HOU,2024-11-04,NYK,HOU,2.0,-2.0,-1.067282497882843,109,97,12
2024-11-04-CHA-MIN,2024-11-04,CHA,MIN,-11.5,11.5,12.035006582736969,114,93,21
2024-11-04-ORL-OKC,2024-11-04,ORL,OKC,-12.5,12.5,13.064033150672913,102,86,16
2024-11-04-POR-NOP,2024-11-04,POR,NOP,-1.5,1.5,1.2577460259199142,100,118,-18
2024-11-04-IND-DAL,2024-11-04,IND,DAL,-4.5,4.5,5.121413052082062,127,134,-7
2024-11-04-TOR-DEN,2024-11-04,TOR,DEN,-11.0,11.0,12.099721431732178,121,119,2
2024-11-04-PHI-PHX,2024-11-04,PHI,PHX,-7.5,7.5,7.492067135870457,118,116,2
2024-11-04-SAS-LAC,2024-11-04,SAS,LAC,-4.0,4.0,4.112996339797974,113,104,9
2024-11-06-DET-CHA,2024-11-06,DET,CHA,1.0,-1.0,-1.1669556498527527,108,107,1
2024-11-06-ORL-IND,2024-11-06,ORL,IND,-5.5,5.5,5.070922940969467,118,111,7
2024-11-06-NYK-ATL,2024-11-06,NYK,ATL,7.0,-7.0,-6.474175155162811,121,116,5
2024-11-06-GSW-BOS,2024-11-06,GSW,BOS,-7.0,7.0,7.134349375963211,112,118,-6
2024-11-06-SAS-HOU,2024-11-06,SAS,HOU,-6.5,6.5,7.42835146188736,127,100,27
2024-11-06-LAL-MEM,2024-11-06,LAL,MEM,-4.0,4.0,4.09820257127285,131,114,17
2024-11-06-CLE-NOP,2024-11-06,CLE,NOP,6.5,-6.5,-6.102775663137436,122,131,-9
2024-11-06-CHI-DAL,2024-11-06,CHI,DAL,-10.0,10.0,10.459290146827698,119,99,20
2024-11-06-OKC-DEN,2024-11-06,OKC,DEN,7.0,-7.0,-6.910111762583256,124,122,2
2024-11-06-MIA-PHX,2024-11-06,MIA,PHX,-5.0,5.0,5.103948973119259,115,112,3
2024-11-06-PHI-LAC,2024-11-06,PHI,LAC,-1.5,1.5,1.901413768529892,110,98,12
2024-11-06-TOR-SAC,2024-11-06,TOR,SAC,-11.5,11.5,12.032973051071167,122,107,15
2024-11-07-MIN-CHI,2024-11-07,MIN,CHI,9.5,-9.5,-9.394166514277458,119,135,-16
2024-11-07-UTA-MIL,2024-11-07,UTA,MIL,-10.0,10.0,9.557413756847382,123,100,23
2024-11-07-POR-SAS,2024-11-07,POR,SAS,-4.0,4.0,4.090535715222359,118,105,13
2024-11-08-IND-CHA,2024-11-08,IND,CHA,7.0,-7.0,-6.763530343770981,103,83,20
2024-11-08-ATL-DET,2024-11-08,ATL,DET,-2.5,2.5,2.584201604127884,122,121,1
2024-11-08-NOP-ORL,2024-11-08,NOP,ORL,-8.5,8.5,8.521862231194973,115,88,27
2024-11-08-BKN-BOS,2024-11-08,BKN,BOS,-13.5,13.5,13.931700497865677,108,104,4
2024-11-08-GSW-CLE,2024-11-08,GSW,CLE,-3.5,3.5,3.54502909258008,136,117,19
2024-11-08-MIL-NYK,2024-11-08,MIL,NYK,-6.5,6.5,6.328296273946762,116,94,22
2024-11-08-PHX-DAL,2024-11-08,PHX,DAL,-2.5,2.5,2.589315488934517,113,114,-1
2024-11-08-WAS-MEM,2024-11-08,WAS,MEM,-7.5,7.5,7.651590138673782,128,104,24
2024-11-08-HOU-OKC,2024-11-08,HOU,OKC,-7.5,7.5,7.975470036268234,126,107,19
2024-11-08-POR-MIN,2024-11-08,POR,MIN,-11.5,11.5,11.657422676682472,127,102,25
2024-11-08-MIA-DEN,2024-11-08,MIA,DEN,-3.0,3.0,3.1611127704381943,135,122,13
2024-11-08-PHI-LAL,2024-11-08,PHI,LAL,-7.5,7.5,7.36683651804924,116,106,10
2024-11-08-LAC-SAC,2024-11-08,LAC,SAC,-6.5,6.5,6.697723165154457,98,107,-9
2024-11-09-UTA-SAS,2024-11-09,UTA,SAS,-6.5,6.5,6.1671512722969055,110,111,-1
2024-11-09-CHI-ATL,2024-11-09,CHI,ATL,-2.5,2.5,2.236156940460205,113,125,-12
2024-11-09-BKN-CLE,2024-11-09,BKN,CLE,-13.0,13.0,12.970413863658905,105,100,5
2024-11-09-TOR-LAC,2024-11-09,TOR,LAC,-6.0,6.0,6.187151491641998,105,103,2
2024-11-10-HOU-DET,2024-11-10,HOU,DET,4.0,-4.0,-3.499625504016876,99,101,-2
2024-11-10-BOS-MIL,2024-11-10,BOS,MIL,5.0,-5.0,-4.6035639345645905,107,113,-6
2024-11-10-NYK-IND,2024-11-10,NYK,IND,3.0,-3.0,-2.450171649456024,132,121,11
2024-11-10-WAS-ORL,2024-11-10,WAS,ORL,-11.5,11.5,11.74817307293415,121,94,27
2024-11-10-CHA-PHI,2024-11-10,CHA,PHI,-5.0,5.0,5.278399705886841,107,105,2
2024-11-10-MIA-MIN,2024-11-10,MIA,MIN,-7.5,7.5,7.943423330783844,94,95,-1
2024-11-10-GSW-OKC,2024-11-10,GSW,OKC,-6.5,6.5,6.905279606580734,116,127,-11
2024-11-10-DAL-DEN,2024-11-10,DAL,DEN,-2.0,2.0,2.1406618803739548,122,120,2
2024-11-10-SAC-PHX,2024-11-10,SAC,PHX,1.0,-1.0,-1.2693264484405518,118,127,-9
2024-11-10-MEM-POR,2024-11-10,MEM,POR,1.0,-1.0,-0.9947857847437263,89,134,-45
2024-11-10-TOR-LAL,2024-11-10,TOR,LAL,-10.0,10.0,10.160986930131912,123,103,20
2024-11-11-CLE-CHI,2024-11-11,CLE,CHI,8.5,-8.5,-8.196165472269058,113,119,-6
2024-11-11-WAS-HOU,2024-11-11,WAS,HOU,-12.0,12.0,12.45838576555252,107,92,15
2024-11-11-BKN-NOP,2024-11-11,BKN,NOP,1.5,-1.5,-1.4994530202820897,105,107,-2
2024-11-11-LAC-OKC,2024-11-11,LAC,OKC,-6.5,6.5,7.229814767837524,134,128,6
2024-11-11-SAC-SAS,2024-11-11,SAC,SAS,2.5,-2.5,-2.013820320367813,116,96,20
2024-11-13-IND-ORL,2024-11-13,IND,ORL,-1.0,1.0,0.9391205310821533,94,90,4
2024-11-13-BOS-BKN,2024-11-13,BOS,BKN,10.0,-10.0,-9.830742508172989,114,139,-25
2024-11-13-CHI-NYK,2024-11-13,CHI,NYK,-8.5,8.5,8.43264902383089,123,124,-1
2024-11-13-CLE-PHI,2024-11-13,CLE,PHI,11.0,-11.0,-10.686220556497574,106,114,-8
2024-11-13-NOP-OKC,2024-11-13,NOP,OKC,-14.5,14.5,15.641996502876282,106,88,18
2024-11-13-LAC-HOU,2024-11-13,LAC,HOU,-5.0,5.0,5.8059030175209045,111,103,8
2024-11-13-DET-MIL,2024-11-13,DET,MIL,-7.0,7.0,6.829011753201485,127,120,7
2024-11-13-WAS-SAS,2024-11-13,WAS,SAS,-9.5,9.5,9.253810659050941,139,130,9
2024-11-13-MEM-LAL,2024-11-13,MEM,LAL,-7.5,7.5,7.9256492257118225,128,123,5
2024-11-13-MIN-POR,2024-11-13,MIN,POR,10.0,-10.0,-9.780305534601212,106,98,8
2024-11-13-PHX-SAC,2024-11-13,PHX,SAC,-8.0,8.0,7.942916054278612,127,104,23
2024-11-14-DAL-UTA,2024-11-14,DAL,UTA,7.5,-7.5,-7.01542791724205,115,113,2
2024-11-16-MIL-CHA,2024-11-16,MIL,CHA,4.0,-4.0,-3.6829430162906647,115,114,1
2024-11-16-TOR-BOS,2024-11-16,TOR,BOS,-16.5,16.5,16.979972332715988,126,123,3
2024-11-16-LAL-NOP,2024-11-16,LAL,NOP,8.0,-8.0,-7.649208098649979,99,104,-5
2024-11-16-SAS-DAL,2024-11-16,SAS,DAL,-13.5,13.5,13.971152067184448,110,93,17
2024-11-16-UTA-SAC,2024-11-16,UTA,SAC,-6.5,6.5,7.0738009214401245,121,117,4
2024-11-17-PHX-MIN,2024-11-17,PHX,MIN,-7.5,7.5,7.853381991386414,120,117,3
2024-11-17-MIA-IND,2024-11-17,MIA,IND,-3.5,3.5,3.6218650937080383,119,110,9
2024-11-17-CHA-CLE,2024-11-17,CHA,CLE,-10.0,10.0,10.116889275610447,128,114,14
2024-11-17-DET-WAS,2024-11-17,DET,WAS,5.0,-5.0,-5.142340064048767,104,124,-20
2024-11-17-DEN-MEM,2024-11-17,DEN,MEM,-6.0,6.0,6.512618124485016,105,90,15
2024-11-17-ATL-POR,2024-11-17,ATL,POR,4.0,-4.0,-3.755813390016556,114,110,4
2024-11-17-BKN-NYK,2024-11-17,BKN,NYK,-10.0,10.0,9.765401512384415,114,104,10
2024-11-17-HOU-CHI,2024-11-17,HOU,CHI,5.0,-5.0,-5.019240617752075,107,143,-36
2024-11-17-DAL-OKC,2024-11-17,DAL,OKC,-7.5,7.5,7.617848619818687,119,121,-2
2024-11-17-UTA-LAC,2024-11-17,UTA,LAC,-9.5,9.5,9.06521087884903,116,105,11
2024-11-18-CHI-DET,2024-11-18,CHI,DET,-4.0,4.0,3.9504114128649235,112,122,-10
2024-11-18-PHI-MIA,2024-11-18,PHI,MIA,-2.5,2.5,2.292517200112343,106,89,17
2024-11-18-WAS-NYK,2024-11-18,WAS,NYK,-14.5,14.5,16.584352493286133,134,106,28
2024-11-18-IND-TOR,2024-11-18,IND,TOR,3.0,-3.0,-2.802818775177002,130,119,11
2024-11-18-HOU-MIL,2024-11-18,HOU,MIL,-3.5,3.5,3.344514027237892,101,100,1
2024-11-18-ORL-PHX,2024-11-18,ORL,PHX,4.5,-4.5,-5.1207340359687805,99,109,-10
2024-11-18-ATL-SAC,2024-11-18,ATL,SAC,-4.0,4.0,4.0996473133563995,108,109,-1
2024-11-18-GSW-LAC,2024-11-18,GSW,LAC,5.0,-5.0,-4.616813629865646,102,99,3
2024-11-20-NOP-CLE,2024-11-20,NOP,CLE,-14.0,14.0,15.644909858703613,128,100,28
2024-11-20-CHI-MIL,2024-11-20,CHI,MIL,-9.0,9.0,9.015641830861568,122,106,16
2024-11-20-IND-HOU,2024-11-20,IND,HOU,-6.0,6.0,6.235539093613625,130,113,17
2024-11-20-PHI-MEM,2024-11-20,PHI,MEM,5.0,-5.0,-4.814145922660828,117,111,6
2024-11-20-POR-OKC,2024-11-20,POR,OKC,-13.0,13.0,14.290263652801514,109,99,10
2024-11-20-NYK-PHX,2024-11-20,NYK,PHX,4.5,-4.5,-4.147777229547501,122,138,-16
2024-11-20-ATL-GSW,2024-11-20,ATL,GSW,-7.0,7.0,7.1361145079135895,120,97,23
2024-11-20-ORL-LAC,2024-11-20,ORL,LAC,3.5,-3.5,-3.538636401295662,104,93,11
2024-11-21-DET-CHA,2024-11-21,DET,CHA,2.5,-2.5,-2.084018260240555,123,121,2
2024-11-21-MIN-TOR,2024-11-21,MIN,TOR,7.0,-7.0,-6.741985708475113,110,105,5
2024-11-21-UTA-SAS,2024-11-21,UTA,SAS,-3.0,3.0,3.177966207265854,126,118,8
2024-11-21-ORL-LAL,2024-11-21,ORL,LAL,-5.0,5.0,4.387895166873932,118,119,-1
2024-11-23-NYK-UTA,2024-11-23,NYK,UTA,8.5,-8.5,-7.981859385967255,121,106,15
2024-11-23-DET-ORL,2024-11-23,DET,ORL,-9.0,9.0,9.260536760091782,111,100,11
2024-11-23-MEM-CHI,2024-11-23,MEM,CHI,4.0,-4.0,-4.32450732588768,131,142,-11
2024-11-23-POR-HOU,2024-11-23,POR,HOU,-12.0,12.0,13.139171838760376,98,104,-6
2024-11-23-CHA-MIL,2024-11-23,CHA,MIL,-8.0,8.0,8.599812030792236,125,119,6
2024-11-23-GSW-SAS,2024-11-23,GSW,SAS,3.5,-3.5,-3.3575812578201294,104,94,10
2024-11-23-DEN-LAL,2024-11-23,DEN,LAL,-4.0,4.0,3.920218348503113,102,127,-25
2024-11-24-MIN-BOS,2024-11-24,MIN,BOS,-8.0,8.0,7.944337282329798,107,105,2
2024-11-24-WAS-IND,2024-11-24,WAS,IND,-12.0,12.0,12.1461630910635,115,103,12
2024-11-24-DAL-MIA,2024-11-24,DAL,MIA,-2.5,2.5,2.4794494546949863,123,118,5
2024-11-24-LAC-PHI,2024-11-24,LAC,PHI,1.5,-1.5,-1.5595450587570667,99,125,-26
2024-11-24-TOR-CLE,2024-11-24,TOR,CLE,-11.5,11.5,11.745391681790352,122,108,14
2024-11-24-BKN-SAC,2024-11-24,BKN,SAC,-10.5,10.5,10.272349387407303,103,108,-5
2024-11-25-ORL-CHA,2024-11-25,ORL,CHA,4.5,-4.5,-4.326855272054672,84,95,-11
2024-11-25-TOR-DET,2024-11-25,TOR,DET,-4.0,4.0,3.9050724878907204,102,100,2
2024-11-25-NOP-IND,2024-11-25,NOP,IND,-8.0,8.0,7.768688216805458,114,110,4
2024-11-25-DAL-ATL,2024-11-25,DAL,ATL,-2.5,2.5,2.560704156756401,119,129,-10
2024-11-25-LAC-BOS,2024-11-25,LAC,BOS,-10.5,10.5,10.870709925889969,126,94,32
2024-11-25-POR-MEM,2024-11-25,POR,MEM,-10.5,10.5,10.226478904485703,123,98,25
2024-11-25-NYK-DEN,2024-11-25,NYK,DEN,-2.5,2.5,3.0757272839546204,118,145,-27
2024-11-25-BKN-GSW,2024-11-25,BKN,GSW,-13.5,13.5,13.878053396940231,120,128,-8
2024-11-25-OKC-SAC,2024-11-25,OKC,SAC,3.5,-3.5,-3.1389213502407074,109,130,-21
2024-11-27-MIA-CHA,2024-11-27,MIA,CHA,4.5,-4.5,-3.8729759454727173,94,98,-4
2024-11-27-ATL-CLE,2024-11-27,ATL,CLE,-9.0,9.0,8.742024093866348,124,135,-11
2024-11-27-POR-IND,2024-11-27,POR,IND,-9.5,9.5,9.521107666194439,121,114,7
2024-11-27-CHI-ORL,2024-11-27,CHI,ORL,-9.5,9.5,9.85167345404625,133,119,14
2024-11-27-HOU-PHI,2024-11-27,HOU,PHI,5.0,-5.0,-5.066144309937954,115,122,-7
2024-11-27-LAC-WAS,2024-11-27,LAC,WAS,9.0,-9.0,-9.199396535754204,96,121,-25
2024-11-27-NYK-DAL,2024-11-27,NYK,DAL,4.0,-4.0,-3.2778385877609253,129,114,15
2024-11-27-DET-MEM,2024-11-27,DET,MEM,-8.0,8.0,7.922386102378368,131,111,20
2024-11-27-SAC-MIN,2024-11-27,SAC,MIN,-3.0,3.0,2.9608009308576584,104,115,-11
2024-11-27-TOR-NOP,2024-11-27,TOR,NOP,-1.0,1.0,0.7319646775722504,93,119,-26
2024-11-27-LAL-SAS,2024-11-27,LAL,SAS,2.0,-2.0,-1.4423646330833435,101,119,-18
2024-11-27-BKN-PHX,2024-11-27,BKN,PHX,-9.5,9.5,9.187955290079117,117,127,-10
2024-11-27-DEN-UTA,2024-11-27,DEN,UTA,11.0,-11.0,-10.889278456568718,103,122,-19
2024-11-27-OKC-GSW,2024-11-27,OKC,GSW,4.0,-4.0,-3.4234511852264404,101,105,-4
2024-11-30-ATL-CHA,2024-11-30,ATL,CHA,5.5,-5.5,-5.1665021777153015,104,107,-3
2024-11-30-PHI-DET,2024-11-30,PHI,DET,2.0,-2.0,-1.9542692601680756,96,111,-15
2024-11-30-WAS-MIL,2024-11-30,WAS,MIL,-14.5,14.5,15.795963168144226,124,114,10
2024-11-30-GSW-PHX,2024-11-30,GSW,PHX,-1.0,1.0,0.757865235209465,113,105,8
2024-11-30-DAL-UTA,2024-11-30,DAL,UTA,6.5,-6.5,-6.190521329641342,94,106,-12
2024-12-01-ORL-BKN,2024-12-01,ORL,BKN,6.5,-6.5,-6.94327050447464,92,100,-8
2024-12-01-IND-MEM,2024-12-01,IND,MEM,-6.0,6.0,6.101299732923508,136,121,15
2024-12-01-BOS-CLE,2024-12-01,BOS,CLE,-2.0,2.0,1.9107548296451569,115,111,4
2024-12-01-NOP-NYK,2024-12-01,NOP,NYK,-12.5,12.5,12.932801991701126,118,85,33
2024-12-01-MIA-TOR,2024-12-01,MIA,TOR,5.0,-5.0,-4.507785111665726,119,116,3
2024-12-01-OKC-HOU,2024-12-01,OKC,HOU,1.5,-1.5,-0.9651504158973694,119,116,3
2024-12-01-LAL-UTA,2024-12-01,LAL,UTA,5.5,-5.5,-5.230908304452896,104,105,-1
2024-12-01-DAL-POR,2024-12-01,DAL,POR,5.5,-5.5,-5.05021545290947,131,137,-6
2024-12-01-SAS-SAC,2024-12-01,SAS,SAC,-6.5,6.5,6.6417292058467865,125,127,-2
2024-12-01-DEN-LAC,2024-12-01,DEN,LAC,3.0,-3.0,-2.5876985490322113,126,122,4
2024-12-02-NOP-ATL,2024-12-02,NOP,ATL,-9.0,9.0,8.772794142365456,124,112,12
2024-12-02-MIA-BOS,2024-12-02,MIA,BOS,-9.5,9.5,8.977914929389954,108,89,19
2024-12-02-BKN-CHI,2024-12-02,BKN,CHI,-7.5,7.5,7.1184461414813995,128,102,26
2024-12-02-LAL-MIN,2024-12-02,LAL,MIN,-7.5,7.5,7.8390494883060455,109,80,29
2024-12-04-DET-BOS,2024-12-04,DET,BOS,-12.5,12.5,13.48976594209671,130,120,10
2024-12-04-IND-BKN,2024-12-04,IND,BKN,3.0,-3.0,-3.018784061074257,99,90,9
2024-12-04-LAL-MIA,2024-12-04,LAL,MIA,-3.5,3.5,3.467025864869356,134,93,41
2024-12-04-ORL-PHI,2024-12-04,ORL,PHI,5.5,-5.5,-5.38370768725872,102,106,-4
2024-12-04-ATL-MIL,2024-12-04,ATL,MIL,-4.5,4.5,4.303158566355705,104,119,-15
2024-12-04-MIN-LAC,2024-12-04,MIN,LAC,4.5,-4.5,-4.356963828206062,80,108,-28
2024-12-05-DEN-CLE,2024-12-05,DEN,CLE,-3.5,3.5,3.265740215778351,126,114,12
2024-12-05-DAL-WAS,2024-12-05,DAL,WAS,13.5,-13.5,-13.36137667298317,101,137,-36
2024-12-05-CHA-NYK,2024-12-05,CHA,NYK,-14.5,14.5,15.848552227020264,125,101,24
2024-12-05-OKC-TOR,2024-12-05,OKC,TOR,10.5,-10.5,-10.15526482462883,92,129,-37
2024-12-05-SAC-MEM,2024-12-05,SAC,MEM,-3.5,3.5,3.5392404533922672,115,110,5
2024-12-05-PHX-NOP,2024-12-05,PHX,NOP,1.5,-1.5,-1.4269800633192062,126,124,2
2024-12-05-CHI-SAS,2024-12-05,CHI,SAS,-2.5,2.5,2.9953135550022125,124,139,-15
2024-12-05-HOU-GSW,2024-12-05,HOU,GSW,4.5,-4.5,-4.373090147972107,99,93,6
2024-12-06-ORL-PHI,2024-12-06,ORL,PHI,2.5,-2.5,-2.2729222178459167,102,94,8
2024-12-06-LAL-ATL,2024-12-06,LAL,ATL,-3.5,3.5,3.6239602267742157,134,132,2
2024-12-06-MIL-BOS,2024-12-06,MIL,BOS,-8.0,8.0,7.791094467043877,111,105,6
2024-12-06-IND-CHI,2024-12-06,IND,CHI,3.0,-3.0,-3.1455585956573486,123,132,-9
2024-12-06-SAC-SAS,2024-12-06,SAC,SAS,7.0,-7.0,-7.038247972726822,113,140,-27
2024-12-06-MIN-GSW,2024-12-06,MIN,GSW,1.5,-1.5,-1.5163911804556847,90,107,-17
2024-12-06-UTA-POR,2024-12-06,UTA,POR,-4.0,4.0,3.8006740510463715,99,141,-42
2024-12-07-CLE-CHA,2024-12-07,CLE,CHA,13.5,-13.5,-13.171755135059357,102,116,-14
2024-12-07-DEN-WAS,2024-12-07,DEN,WAS,11.5,-11.5,-11.559253849089146,122,113,9
2024-12-07-OKC-NOP,2024-12-07,OKC,NOP,8.0,-8.0,-7.375914752483368,109,119,-10
2024-12-07-DET-NYK,2024-12-07,DET,NYK,-8.0,8.0,8.149258241057396,111,120,-9
2024-12-07-DAL-TOR,2024-12-07,DAL,TOR,8.0,-8.0,-7.756691560149193,118,125,-7
2024-12-07-MEM-BOS,2024-12-07,MEM,BOS,-7.0,7.0,6.900705441832542,121,127,-6
2024-12-07-PHX-MIA,2024-12-07,PHX,MIA,-5.5,5.5,5.449557762593031,121,111,10
2024-12-08-PHI-CHI,2024-12-08,PHI,CHI,3.0,-3.0,-3.442556917667389,100,108,-8
2024-12-08-MIL-BKN,2024-12-08,MIL,BKN,6.0,-6.0,-6.071511194109917,113,118,-5
2024-12-08-CHA-IND,2024-12-08,CHA,IND,-12.0,12.0,12.146209731698036,109,113,-4
2024-12-08-DEN-ATL,2024-12-08,DEN,ATL,-1.0,1.0,1.0122800497338176,111,141,-30
2024-12-08-CLE-MIA,2024-12-08,CLE,MIA,2.5,-2.5,-2.157086044549942,122,113,9
2024-12-08-PHX-ORL,2024-12-08,PHX,ORL,-2.0,2.0,1.945939552038908,115,110,5
2024-12-08-MEM-WAS,2024-12-08,MEM,WAS,10.0,-10.0,-9.846819698810577,112,140,-28
2024-12-08-NOP-SAS,2024-12-08,NOP,SAS,-7.0,7.0,6.659235835075378,121,116,5
2024-12-08-MIN-GSW,2024-12-08,MIN,GSW,-1.5,1.5,1.456157375127077,114,106,8
2024-12-08-HOU-LAC,2024-12-08,HOU,LAC,3.0,-3.0,-2.5919640958309174,106,117,-11
2024-12-08-UTA-SAC,2024-12-08,UTA,SAC,-11.0,11.0,11.882907569408417,141,97,44
2024-12-08-POR-LAL,2024-12-08,POR,LAL,-7.0,7.0,6.79118050634861,107,98,9
2024-12-09-NYK-TOR,2024-12-09,NYK,TOR,8.0,-8.0,-7.477610349655151,108,113,-5
2024-12-19-UTA-DET,2024-12-19,UTA,DET,-4.5,4.5,4.236829549074173,119,126,-7
2024-12-19-OKC-ORL,2024-12-19,OKC,ORL,6.5,-6.5,-5.888886094093323,99,105,-6
2024-12-19-CHA-WAS,2024-12-19,CHA,WAS,4.0,-4.0,-3.8999565690755844,123,114,9
2024-12-19-CHI-BOS,2024-12-19,CHI,BOS,-14.5,14.5,14.892289578914642,108,117,-9
2024-12-19-BKN-TOR,2024-12-19,BKN,TOR,-2.5,2.5,2.236249476671219,94,101,-7
2024-12-19-NOP-HOU,2024-12-19,NOP,HOU,-9.0,9.0,9.075521767139435,133,113,20
2024-12-19-GSW-MEM,2024-12-19,GSW,MEM,-2.0,2.0,2.6706313490867615,144,93,51
2024-12-19-NYK-MIN,2024-12-19,NYK,MIN,-3.5,3.5,3.6931086629629135,107,133,-26
2024-12-19-LAC-DAL,2024-12-19,LAC,DAL,1.0,-1.0,-1.2877931892871857,95,118,-23
2024-12-19-IND-PHX,2024-12-19,IND,PHX,-6.0,6.0,5.4252482652664185,111,120,-9
2024-12-19-ATL-SAS,2024-12-19,ATL,SAS,-1.0,1.0,0.6950120031833649,133,126,7
2024-12-19-DEN-POR,2024-12-19,DEN,POR,8.5,-8.5,-8.607526160776615,126,124,2
2024-12-19-LAL-SAC,2024-12-19,LAL,SAC,-4.5,4.5,4.366727381944656,100,113,-13
2024-12-20-CHA-PHI,2024-12-20,CHA,PHI,-13.5,13.5,13.779663234949112,108,98,10
2024-12-20-MIL-CLE,2024-12-20,MIL,CLE,-9.0,9.0,8.947737362235785,124,101,23
2024-12-20-OKC-MIA,2024-12-20,OKC,MIA,1.0,-1.0,-1.2116409987211227,97,104,-7
2024-12-21-LAL-SAC,2024-12-21,LAL,SAC,-4.0,4.0,3.6716466546058655,99,103,-4
2024-12-21-MIA-ORL,2024-12-21,MIA,ORL,-2.0,2.0,2.281592518091202,121,114,7
2024-12-21-MEM-ATL,2024-12-21,MEM,ATL,1.5,-1.5,-1.1183529794216156,112,128,-16
2024-12-21-UTA-BKN,2024-12-21,UTA,BKN,-1.5,1.5,1.95985147356987,94,105,-11
2024-12-21-PHI-CLE,2024-12-21,PHI,CLE,-9.0,9.0,8.876005597412586,126,99,27
2024-12-21-BOS-CHI,2024-12-21,BOS,CHI,12.0,-12.0,-11.733244389295578,98,123,-25
2024-12-21-WAS-MIL,2024-12-21,WAS,MIL,-8.5,8.5,8.109594851732254,112,101,11
2024-12-21-GSW-MIN,2024-12-21,GSW,MIN,-4.0,4.0,4.2538900673389435,103,113,-10
2024-12-21-NYK-NOP,2024-12-21,NYK,NOP,8.0,-8.0,-7.94323730841279,93,104,-11
2024-12-21-LAC-DAL,2024-12-21,LAC,DAL,-3.5,3.5,3.374644547700882,113,97,16
2024-12-21-POR-SAS,2024-12-21,POR,SAS,-6.5,6.5,6.285418972373009,114,94,20
2024-12-21-DET-PHX,2024-12-21,DET,PHX,-5.5,5.5,5.215274333953857,125,133,-8
2024-12-22-HOU-TOR,2024-12-22,HOU,TOR,9.0,-9.0,-8.812057971954346,110,114,-4
2024-12-22-IND-SAC,2024-12-22,IND,SAC,-3.0,3.0,3.0194468535482883,95,122,-27
2024-12-22-DEN-NOP,2024-12-22,DEN,NOP,8.5,-8.5,-8.335496366024017,129,132,-3
2024-12-23-HOU-CHA,2024-12-23,HOU,CHA,6.0,-6.0,-6.126643553376198,101,114,-13
2024-12-23-UTA-CLE,2024-12-23,UTA,CLE,-14.0,14.0,15.685668230056763,124,113,11
2024-12-23-BOS-ORL,2024-12-23,BOS,ORL,8.5,-8.5,-7.833287358283997,108,104,4
2024-12-23-SAS-PHI,2024-12-23,SAS,PHI,-5.5,5.5,5.496022392064333,111,106,5
2024-12-23-MIN-ATL,2024-12-23,MIN,ATL,3.5,-3.5,-3.7377877682447433,117,104,13
2024-12-23-BKN-MIA,2024-12-23,BKN,MIA,-10.0,10.0,9.729520380496979,110,95,15
2024-12-23-TOR-NYK,2024-12-23,TOR,NYK,-14.0,14.0,14.479207307100296,139,125,14
2024-12-23-MIL-CHI,2024-12-23,MIL,CHI,-3.0,3.0,2.774620160460472,91,112,-21
2024-12-23-LAC-MEM,2024-12-23,LAC,MEM,-6.0,6.0,5.855502098798752,110,114,-4
2024-12-23-WAS-OKC,2024-12-23,WAS,OKC,-18.0,18.0,20.328769207000732,123,105,18
2024-12-23-POR-DAL,2024-12-23,POR,DAL,-12.5,12.5,13.444882571697235,132,108,24
2024-12-23-PHX-DEN,2024-12-23,PHX,DEN,-4.0,4.0,3.928359068930149,117,90,27
2024-12-23-IND-GSW,2024-12-23,IND,GSW,-6.0,6.0,5.913480386137962,105,111,-6
2024-12-23-DET-LAL,2024-12-23,DET,LAL,-6.5,6.5,6.574482202529907,114,117,-3
2024-12-25-SAS-NYK,2024-12-25,SAS,NYK,-8.5,8.5,8.493345119990408,117,114,3
2024-12-25-MIN-DAL,2024-12-25,MIN,DAL,-5.0,5.0,4.421462416648865,99,105,-6
2024-12-25-PHI-BOS,2024-12-25,PHI,BOS,-10.5,10.5,10.669467180967331,114,118,-4
2024-12-25-LAL-GSW,2024-12-25,LAL,GSW,-4.0,4.0,3.6548030376434326,113,115,-2
2024-12-25-DEN-PHX,2024-12-25,DEN,PHX,2.5,-2.5,-2.352998062968254,110,100,10
2024-12-26-OKC-IND,2024-12-26,OKC,IND,5.0,-5.0,-4.831768557429314,114,120,-6
2024-12-26-MIA-ORL,2024-12-26,MIA,ORL,-1.5,1.5,1.7671732604503632,88,89,-1
2024-12-26-CHA-WAS,2024-12-26,CHA,WAS,5.0,-5.0,-4.940656013786793,113,110,3
2024-12-26-CHI-ATL,2024-12-26,CHI,ATL,-5.0,5.0,5.781347215175629,141,133,8
2024-12-26-TOR-MEM,2024-12-26,TOR,MEM,-11.0,11.0,11.329144150018692,155,126,29
2024-12-26-BKN-MIL,2024-12-26,BKN,MIL,-6.5,6.5,6.157637506723404,105,111,-6
2024-12-26-HOU-NOP,2024-12-26,HOU,NOP,7.0,-7.0,-7.077262811362743,111,128,-17
2024-12-26-UTA-POR,2024-12-26,UTA,POR,-3.5,3.5,4.078108429908752,122,120,2
2024-12-26-DET-SAC,2024-12-26,DET,SAC,-5.0,5.0,5.559912323951721,113,114,-1
2024-12-27-NYK-ORL,2024-12-27,NYK,ORL,6.5,-6.5,-6.0199964344501495,85,108,-23
2024-12-27-IND-BOS,2024-12-27,IND,BOS,-12.0,12.0,12.008557454682887,142,105,37
2024-12-27-SAS-BKN,2024-12-27,SAS,BKN,8.0,-8.0,-7.862243190407753,87,96,-9
2024-12-27-MIN-HOU,2024-12-27,MIN,HOU,-1.0,1.0,0.9656375274062157,112,113,-1
2024-12-27-MEM-NOP,2024-12-27,MEM,NOP,7.0,-7.0,-6.765163898468018,124,132,-8
2024-12-27-CLE-DEN,2024-12-27,CLE,DEN,3.5,-3.5,-3.1388135850429535,135,149,-14
2024-12-27-DAL-PHX,2024-12-27,DAL,PHX,-1.0,1.0,1.0504877157509327,89,98,-9
2024-12-27-GSW-LAC,2024-12-27,GSW,LAC,-5.5,5.5,5.7533654272556305,102,92,10
2024-12-28-MIA-ATL,2024-12-28,MIA,ATL,1.0,-1.0,-1.0016519846394658,120,110,10
2024-12-28-OKC-CHA,2024-12-28,OKC,CHA,14.0,-14.0,-13.558443933725357,94,106,-12
2024-12-28-NYK-WAS,2024-12-28,NYK,WAS,13.0,-13.0,-12.572477787733078,132,136,-4
2024-12-28-MIL-CHI,2024-12-28,MIL,CHI,2.0,-2.0,-2.048378385603428,116,111,5
2024-12-28-PHX-GSW,2024-12-28,PHX,GSW,-7.0,7.0,6.917178377509117,109,105,4
2024-12-28-DET-DEN,2024-12-28,DET,DEN,-6.5,6.5,6.6020976305007935,134,121,13
2024-12-28-PHI-UTA,2024-12-28,PHI,UTA,7.0,-7.0,-6.8578464686870575,111,114,-3
2024-12-28-DAL-POR,2024-12-28,DAL,POR,3.5,-3.5,-3.6228228509426117,126,122,4
2024-12-28-SAC-LAL,2024-12-28,SAC,LAL,3.5,-3.5,-2.964533030986786,132,122,10
2024-12-29-BKN-ORL,2024-12-29,BKN,ORL,-8.5,8.5,8.410987876355648,102,101,1
2024-12-29-IND-BOS,2024-12-29,IND,BOS,-10.5,10.5,10.372732356190681,114,123,-9
2024-12-29-ATL-TOR,2024-12-29,ATL,TOR,-1.0,1.0,0.7125599682331085,107,136,-29
2024-12-29-MIA-HOU,2024-12-29,MIA,HOU,-8.5,8.5,8.537491235882044,100,104,-4
2024-12-29-MEM-OKC,2024-12-29,MEM,OKC,-8.0,8.0,8.798353552818298,130,106,24
2024-12-29-SAS-MIN,2024-12-29,SAS,MIN,-6.0,6.0,5.971336588263512,112,110,2
2024-12-30-CHI-CHA,2024-12-30,CHI,CHA,4.0,-4.0,-3.5441777408123016,108,115,-7
2024-12-30-NYK-WAS,2024-12-30,NYK,WAS,13.0,-13.0,-12.717727810144424,106,126,-20
2024-12-30-LAC-NOP,2024-12-30,LAC,NOP,4.5,-4.5,-4.578575052320957,113,116,-3
2024-12-30-DEN-UTA,2024-12-30,DEN,UTA,7.5,-7.5,-7.126676648855209,121,132,-11
2024-12-30-CLE-GSW,2024-12-30,CLE,GSW,3.5,-3.5,-3.286740779876709,95,113,-18
2024-12-30-PHI-POR,2024-12-30,PHI,POR,7.0,-7.0,-7.139068618416786,103,125,-22
2024-12-30-DAL-SAC,2024-12-30,DAL,SAC,-8.5,8.5,8.553605150431395,110,100,10
2024-12-31-TOR-BOS,2024-12-31,TOR,BOS,-17.0,17.0,19.357032299041748,125,71,54
2024-12-31-MIL-IND,2024-12-31,MIL,IND,2.0,-2.0,-2.319291979074478,112,120,-8
2024-12-31-LAC-SAS,2024-12-31,LAC,SAS,-3.5,3.5,3.489833854138851,122,86,36
2024-12-31-MIN-OKC,2024-12-31,MIN,OKC,-6.5,6.5,7.137594819068909,113,105,8
2024-12-31-MEM-PHX,2024-12-31,MEM,PHX,-5.5,5.5,5.409646220505238,112,117,-5
2024-12-31-CLE-LAL,2024-12-31,CLE,LAL,4.5,-4.5,-4.1299711763858795,110,122,-12
2025-01-01-ORL-DET,2025-01-01,ORL,DET,-2.0,2.0,1.97065831720829,105,96,9
2025-01-01-CHI-WAS,2025-01-01,CHI,WAS,6.5,-6.5,-6.027760148048401,125,107,18
2025-01-01-NOP-MIA,2025-01-01,NOP,MIA,-9.0,9.0,8.979325361549854,119,108,11
2025-01-01-UTA-NYK,2025-01-01,UTA,NYK,-12.0,12.0,13.225740313529968,119,103,16
2025-01-01-BKN-TOR,2025-01-01,BKN,TOR,-1.0,1.0,1.07489974796772,130,113,17
2025-01-01-DAL-HOU,2025-01-01,DAL,HOU,-4.5,4.5,4.534485924988985,110,99,11
2025-01-01-ATL-DEN,2025-01-01,ATL,DEN,-8.0,8.0,7.890601307153702,139,120,19
2025-01-01-PHI-SAC,2025-01-01,PHI,SAC,-6.0,6.0,6.118188127875328,113,107,6
2025-01-02-IND-MIA,2025-01-02,IND,MIA,-2.0,2.0,2.0514858812093735,115,128,-13
2025-01-02-BOS-MIN,2025-01-02,BOS,MIN,3.0,-3.0,-2.3793416619300842,115,118,-3
2025-01-02-BKN-MIL,2025-01-02,BKN,MIL,-12.5,12.5,12.517855372279882,110,113,-3
2025-01-02-LAC-OKC,2025-01-02,LAC,OKC,-12.0,12.0,13.154461741447449,116,98,18
2025-01-02-PHI-GSW,2025-01-02,PHI,GSW,-4.0,4.0,3.97975791990757,139,105,34
2025-01-02-POR-LAL,2025-01-02,POR,LAL,-6.5,6.5,6.515149208717048,114,106,8
2025-01-03-CHA-DET,2025-01-03,CHA,DET,-7.5,7.5,7.220407098531723,98,94,4
2025-01-03-ORL-TOR,2025-01-03,ORL,TOR,2.0,-2.0,-1.7145601212978363,97,106,-9
2025-01-03-BOS-HOU,2025-01-03,BOS,HOU,3.5,-3.5,-2.4492911100387573,86,109,-23
2025-01-03-WAS-NOP,2025-01-03,WAS,NOP,-7.5,7.5,7.298856750130653,132,120,12
2025-01-03-NYK-OKC,2025-01-03,NYK,OKC,-3.5,3.5,3.792886435985565,117,107,10
2025-01-03-CLE-DAL,2025-01-03,CLE,DAL,9.5,-9.5,-8.809571504592896,122,134,-12
2025-01-03-SAS-DEN,2025-01-03,SAS,DEN,-6.0,6.0,5.693884938955307,110,113,-3
2025-01-03-MEM-SAC,2025-01-03,MEM,SAC,-3.5,3.5,3.563435822725296,138,133,5
2025-01-03-ATL-LAL,2025-01-03,ATL,LAL,-3.0,3.0,2.9989310232922435,119,102,17
2025-01-04-PHI-BKN,2025-01-04,PHI,BKN,9.0,-9.0,-8.603004366159439,94,123,-29
2025-01-04-MIN-DET,2025-01-04,MIN,DET,6.5,-6.5,-6.386581540107727,119,105,14
2025-01-04-PHX-IND,2025-01-04,PHX,IND,-3.0,3.0,3.054675620049238,126,108,18
2025-01-04-UTA-MIA,2025-01-04,UTA,MIA,-8.5,8.5,8.543821640312672,100,136,-36
2025-01-04-NYK-CHI,2025-01-04,NYK,CHI,6.0,-6.0,-5.498066008090973,139,126,13
2025-01-04-POR-MIL,2025-01-04,POR,MIL,-12.5,12.5,12.699789837002754,102,105,-3
2025-01-04-DEN-SAS,2025-01-04,DEN,SAS,3.0,-3.0,-2.402182698249817,111,122,-11
2025-01-04-MEM-GSW,2025-01-04,MEM,GSW,-3.0,3.0,3.1553554087877274,121,113,8
2025-01-04-ATL-LAC,2025-01-04,ATL,LAC,-7.0,7.0,7.090284436941147,131,105,26
2025-01-05-BOS-OKC,2025-01-05,BOS,OKC,-1.0,1.0,1.4928083717823029,105,92,13
2025-01-05-CHA-CLE,2025-01-05,CHA,CLE,-16.0,16.0,17.776264309883118,115,105,10
2025-01-05-NOP-WAS,2025-01-05,NOP,WAS,6.0,-6.0,-5.8114035576581955,98,110,-12
2025-01-05-UTA-ORL,2025-01-05,UTA,ORL,-9.5,9.5,9.417279034852982,92,105,-13
2025-01-05-LAL-HOU,2025-01-05,LAL,HOU,-4.5,4.5,4.518532071262598,119,115,4
2025-01-05-SAC-GSW,2025-01-05,SAC,GSW,-3.0,3.0,2.8397087305784225,99,129,-30
2025-01-06-POR-DET,2025-01-06,POR,DET,-6.0,6.0,6.089833624660969,118,115,3
2025-01-06-PHX-PHI,2025-01-06,PHX,PHI,1.5,-1.5,-1.324150174856186,99,109,-10
2025-01-06-IND-BKN,2025-01-06,IND,BKN,11.0,-11.0,-10.550567835569382,99,113,-14
2025-01-06-ORL-NYK,2025-01-06,ORL,NYK,-10.5,10.5,10.361586466431618,94,103,-9
2025-01-06-MIL-TOR,2025-01-06,MIL,TOR,6.0,-6.0,-5.658385187387466,104,128,-24
2025-01-06-SAS-CHI,2025-01-06,SAS,CHI,3.0,-3.0,-2.6873345971107483,114,110,4
2025-01-06-DAL-MEM,2025-01-06,DAL,MEM,-4.5,4.5,4.723723918199539,119,104,15
2025-01-06-LAC-MIN,2025-01-06,LAC,MIN,-2.5,2.5,2.1560613811016083,108,106,2
2025-01-06-MIA-SAC,2025-01-06,MIA,SAC,-4.0,4.0,3.8550960570573807,123,118,5
2025-01-07-PHX-CHA,2025-01-07,PHX,CHA,5.0,-5.0,-4.771192282438278,115,104,11
2025-01-07-HOU-WAS,2025-01-07,HOU,WAS,13.5,-13.5,-13.030290514230728,112,135,-23
2025-01-07-LAL-DAL,2025-01-07,LAL,DAL,6.5,-6.5,-6.312506973743439,118,97,21
2025-01-07-MIN-NOP,2025-01-07,MIN,NOP,4.0,-4.0,-4.040468465536833,97,104,-7
2025-01-07-ATL-UTA,2025-01-07,ATL,UTA,5.5,-5.5,-5.361695125699043,121,124,-3
2025-01-07-BOS-DEN,2025-01-07,BOS,DEN,10.5,-10.5,-10.567697495222092,106,118,-12
2025-01-07-MIA-GSW,2025-01-07,MIA,GSW,-9.0,9.0,8.647732704877853,98,114,-16
2025-01-08-OKC-CLE,2025-01-08,OKC,CLE,-3.0,3.0,2.7139665484428406,129,122,7
2025-01-08-CHI-IND,2025-01-08,CHI,IND,-5.0,5.0,5.121350035071373,129,113,16
2025-01-08-TOR-NYK,2025-01-08,TOR,NYK,-12.0,12.0,13.277355194091797,112,98,14
2025-01-08-WAS-PHI,2025-01-08,WAS,PHI,-10.5,10.5,10.372518464922905,109,103,6
2025-01-08-DET-BKN,2025-01-08,DET,BKN,9.5,-9.5,-9.035650342702866,98,113,-15
2025-01-08-POR-NOP,2025-01-08,POR,NOP,-2.0,2.0,1.932362511754036,100,119,-19
2025-01-08-LAC-DEN,2025-01-08,LAC,DEN,3.5,-3.5,-3.21126526594162,126,103,23
2025-01-08-SAS-MIL,2025-01-08,SAS,MIL,-4.5,4.5,4.588723920285702,121,105,16
2025-01-09-TOR-CLE,2025-01-09,TOR,CLE,-13.5,13.5,15.429875135421753,132,126,6
2025-01-09-GSW-DET,2025-01-09,GSW,DET,2.5,-2.5,-2.2905339300632477,104,107,-3
2025-01-09-MIN-ORL,2025-01-09,MIN,ORL,5.5,-5.5,-5.280853018164635,89,104,-15
2025-01-09-HOU-MEM,2025-01-09,HOU,MEM,-3.0,3.0,3.3463927805423737,115,119,-4
2025-01-09-POR-DAL,2025-01-09,POR,DAL,-7.5,7.5,7.572291791439056,117,111,6
2025-01-09-ATL-PHX,2025-01-09,ATL,PHX,-6.0,6.0,5.825500637292862,123,115,8
2025-01-09-MIA-UTA,2025-01-09,MIA,UTA,5.5,-5.5,-5.183695942163467,92,97,-5
2025-02-19-CHA-LAL,2025-02-19,CHA,LAL,-13.0,13.0,13.136197671294212,97,100,-3
2025-01-10-GSW-IND,2025-01-10,GSW,IND,-11.0,11.0,11.58577185869217,108,96,12
2025-01-10-MIL-ORL,2025-01-10,MIL,ORL,6.0,-6.0,-5.472299695014954,106,109,-3
2025-01-10-NOP-PHI,2025-01-10,NOP,PHI,-7.0,7.0,6.742929309606552,115,123,-8
2025-01-10-SAC-BOS,2025-01-10,SAC,BOS,-12.0,12.0,12.03680656477809,97,114,-17
2025-01-10-OKC-NYK,2025-01-10,OKC,NYK,2.5,-2.5,-2.5555777847766876,101,126,-25
2025-01-10-WAS-CHI,2025-01-10,WAS,CHI,-10.0,10.0,9.635377764701843,138,105,33
2025-01-10-BKN-DEN,2025-01-10,BKN,DEN,-15.0,15.0,17.33592963218689,124,105,19
2025-01-28-HOU-ATL,2025-01-28,HOU,ATL,5.0,-5.0,-4.597032696008682,96,100,-4
2025-01-11-UTA-PHX,2025-01-11,UTA,PHX,-10.5,10.5,10.964383125305176,114,106,8
2025-01-11-TOR-DET,2025-01-11,TOR,DET,-5.0,5.0,5.044665317982435,123,114,9
2025-01-11-MEM-MIN,2025-01-11,MEM,MIN,-2.5,2.5,2.468006454408169,125,127,-2
2025-01-11-MIA-POR,2025-01-11,MIA,POR,4.5,-4.5,-4.535062201321125,98,119,-21
2025-03-17-SAS-LAL,2025-03-17,SAS,LAL,-9.0,9.0,9.32670521736145,125,109,16
2025-03-16-CHA-LAC,2025-03-16,CHA,LAC,-13.5,13.5,14.436723470687866,123,88,35
2025-01-12-MIL-NYK,2025-01-12,MIL,NYK,-5.0,5.0,5.378420948982239,140,106,34
2025-01-12-DEN-DAL,2025-01-12,DEN,DAL,5.5,-5.5,-5.108548015356064,101,112,-11
2025-01-12-SAC-CHI,2025-01-12,SAC,CHI,5.0,-5.0,-4.683546274900436,119,124,-5
2025-01-12-NOP-BOS,2025-01-12,NOP,BOS,-14.5,14.5,14.836888492107391,120,119,1
2025-01-12-IND-CLE,2025-01-12,IND,CLE,-9.0,9.0,8.769348695874214,93,108,-15
2025-01-12-PHI-ORL,2025-01-12,PHI,ORL,-2.0,2.0,2.3443338572978973,104,99,5
2025-01-12-OKC-WAS,2025-01-12,OKC,WAS,15.5,-15.5,-15.050000935792923,95,136,-41
2025-01-12-BKN-UTA,2025-01-12,BKN,UTA,-3.5,3.5,3.233965754508972,112,111,1
2025-01-12-CHA-PHX,2025-01-12,CHA,PHX,-7.0,7.0,6.724759995937347,120,113,7
2025-01-13-MIN-WAS,2025-01-13,MIN,WAS,14.5,-14.5,-14.64753133058548,106,120,-14
2025-01-13-DET-NYK,2025-01-13,DET,NYK,-8.5,8.5,8.406303592026234,119,124,-5
2025-01-13-GSW-TOR,2025-01-13,GSW,TOR,5.5,-5.5,-4.8735381960868835,104,101,3
2025-01-13-MEM-HOU,2025-01-13,MEM,HOU,-2.5,2.5,3.211754858493805,120,118,2
2025-01-13-SAS-LAL,2025-01-13,SAS,LAL,-4.5,4.5,4.054480940103531,102,126,-24
2025-01-13-MIA-LAC,2025-01-13,MIA,LAC,-8.5,8.5,8.694803804159164,109,98,11
2025-01-14-CLE-IND,2025-01-14,CLE,IND,8.0,-8.0,-7.786777079105377,117,127,-10
2025-01-14-OKC-PHI,2025-01-14,OKC,PHI,16.0,-16.0,-16.172786757349968,102,118,-16
2025-01-14-PHX-ATL,2025-01-14,PHX,ATL,2.5,-2.5,-2.387310117483139,122,117,5
2025-01-14-NOP-CHI,2025-01-14,NOP,CHI,-1.5,1.5,1.474931426346302,113,119,-6
2025-01-14-SAC-MIL,2025-01-14,SAC,MIL,-2.0,2.0,2.2775382697582245,130,115,15
2025-01-14-DEN-DAL,2025-01-14,DEN,DAL,2.5,-2.5,-1.9169856309890747,99,118,-19
2025-01-14-BKN-POR,2025-01-14,BKN,POR,-3.5,3.5,3.2454393208026886,114,132,-18
2025-01-15-NYK-PHI,2025-01-15,NYK,PHI,5.5,-5.5,-5.211425870656967,119,125,-6
2025-01-15-BOS-TOR,2025-01-15,BOS,TOR,14.0,-14.0,-13.581125885248184,110,97,13
2025-01-15-ATL-CHI,2025-01-15,ATL,CHI,-6.0,6.0,5.975192476063967,94,110,-16
2025-01-15-ORL-MIL,2025-01-15,ORL,MIL,-6.5,6.5,6.214991241693497,122,93,29
2025-01-15-GSW-MIN,2025-01-15,GSW,MIN,-7.0,7.0,7.202318385243416,115,116,-1
2025-01-15-DAL-NOP,2025-01-15,DAL,NOP,-1.0,1.0,0.7308959364891052,119,116,3
2025-01-15-MEM-SAS,2025-01-15,MEM,SAS,2.5,-2.5,-2.1679703891277313,115,129,-14
2025-01-15-HOU-DEN,2025-01-15,HOU,DEN,5.5,-5.5,-5.291615128517151,108,128,-20
2025-01-15-CHA-UTA,2025-01-15,CHA,UTA,6.0,-6.0,-6.177599176764488,112,117,-5
2025-01-15-MIA-LAL,2025-01-15,MIA,LAL,-4.5,4.5,3.9798765778541565,117,108,9
2025-01-15-BKN-LAC,2025-01-15,BKN,LAC,-15.5,15.5,16.092879354953766,126,67,59
2025-01-16-IND-DET,2025-01-16,IND,DET,1.5,-1.5,-0.916070282459259,100,111,-11
2025-01-16-PHX-WAS,2025-01-16,PHX,WAS,11.5,-11.5,-11.516193892806768,123,130,-7
2025-01-16-CLE-OKC,2025-01-16,CLE,OKC,-2.5,2.5,3.057956278324127,134,114,20
2025-01-16-LAC-POR,2025-01-16,LAC,POR,7.0,-7.0,-7.320747762918472,89,118,-29
2025-01-16-HOU-SAC,2025-01-16,HOU,SAC,-5.0,5.0,5.123791798949242,132,127,5
2025-01-17-ORL-BOS,2025-01-17,ORL,BOS,-15.0,15.0,15.330059349536896,121,94,27
2025-01-17-MIN-NYK,2025-01-17,MIN,NYK,-3.0,3.0,3.1790982633829117,99,116,-17
2025-01-17-DEN-MIA,2025-01-17,DEN,MIA,3.5,-3.5,-3.2299682796001434,113,133,-20
2025-01-17-TOR-MIL,2025-01-17,TOR,MIL,-11.0,11.0,11.756824374198914,130,112,18
2025-01-17-UTA-NOP,2025-01-17,UTA,NOP,-12.0,12.0,12.712817430496216,136,123,13
2025-01-17-MEM-SAS,2025-01-17,MEM,SAS,-2.0,2.0,2.25049489736557,112,140,-28
2025-01-17-OKC-DAL,2025-01-17,OKC,DAL,2.5,-2.5,-2.2395009994506836,106,98,8
2025-01-17-CHA-CHI,2025-01-17,CHA,CHI,-4.5,4.5,4.205665409564972,123,125,-2
2025-01-17-BKN-LAL,2025-01-17,BKN,LAL,-9.5,9.5,9.371324881911278,102,101,1
2025-01-18-PHX-DET,2025-01-18,PHX,DET,1.0,-1.0,-0.9777253717184067,121,125,-4
2025-01-18-ATL-BOS,2025-01-18,ATL,BOS,-9.5,9.5,9.456055913120508,115,119,-4
2025-01-18-PHI-IND,2025-01-18,PHI,IND,-10.5,10.5,10.520778652280569,115,102,13
2025-01-18-WAS-GSW,2025-01-18,WAS,GSW,-13.5,13.5,13.76990881562233,122,114,8
2025-01-18-CLE-MIN,2025-01-18,CLE,MIN,5.0,-5.0,-4.57396873831749,117,124,-7
2025-01-18-HOU-POR,2025-01-18,HOU,POR,10.5,-10.5,-10.031552225351334,103,125,-22
2025-01-19-SAS-MIA,2025-01-19,SAS,MIA,-3.5,3.5,3.3853653743863106,128,107,21
2025-01-19-DEN-ORL,2025-01-19,DEN,ORL,7.0,-7.0,-6.835575357079506,100,113,-13
2025-01-19-PHI-MIL,2025-01-19,PHI,MIL,-12.5,12.5,12.653976678848267,123,109,14
2025-01-19-BKN-OKC,2025-01-19,BKN,OKC,-16.5,16.5,17.394237637519836,127,101,26
2025-01-19-LAL-LAC,2025-01-19,LAL,LAC,-4.5,4.5,4.987160712480545,116,102,14
2025-01-19-CHI-POR,2025-01-19,CHI,POR,4.5,-4.5,-3.9092326164245605,113,102,11
2025-01-19-WAS-SAC,2025-01-19,WAS,SAC,-17.5,17.5,19.83810019493103,123,100,23
2025-01-20-DAL-CHA,2025-01-20,DAL,CHA,4.0,-4.0,-3.8603391349315643,110,105,5
2025-01-20-DET-HOU,2025-01-20,DET,HOU,-8.0,8.0,7.889314152300358,96,107,-11
2025-01-20-MIN-MEM,2025-01-20,MIN,MEM,-5.0,5.0,5.018532071262598,108,106,2
2025-01-20-ATL-NYK,2025-01-20,ATL,NYK,-7.5,7.5,7.317955940961838,119,110,9
2025-01-20-PHX-CLE,2025-01-20,PHX,CLE,-8.0,8.0,7.967807978391647,118,92,26
2025-01-20-BOS-GSW,2025-01-20,BOS,GSW,9.0,-9.0,-8.672646015882492,85,125,-40
2025-01-20-UTA-NOP,2025-01-20,UTA,NOP,-11.0,11.0,11.631260514259338,123,119,4
2025-01-21-NYK-BKN,2025-01-21,NYK,BKN,11.5,-11.5,-11.078290075063705,95,99,-4
2025-01-21-POR-MIA,2025-01-21,POR,MIA,-9.0,9.0,8.892957121133804,107,116,-9
2025-01-21-ORL-TOR,2025-01-21,ORL,TOR,1.0,-1.0,-0.6429973244667053,109,93,16
2025-01-21-PHI-DEN,2025-01-21,PHI,DEN,-12.0,12.0,12.278218895196915,144,109,35
2025-01-21-WAS-LAL,2025-01-21,WAS,LAL,-13.5,13.5,14.695101737976074,111,88,23
2025-01-20-CHI-LAC,2025-01-20,CHI,LAC,-6.5,6.5,6.899104744195938,99,112,-13
2025-01-22-DET-ATL,2025-01-22,DET,ATL,-4.0,4.0,4.0668957978487015,104,114,-10
2025-01-22-PHX-BKN,2025-01-22,PHX,BKN,13.0,-13.0,-12.721938639879227,84,108,-24
2025-01-22-MIN-DAL,2025-01-22,MIN,DAL,3.5,-3.5,-3.349025219678879,114,115,-1
2025-01-22-CLE-HOU,2025-01-22,CLE,HOU,1.0,-1.0,-0.893115371465683,109,108,1
2025-01-22-CHA-MEM,2025-01-22,CHA,MEM,-11.5,11.5,11.350060805678368,132,120,12
2025-04-06-MIL-NOP,2025-04-06,MIL,NOP,6.5,-6.5,-6.023417502641678,107,111,-4
2025-01-22-UTA-OKC,2025-01-22,UTA,OKC,-16.0,16.0,16.45499148964882,123,114,9
2025-01-22-GSW-SAC,2025-01-22,GSW,SAC,-7.5,7.5,8.336786985397339,123,117,6
2025-01-22-BOS-LAC,2025-01-22,BOS,LAC,12.0,-12.0,-11.382279753684998,113,117,-4
2025-01-23-POR-ORL,2025-01-23,POR,ORL,-7.0,7.0,7.121494650840759,79,101,-22
2025-01-23-TOR-ATL,2025-01-23,TOR,ATL,-5.0,5.0,5.034673783928156,119,122,-3
2025-01-23-MIA-MIL,2025-01-23,MIA,MIL,-6.0,6.0,6.0668608993291855,125,96,29
2025-01-23-DAL-OKC,2025-01-23,DAL,OKC,-11.5,11.5,11.581294603645802,115,121,-6
2025-01-23-SAC-DEN,2025-01-23,SAC,DEN,-7.5,7.5,7.797999352216721,132,123,9
2025-03-19-WAS-UTA,2025-03-19,WAS,UTA,-2.5,2.5,2.51609855145216,128,112,16
2025-01-23-CHI-GSW,2025-01-23,CHI,GSW,-4.0,4.0,4.415853887796402,131,106,25
2025-01-23-BOS-LAL,2025-01-23,BOS,LAL,6.5,-6.5,-6.462900497019291,117,96,21
2025-01-24-POR-CHA,2025-01-24,POR,CHA,1.5,-1.5,-1.2173273861408234,97,102,-5
2025-01-24-CLE-PHI,2025-01-24,CLE,PHI,9.0,-9.0,-8.859569445252419,132,129,3
2025-01-24-NOP-MEM,2025-01-24,NOP,MEM,-9.5,9.5,9.589654326438904,139,126,13
2025-01-25-DEN-MIN,2025-01-25,DEN,MIN,3.5,-3.5,-3.1647532284259796,133,104,29
2025-01-25-BOS-DAL,2025-01-25,BOS,DAL,9.0,-9.0,-8.628878444433212,107,122,-15
2025-01-25-MIA-BKN,2025-01-25,MIA,BKN,7.0,-7.0,-6.4125144481658936,97,106,-9
2025-01-25-NOP-CHA,2025-01-25,NOP,CHA,1.5,-1.5,-0.9811393022537231,123,92,31
2025-01-25-DET-ORL,2025-01-25,DET,ORL,-3.5,3.5,3.5755219534039497,121,113,8
2025-01-25-TOR-ATL,2025-01-25,TOR,ATL,-5.5,5.5,5.5498834438622,94,117,-23
2025-01-25-HOU-CLE,2025-01-25,HOU,CLE,-4.5,4.5,4.560768660157919,131,135,-4
2025-01-25-SAC-NYK,2025-01-25,SAC,NYK,-5.0,5.0,4.898662865161896,143,120,23
2025-01-25-PHI-CHI,2025-01-25,PHI,CHI,-3.5,3.5,3.5605588257312775,97,109,-12
2025-01-25-UTA-MEM,2025-01-25,UTA,MEM,-11.0,11.0,10.739694327116013,125,103,22
2025-01-25-LAL-GSW,2025-01-25,LAL,GSW,1.0,-1.0,-0.8499906361103058,108,118,-10
2025-01-25-WAS-PHX,2025-01-25,WAS,PHX,-14.0,14.0,14.525876700878143,119,109,10
2025-01-25-MIL-LAC,2025-01-25,MIL,LAC,-3.5,3.5,3.9287208020687103,127,117,10
2025-01-26-OKC-POR,2025-01-26,OKC,POR,14.0,-14.0,-13.645089536905289,108,118,-10
2025-01-27-LAL-CHA,2025-01-27,LAL,CHA,5.0,-5.0,-4.650840252637863,107,112,-5
2025-01-27-DET-CLE,2025-01-27,DET,CLE,-11.0,11.0,10.402654469013214,110,91,19
2025-01-27-HOU-BOS,2025-01-27,HOU,BOS,-5.5,5.5,5.693398505449295,112,114,-2
2025-01-27-SAC-BKN,2025-01-27,SAC,BKN,12.0,-12.0,-11.470096468925476,96,110,-14
2025-01-27-ORL-MIA,2025-01-27,ORL,MIA,1.0,-1.0,-1.3565346896648407,125,119,6
2025-01-27-MEM-NYK,2025-01-27,MEM,NYK,-3.5,3.5,3.5222641192376614,143,106,37
2025-01-27-NOP-TOR,2025-01-27,NOP,TOR,-1.0,1.0,1.3403460681438446,113,104,9
2025-01-27-DEN-CHI,2025-01-27,DEN,CHI,9.5,-9.5,-9.326470777392387,129,121,8
2025-01-27-ATL-MIN,2025-01-27,ATL,MIN,-10.5,10.5,10.232229262590408,100,92,8
2025-01-27-WAS-DAL,2025-01-27,WAS,DAL,-13.0,13.0,13.350540727376938,130,108,22
2025-01-27-MIL-UTA,2025-01-27,MIL,UTA,8.5,-8.5,-8.066443592309952,110,125,-15
2025-01-27-LAC-PHX,2025-01-27,LAC,PHX,1.0,-1.0,-1.3361223638057709,111,109,2
2025-01-28-LAL-PHI,2025-01-28,LAL,PHI,4.5,-4.5,-4.652120664715767,118,104,14
2025-01-28-UTA-GSW,2025-01-28,UTA,GSW,-10.5,10.5,10.45081977173686,114,103,11
2025-01-28-MIL-POR,2025-01-28,MIL,POR,5.5,-5.5,-4.99894243478775,125,112,13
2025-01-29-BKN-CHA,2025-01-29,BKN,CHA,-1.5,1.5,1.1708836257457733,83,104,-21
2025-01-29-DET-IND,2025-01-29,DET,IND,-5.5,5.5,5.700486347079277,133,119,14
2025-01-29-TOR-WAS,2025-01-29,TOR,WAS,5.5,-5.5,-5.7820872366428375,82,106,-24
2025-01-29-CHI-BOS,2025-01-29,CHI,BOS,-14.5,14.5,16.206247091293335,122,100,22
2025-01-29-CLE-MIA,2025-01-29,CLE,MIA,6.0,-6.0,-5.771515175700188,106,126,-20
2025-01-29-DEN-NYK,2025-01-29,DEN,NYK,-3.0,3.0,2.996789626777172,122,112,10
2025-01-29-SAC-PHI,2025-01-29,SAC,PHI,8.0,-8.0,-7.966184288263321,117,104,13
2025-01-29-DAL-NOP,2025-01-29,DAL,NOP,1.0,-1.0,-1.1583367586135864,136,137,-1
2025-01-29-LAC-SAS,2025-01-29,LAC,SAS,4.0,-4.0,-4.357947438955307,116,128,-12
2025-01-29-MIN-PHX,2025-01-29,MIN,PHX,-1.0,1.0,0.8939200043678284,113,121,-8
2025-01-29-OKC-GSW,2025-01-29,OKC,GSW,9.0,-9.0,-8.673426300287247,116,109,7
2025-01-30-LAL-WAS,2025-01-30,LAL,WAS,8.5,-8.5,-8.704988434910774,96,134,-38
2025-01-30-ATL-CLE,2025-01-30,ATL,CLE,-11.5,11.5,11.712944701313972,137,115,22
2025-01-30-HOU-MEM,2025-01-30,HOU,MEM,-4.0,4.0,3.9087902307510376,120,119,1
2025-01-30-MIN-UTA,2025-01-30,MIN,UTA,5.5,-5.5,-5.427371978759766,113,138,-25
2025-01-30-ORL-POR,2025-01-30,ORL,POR,5.0,-5.0,-4.954509995877743,119,90,29
2025-01-31-LAC-CHA,2025-01-31,LAC,CHA,13.5,-13.5,-13.482330735772848,104,112,-8
2025-01-31-DAL-DET,2025-01-31,DAL,DET,1.0,-1.0,-1.0116974534466863,117,102,15
2025-01-31-DEN-PHI,2025-01-31,DEN,PHI,9.5,-9.5,-9.32530802488327,134,137,-3
2025-01-31-CHI-TOR,2025-01-31,CHI,TOR,-4.5,4.5,4.635359391570091,106,122,-16
2025-01-31-BOS-NOP,2025-01-31,BOS,NOP,12.0,-12.0,-11.97546712309122,116,118,-2
2025-01-31-MIL-SAS,2025-01-31,MIL,SAS,2.5,-2.5,-2.101097136735916,144,118,26
2025-01-31-PHX-GSW,2025-01-31,PHX,GSW,3.0,-3.0,-2.6040267944335938,105,130,-25
2025-02-01-ATL-IND,2025-02-01,ATL,IND,-9.5,9.5,9.390106402337551,132,127,5
2025-02-01-ORL-UTA,2025-02-01,ORL,UTA,4.0,-4.0,-3.7950268387794495,113,99,14
2025-02-01-DEN-CHA,2025-02-01,DEN,CHA,12.5,-12.5,-12.235967069864273,104,107,-3
2025-02-01-BKN-HOU,2025-02-01,BKN,HOU,-13.0,13.0,13.184549674391747,98,110,-12
2025-02-01-WAS-MIN,2025-02-01,WAS,MIN,-12.0,12.0,11.978857401758432,103,105,-2
2025-02-01-SAC-OKC,2025-02-01,SAC,OKC,-7.0,7.0,7.168014407157898,144,110,34
2025-02-01-LAL-NYK,2025-02-01,LAL,NYK,-11.0,11.0,10.558342039585114,112,128,-16
2025-02-01-MIA-SAS,2025-02-01,MIA,SAS,3.0,-3.0,-2.701897233724594,103,105,-2
2025-02-01-PHX-POR,2025-02-01,PHX,POR,4.5,-4.5,-4.345619320869446,127,108,19
2025-02-02-CHI-DET,2025-02-02,CHI,DET,-6.0,6.0,6.256706863641739,127,119,8
2025-02-02-DAL-CLE,2025-02-02,DAL,CLE,-15.5,15.5,16.99625849723816,144,101,43
2025-02-02-LAC-TOR,2025-02-02,LAC,TOR,5.0,-5.0,-4.518668860197067,115,108,7
2025-02-02-BOS-PHI,2025-02-02,BOS,PHI,12.5,-12.5,-12.823516339063644,110,118,-8
2025-02-02-MEM-MIL,2025-02-02,MEM,MIL,-4.0,4.0,4.118375852704048,119,132,-13
2025-02-03-WAS-CHA,2025-02-03,WAS,CHA,-4.5,4.5,4.173869103193283,114,124,-10
2025-02-03-ATL-DET,2025-02-03,ATL,DET,-4.5,4.5,4.261050835251808,130,132,-2
2025-02-03-HOU-NYK,2025-02-03,HOU,NYK,-7.0,7.0,6.848762661218643,124,118,6
2025-02-03-SAS-MEM,2025-02-03,SAS,MEM,-3.5,3.5,3.6181131452322006,128,109,19
2025-02-03-SAC-MIN,2025-02-03,SAC,MIN,-5.0,5.0,5.232344135642052,114,116,-2
2025-02-03-MIL-OKC,2025-02-03,MIL,OKC,-17.5,17.5,18.42138570547104,125,96,29
2025-02-03-NOP-DEN,2025-02-03,NOP,DEN,-9.0,9.0,9.044052332639694,125,113,12
2025-02-03-IND-UTA,2025-02-03,IND,UTA,6.5,-6.5,-6.042675584554672,111,112,-1
2025-02-03-ORL-GSW,2025-02-03,ORL,GSW,-3.5,3.5,3.7579761147499084,104,99,5
2025-02-03-PHX-POR,2025-02-03,PHX,POR,5.0,-5.0,-4.826470777392387,121,119,2
2025-02-04-BOS-CLE,2025-02-04,BOS,CLE,-1.5,1.5,1.1945649981498718,105,112,-7
2025-02-04-HOU-BKN,2025-02-04,HOU,BKN,9.0,-9.0,-8.84781888127327,99,97,2
2025-02-04-DAL-PHI,2025-02-04,DAL,PHI,-4.0,4.0,3.97067429125309,118,116,2
2025-02-04-NYK-TOR,2025-02-04,NYK,TOR,5.5,-5.5,-4.863220810890198,115,121,-6
2025-02-04-MIA-CHI,2025-02-04,MIA,CHI,4.0,-4.0,-3.9483022317290306,133,124,9
2025-02-04-LAL-LAC,2025-02-04,LAL,LAC,-8.5,8.5,8.40862812101841,97,122,-25
2025-02-04-IND-POR,2025-02-04,IND,POR,5.5,-5.5,-5.230965048074722,112,89,23
2025-02-05-MIL-CHA,2025-02-05,MIL,CHA,10.5,-10.5,-10.324115604162216,102,112,-10
2025-02-05-CLE-DET,2025-02-05,CLE,DET,3.5,-3.5,-2.839409291744232,115,118,-3
2025-02-05-SAS-ATL,2025-02-05,SAS,ATL,4.5,-4.5,-4.162752062082291,125,126,-1
2025-02-05-WAS-BKN,2025-02-05,WAS,BKN,-5.5,5.5,5.200733989477158,102,119,-17
2025-02-05-MIA-PHI,2025-02-05,MIA,PHI,-2.0,2.0,1.8350697606801987,101,108,-7
2025-02-05-MEM-TOR,2025-02-05,MEM,TOR,10.5,-10.5,-9.961560606956482,107,138,-31
2025-02-05-CHI-MIN,2025-02-05,CHI,MIN,-11.5,11.5,11.875786572694778,127,108,19
2025-02-05-PHX-OKC,2025-02-05,PHX,OKC,-13.0,13.0,13.379285156726837,140,109,31
2025-02-05-GSW-UTA,2025-02-05,GSW,UTA,6.5,-6.5,-6.311112344264984,131,128,3
2025-02-05-NOP-DEN,2025-02-05,NOP,DEN,-11.0,11.0,11.090431451797485,144,119,25
2025-02-05-ORL-SAC,2025-02-05,ORL,SAC,-4.0,4.0,4.045401256531477,111,130,-19
2025-02-06-DAL-BOS,2025-02-06,DAL,BOS,-12.5,12.5,13.000574588775635,120,127,-7
2025-02-06-HOU-MIN,2025-02-06,HOU,MIN,-1.0,1.0,0.8285197913646698,127,114,13
2025-02-06-ORL-DEN,2025-02-06,ORL,DEN,-5.5,5.5,5.22366127371788,112,90,22
2025-02-06-GSW-LAL,2025-02-06,GSW,LAL,-5.0,5.0,5.173855304718018,120,112,8
2025-02-06-SAC-POR,2025-02-06,SAC,POR,1.5,-1.5,-1.2070861756801605,108,102,6
2025-02-06-IND-LAC,2025-02-06,IND,LAC,-5.5,5.5,5.517022129148245,112,119,-7
2025-02-07-SAS-CHA,2025-02-07,SAS,CHA,10.0,-10.0,-9.848846405744553,117,116,1
2025-02-07-CLE-WAS,2025-02-07,CLE,WAS,17.5,-17.5,-17.123601883649826,124,134,-10
2025-02-07-MIL-ATL,2025-02-07,MIL,ATL,2.5,-2.5,-2.0038569271564484,115,110,5
2025-02-07-MIA-BKN,2025-02-07,MIA,BKN,5.0,-5.0,-4.813110679388046,102,86,16
2025-02-07-PHI-DET,2025-02-07,PHI,DET,5.5,-5.5,-5.151706665754318,125,112,13
2025-02-07-TOR-OKC,2025-02-07,TOR,OKC,-19.0,19.0,19.93246901035309,121,109,12
2025-02-07-UTA-PHX,2025-02-07,UTA,PHX,-7.5,7.5,7.160357683897018,135,127,8
2025-02-08-HOU-DAL,2025-02-08,HOU,DAL,-3.0,3.0,2.7131302058696747,116,105,11
2025-02-08-IND-LAL,2025-02-08,IND,LAL,4.5,-4.5,-4.201909750699997,124,117,7
2025-02-08-SAS-ORL,2025-02-08,SAS,ORL,-3.0,3.0,3.093439482152462,112,111,1
2025-02-08-ATL-WAS,2025-02-08,ATL,WAS,7.0,-7.0,-7.265320062637329,111,125,-14
2025-02-08-GSW-CHI,2025-02-08,GSW,CHI,6.5,-6.5,-6.4421344473958015,111,132,-21
2025-02-08-OKC-MEM,2025-02-08,OKC,MEM,1.5,-1.5,-1.4136230647563934,112,125,-13
2025-02-08-POR-MIN,2025-02-08,POR,MIN,-4.0,4.0,4.123714178800583,114,98,16
2025-02-08-BOS-NYK,2025-02-08,BOS,NYK,3.0,-3.0,-3.0185038447380066,104,131,-27
2025-02-08-DEN-PHX,2025-02-08,DEN,PHX,6.5,-6.5,-6.205288618803024,105,122,-17
2025-02-08-NOP-SAC,2025-02-08,NOP,SAC,-8.0,8.0,7.764086350798607,123,118,5
2025-02-08-UTA-LAC,2025-02-08,UTA,LAC,-18.0,18.0,18.429809778928757,130,110,20
2025-02-09-CHA-DET,2025-02-09,CHA,DET,-12.0,12.0,12.308989971876144,112,102,10
2025-02-09-TOR-HOU,2025-02-09,TOR,HOU,-8.0,8.0,7.784204453229904,94,87,7
2025-02-09-PHI-MIL,2025-02-09,PHI,MIL,3.5,-3.5,-3.401908628642559,135,127,8
2025-02-10-MIN-CLE,2025-02-10,MIN,CLE,-7.5,7.5,7.431316509842873,128,107,21
2025-02-10-ATL-ORL,2025-02-10,ATL,ORL,-6.5,6.5,6.270312264561653,106,112,-6
2025-02-10-SAS-WAS,2025-02-10,SAS,WAS,11.5,-11.5,-11.298935607075691,121,131,-10
2025-02-10-CHA-BKN,2025-02-10,CHA,BKN,-5.0,5.0,5.074729889631271,97,89,8
2025-02-10-BOS-MIA,2025-02-10,BOS,MIA,8.5,-8.5,-8.05961737036705,85,103,-18
2025-02-10-GSW-MIL,2025-02-10,GSW,MIL,7.5,-7.5,-7.557359471917152,111,125,-14
2025-02-10-NOP-OKC,2025-02-10,NOP,OKC,-17.5,17.5,17.91670599579811,137,101,36
2025-02-10-SAC-DAL,2025-02-10,SAC,DAL,1.5,-1.5,-1.7352009564638138,128,129,-1
2025-02-10-POR-DEN,2025-02-10,POR,DEN,-9.0,9.0,9.046447906643152,146,117,29
2025-02-11-TOR-PHI,2025-02-11,TOR,PHI,-11.0,11.0,10.69475543498993,103,106,-3
2025-02-11-NYK-IND,2025-02-11,NYK,IND,2.0,-2.0,-1.6948003470897675,115,128,-13
2025-02-11-DET-CHI,2025-02-11,DET,CHI,5.0,-5.0,-4.8836304396390915,92,132,-40
2025-02-11-MEM-PHX,2025-02-11,MEM,PHX,4.0,-4.0,-3.833880692720413,112,119,-7
2025-02-10-UTA-LAL,2025-02-10,UTA,LAL,-12.0,12.0,12.179031521081924,132,113,19
2025-02-12-SAS-BOS,2025-02-12,SAS,BOS,-8.0,8.0,8.101944506168365,116,103,13
2025-02-12-CHA-ORL,2025-02-12,CHA,ORL,-13.0,13.0,13.173526421189308,102,86,16
2025-02-12-IND-WAS,2025-02-12,IND,WAS,10.0,-10.0,-9.87130968272686,130,134,-4
2025-02-12-PHI-BKN,2025-02-12,PHI,BKN,-2.0,2.0,2.4822591841220856,100,96,4
2025-02-12-ATL-NYK,2025-02-12,ATL,NYK,-8.0,8.0,8.18906831741333,149,148,1
2025-02-12-CLE-TOR,2025-02-12,CLE,TOR,12.5,-12.5,-12.03246185183525,108,131,-23
2025-02-12-DET-CHI,2025-02-12,DET,CHI,6.0,-6.0,-5.730327486991882,110,128,-18
2025-02-12-MIL-MIN,2025-02-12,MIL,MIN,-9.5,9.5,9.483009541407228,101,103,-2
2025-02-12-SAC-NOP,2025-02-12,SAC,NOP,6.0,-6.0,-6.164500996470451,111,119,-8
2025-02-12-MIA-OKC,2025-02-12,MIA,OKC,-14.0,14.0,14.644653379917145,115,101,14
2025-02-12-PHX-HOU,2025-02-12,PHX,HOU,-10.0,10.0,9.876466378569603,119,111,8
2025-02-12-POR-DEN,2025-02-12,POR,DEN,-8.0,8.0,7.989348636008799,132,121,11
2025-02-12-LAL-UTA,2025-02-12,LAL,UTA,9.0,-9.0,-8.835178315639496,131,119,12
2025-02-12-GSW-DAL,2025-02-12,GSW,DAL,8.0,-8.0,-8.173462152481079,111,107,4
2025-02-12-MEM-LAC,2025-02-12,MEM,LAC,-6.5,6.5,6.6484347730875015,128,114,14
2025-02-13-GSW-HOU,2025-02-13,GSW,HOU,1.5,-1.5,-1.4975963523611426,98,105,-7
2025-02-13-SAC-NOP,2025-02-13,SAC,NOP,8.5,-8.5,-8.667075768113136,140,133,7
2025-02-13-MIA-DAL,2025-02-13,MIA,DAL,3.0,-3.0,-2.7563909739255905,118,113,5
2025-02-13-OKC-MIN,2025-02-13,OKC,MIN,9.5,-9.5,-8.691664218902588,116,101,15
2025-02-20-MEM-IND,2025-02-20,MEM,IND,1.0,-1.0,-0.8213928937911987,127,113,14
2025-02-20-BOS-PHI,2025-02-20,BOS,PHI,6.5,-6.5,-6.571714222431183,104,124,-20
2025-02-20-ORL-ATL,2025-02-20,ORL,ATL,1.0,-1.0,-1.217568889260292,108,114,-6
2025-02-20-CLE-BKN,2025-02-20,CLE,BKN,12.5,-12.5,-11.85107946395874,97,110,-13
2025-02-20-CHI-NYK,2025-02-20,CHI,NYK,-10.0,10.0,10.412328988313675,113,111,2
2025-02-20-LAC-MIL,2025-02-20,LAC,MIL,2.0,-2.0,-1.7746183723211288,116,110,6
2025-02-20-CHA-DEN,2025-02-20,CHA,DEN,-18.0,18.0,18.34357413649559,129,115,14
2025-02-20-PHX-SAS,2025-02-20,PHX,SAS,2.5,-2.5,-2.4178769439458847,120,109,11
2025-02-20-LAL-POR,2025-02-20,LAL,POR,2.0,-2.0,-1.9423817656934261,102,110,-8
2025-02-21-NYK-CLE,2025-02-21,NYK,CLE,-7.5,7.5,8.14399117231369,142,105,37
2025-02-21-MEM-ORL,2025-02-21,MEM,ORL,2.0,-2.0,-1.6702043116092682,104,105,-1
2025-02-21-MIL-WAS,2025-02-21,MIL,WAS,5.5,-5.5,-5.5418728440999985,101,104,-3
2025-02-21-MIA-TOR,2025-02-21,MIA,TOR,3.5,-3.5,-3.557252436876297,111,120,-9
2025-02-21-MIN-HOU,2025-02-21,MIN,HOU,-4.0,4.0,4.055524259805679,121,115,6
2025-02-21-DET-SAS,2025-02-21,DET,SAS,4.5,-4.5,-4.348011896014214,110,125,-15
2025-02-21-NOP-DAL,2025-02-21,NOP,DAL,-5.5,5.5,5.164094537496567,111,103,8
2025-02-21-OKC-UTA,2025-02-21,OKC,UTA,15.5,-15.5,-15.172948449850082,107,130,-23
2025-02-21-GSW-SAC,2025-02-21,GSW,SAC,2.0,-2.0,-1.8958704471588135,108,132,-24
2025-02-22-PHX-CHI,2025-02-22,PHX,CHI,5.0,-5.0,-5.0454992800951,117,121,-4
2025-02-22-BKN-PHI,2025-02-22,BKN,PHI,-11.0,11.0,10.721250295639038,103,105,-2
2025-02-22-LAL-DEN,2025-02-22,LAL,DEN,-6.5,6.5,6.414318434894085,100,123,-23
2025-02-22-HOU-UTA,2025-02-22,HOU,UTA,8.0,-8.0,-7.8835857436060905,124,115,9
2025-02-22-CHA-POR,2025-02-22,CHA,POR,-6.0,6.0,5.867765560746193,141,88,53
2025-02-23-NYK-BOS,2025-02-23,NYK,BOS,-7.5,7.5,7.708734795451164,118,105,13
2025-02-23-DAL-GSW,2025-02-23,DAL,GSW,-9.5,9.5,9.627560272812843,126,102,24
2025-02-23-LAC-IND,2025-02-23,LAC,IND,-4.0,4.0,4.069704584777355,129,111,18
2025-02-23-DET-ATL,2025-02-23,DET,ATL,2.0,-2.0,-1.7064084708690643,143,148,-5
2025-02-23-WAS-ORL,2025-02-23,WAS,ORL,-13.5,13.5,14.7446790933609,110,90,20
2025-02-23-PHX-TOR,2025-02-23,PHX,TOR,3.0,-3.0,-2.849232643842697,127,109,18
2025-02-23-MIA-MIL,2025-02-23,MIA,MIL,-4.0,4.0,3.658802777528763,120,113,7
2025-02-23-SAS-NOP,2025-02-23,SAS,NOP,-2.0,2.0,1.8594293296337128,114,96,18
2025-02-23-MEM-CLE,2025-02-23,MEM,CLE,-5.5,5.5,5.4030467346310616,129,123,6
2025-02-23-OKC-MIN,2025-02-23,OKC,MIN,9.0,-9.0,-8.389716684818268,123,130,-7
2025-02-24-LAC-DET,2025-02-24,LAC,DET,-3.0,3.0,2.8691406548023224,106,97,9
2025-02-24-DEN-IND,2025-02-24,DEN,IND,3.5,-3.5,-2.9278785586357117,116,125,-9
2025-02-24-CHI-PHI,2025-02-24,CHI,PHI,-6.0,6.0,5.6830460131168365,110,142,-32
2025-02-24-BKN-WAS,2025-02-24,BKN,WAS,2.5,-2.5,-2.6243090480566025,107,99,8
2025-02-24-MIA-ATL,2025-02-24,MIA,ATL,-2.5,2.5,2.222807914018631,98,86,12
2025-02-24-MIN-OKC,2025-02-24,MIN,OKC,-11.5,11.5,11.517329078167677,128,131,-3
2025-02-24-POR-UTA,2025-02-24,POR,UTA,7.5,-7.5,-7.473586663603783,112,114,-2
2025-02-24-CHA-SAC,2025-02-24,CHA,SAC,-11.0,11.0,11.391048073768616,130,88,42
2025-02-25-BOS-TOR,2025-02-25,BOS,TOR,10.0,-10.0,-9.776244089007378,101,111,-10
2025-02-25-CLE-ORL,2025-02-25,CLE,ORL,6.0,-6.0,-5.580384463071823,82,122,-40
2025-02-25-MIL-HOU,2025-02-25,MIL,HOU,-3.0,3.0,3.0085982540622354,100,97,3
2025-02-25-PHX-MEM,2025-02-25,PHX,MEM,-6.5,6.5,6.4940412966534495,151,148,3
2025-02-25-SAS-NOP,2025-02-25,SAS,NOP,-2.5,2.5,2.24846488237381,109,103,6
2025-02-25-CHA-GSW,2025-02-25,CHA,GSW,-17.0,17.0,18.15111994743347,128,92,36
2025-02-25-DAL-LAL,2025-02-25,DAL,LAL,-8.5,8.5,8.618010982871056,107,99,8
2025-02-26-BOS-DET,2025-02-26,BOS,DET,4.5,-4.5,-3.576855957508087,117,97,20
2025-02-26-TOR-IND,2025-02-26,TOR,IND,-12.0,12.0,12.322262644767761,111,91,20
2025-02-26-PHI-NYK,2025-02-26,PHI,NYK,-8.5,8.5,8.190823704004288,110,105,5
2025-02-26-POR-WAS,2025-02-26,POR,WAS,6.0,-6.0,-5.804903328418732,121,129,-8
2025-02-26-OKC-BKN,2025-02-26,OKC,BKN,17.0,-17.0,-16.16601002216339,121,129,-8
2025-02-26-ATL-MIA,2025-02-26,ATL,MIA,-3.0,3.0,2.945939552038908,131,109,22
2025-02-26-LAC-CHI,2025-02-26,LAC,CHI,9.5,-9.5,-9.581578060984612,117,122,-5
2025-02-26-SAC-UTA,2025-02-26,SAC,UTA,9.5,-9.5,-9.64273488521576,101,118,-17
2025-02-26-SAS-HOU,2025-02-26,SAS,HOU,-7.5,7.5,7.584541730582714,118,106,12
2025-02-27-GSW-ORL,2025-02-27,GSW,ORL,4.5,-4.5,-4.209464579820633,115,121,-6
2025-02-27-DEN-MIL,2025-02-27,DEN,MIL,3.0,-3.0,-2.397081136703491,121,112,9
2025-02-27-CHA-DAL,2025-02-27,CHA,DAL,-11.0,11.0,11.148020625114441,103,96,7
2025-02-27-NOP-PHX,2025-02-27,NOP,PHX,-6.5,6.5,6.054303854703903,116,124,-8
2025-02-27-MIN-LAL,2025-02-27,MIN,LAL,-6.0,6.0,6.329264611005783,111,102,9
2025-02-28-DEN-DET,2025-02-28,DEN,DET,-2.0,2.0,2.6220743060112,119,134,-15
2025-02-28-OKC-ATL,2025-02-28,OKC,ATL,11.0,-11.0,-10.589901238679886,119,135,-16
2025-02-28-CLE-BOS,2025-02-28,CLE,BOS,-1.5,1.5,1.902696967124939,116,123,-7
2025-02-28-POR-BKN,2025-02-28,POR,BKN,1.5,-1.5,-1.4482217989861965,102,121,-19
2025-02-28-IND-MIA,2025-02-28,IND,MIA,3.0,-3.0,-2.7163930237293243,125,120,5
2025-02-28-TOR-CHI,2025-02-28,TOR,CHI,-1.0,1.0,0.7898789644241333,125,115,10
2025-02-28-NYK-MEM,2025-02-28,NYK,MEM,-2.5,2.5,2.5008804788812995,113,114,-1
2025-02-28-NOP-PHX,2025-02-28,NOP,PHX,-9.0,9.0,8.551983326673508,125,108,17
2025-02-28-MIN-UTA,2025-02-28,MIN,UTA,4.0,-4.0,-3.7162950932979584,117,116,1
2025-02-28-LAC-LAL,2025-02-28,LAC,LAL,-1.5,1.5,1.4434987604618073,106,102,4
2025-03-01-WAS-CHA,2025-03-01,WAS,CHA,-3.5,3.5,3.2507372945547104,100,113,-13
2025-03-01-BKN-DET,2025-03-01,BKN,DET,-12.5,12.5,12.828625619411469,115,94,21
2025-03-01-SAC-HOU,2025-03-01,SAC,HOU,-4.0,4.0,4.030753042548895,103,113,-10
2025-03-01-SAS-MEM,2025-03-01,SAS,MEM,-6.0,6.0,6.109830439090729,128,130,-2
2025-03-01-GSW-PHI,2025-03-01,GSW,PHI,7.0,-7.0,-6.768932491540909,126,119,7
2025-03-01-MIL-DAL,2025-03-01,MIL,DAL,2.5,-2.5,-2.3848327696323395,117,132,-15
2025-03-02-DEN-BOS,2025-03-02,DEN,BOS,-5.5,5.5,6.021510362625122,110,103,7
2025-03-02-POR-CLE,2025-03-02,POR,CLE,-11.0,11.0,10.446427822113037,133,129,4
2025-03-02-CHI-IND,2025-03-02,CHI,IND,-11.5,11.5,11.709344238042831,127,112,15
2025-03-02-NYK-MIA,2025-03-02,NYK,MIA,6.5,-6.5,-6.269679218530655,112,116,-4
2025-03-02-TOR-ORL,2025-03-02,TOR,ORL,-7.0,7.0,6.736465960741043,102,104,-2
2025-03-02-OKC-SAS,2025-03-02,OKC,SAS,12.5,-12.5,-12.265134423971176,132,146,-14
2025-03-02-NOP-UTA,2025-03-02,NOP,UTA,7.5,-7.5,-7.628736034035683,121,128,-7
2025-03-02-MIN-PHX,2025-03-02,MIN,PHX,1.5,-1.5,-1.858235627412796,98,116,-18
2025-03-02-LAC-LAL,2025-03-02,LAC,LAL,2.5,-2.5,-2.2764537930488586,108,102,6
2025-03-03-GSW-CHA,2025-03-03,GSW,CHA,13.0,-13.0,-12.489124476909637,101,119,-18
2025-03-03-POR-PHI,2025-03-03,POR,PHI,1.5,-1.5,-1.6631509065628052,102,119,-17
2025-03-03-WAS-MIA,2025-03-03,WAS,MIA,-8.5,8.5,8.57417381554842,106,90,16
2025-03-03-ATL-MEM,2025-03-03,ATL,MEM,-8.0,8.0,7.930834352970123,130,132,-2
2025-03-03-HOU-OKC,2025-03-03,HOU,OKC,-14.5,14.5,14.691213250160217,137,128,9
2025-03-03-SAC-DAL,2025-03-03,SAC,DAL,2.0,-2.0,-1.3244767785072327,98,122,-24
2025-03-03-DET-UTA,2025-03-03,DET,UTA,10.5,-10.5,-10.495916558429599,106,134,-28
2025-03-04-HOU-IND,2025-03-04,HOU,IND,-5.0,5.0,4.581410050392151,115,102,13
2025-03-04-TOR-ORL,2025-03-04,TOR,ORL,-6.5,6.5,6.3015851229429245,113,114,-1
2025-03-04-MIL-ATL,2025-03-04,MIL,ATL,5.0,-5.0,-5.201136291027069,121,127,-6
2025-03-04-GSW-NYK,2025-03-04,GSW,NYK,1.0,-1.0,-1.158826470375061,102,114,-12
2025-03-04-CLE-CHI,2025-03-04,CLE,CHI,13.5,-13.5,-13.388720780611038,117,139,-22
2025-03-04-PHI-MIN,2025-03-04,PHI,MIN,-13.0,13.0,13.227176502346992,126,112,14
2025-03-04-BKN-SAS,2025-03-04,BKN,SAS,-3.5,3.5,3.3953364714980125,127,113,14
2025-03-04-LAC-PHX,2025-03-04,LAC,PHX,2.5,-2.5,-2.650941029191017,119,117,2
2025-03-04-NOP-LAL,2025-03-04,NOP,LAL,-7.5,7.5,7.681084871292114,136,115,21
2025-03-05-POR-BOS,2025-03-05,POR,BOS,-9.5,9.5,9.555900197476149,128,118,10
2025-03-05-MIN-CHA,2025-03-05,MIN,CHA,9.0,-9.0,-8.516025215387344,110,125,-15
2025-03-05-MIA-CLE,2025-03-05,MIA,CLE,-13.0,13.0,12.846557021141052,112,107,5
2025-03-05-UTA-WAS,2025-03-05,UTA,WAS,-5.5,5.5,5.2771609872579575,125,122,3
2025-03-05-OKC-MEM,2025-03-05,OKC,MEM,7.0,-7.0,-6.500375717878342,103,120,-17
2025-03-05-SAC-DEN,2025-03-05,SAC,DEN,-8.5,8.5,8.355502098798752,116,110,6
2025-03-05-DAL-MIL,2025-03-05,DAL,MIL,-12.0,12.0,12.155765369534492,137,107,30
2025-03-05-DET-LAC,2025-03-05,DET,LAC,3.5,-3.5,-3.464382130652666,123,115,8
2025-03-06-IND-ATL,2025-03-06,IND,ATL,-2.0,2.0,2.043753370642662,124,118,6
2025-03-06-PHI-BOS,2025-03-06,PHI,BOS,-13.5,13.5,13.71083790063858,123,105,18
2025-03-06-GSW-BKN,2025-03-06,GSW,BKN,11.0,-11.0,-10.534537643194199,119,121,-2
2025-03-06-HOU-NOP,2025-03-06,HOU,NOP,3.5,-3.5,-3.6034570187330246,97,109,-12
2025-03-06-NYK-LAL,2025-03-06,NYK,LAL,-2.5,2.5,2.8776122331619263,113,109,4
2025-03-07-CLE-CHA,2025-03-07,CLE,CHA,15.5,-15.5,-15.0689158141613,117,118,-1
2025-03-07-UTA-TOR,2025-03-07,UTA,TOR,-5.5,5.5,5.500669076107442,118,109,9
2025-03-07-MEM-DAL,2025-03-07,MEM,DAL,10.0,-10.0,-9.877207100391388,111,122,-11
2025-03-07-MIN-MIA,2025-03-07,MIN,MIA,3.5,-3.5,-3.079955905675888,104,106,-2
2025-03-07-POR-OKC,2025-03-07,POR,OKC,-1.5,1.5,1.4444539286196232,107,89,18
2025-03-07-PHX-DEN,2025-03-07,PHX,DEN,-9.0,9.0,8.93417540192604,149,141,8
2025-03-07-SAS-SAC,2025-03-07,SAS,SAC,-6.5,6.5,6.928925722837448,127,109,18
2025-03-07-NYK-LAC,2025-03-07,NYK,LAC,-7.0,7.0,6.819246172904968,105,95,10
2025-03-08-BKN-CHA,2025-03-08,BKN,CHA,5.0,-5.0,-5.169974163174629,105,102,3
2025-03-08-NOP-HOU,2025-03-08,NOP,HOU,-6.5,6.5,6.897656351327896,146,117,29
2025-03-08-IND-ATL,2025-03-08,IND,ATL,1.0,-1.0,-0.9432026706635952,120,118,2
2025-03-08-WAS-TOR,2025-03-08,WAS,TOR,-4.0,4.0,3.7275307178497314,117,118,-1
2025-03-08-CHI-MIA,2025-03-08,CHI,MIA,-5.0,5.0,4.933613553643227,109,114,-5
2025-03-08-ORL-MIL,2025-03-08,ORL,MIL,-6.5,6.5,6.4500313475728035,109,111,-2
2025-03-08-LAL-BOS,2025-03-08,LAL,BOS,-6.0,6.0,6.016908202320337,111,101,10
2025-03-08-DET-GSW,2025-03-08,DET,GSW,-5.0,5.0,5.198277994990349,115,110,5
2025-03-09-DEN-OKC,2025-03-09,DEN,OKC,-7.5,7.5,7.546136070042849,127,103,24
2025-03-09-PHX-DAL,2025-03-09,PHX,DAL,6.5,-6.5,-6.437321230769157,116,125,-9
2025-03-09-CLE-MIL,2025-03-09,CLE,MIL,7.0,-7.0,-6.281901121139526,100,112,-12
2025-03-09-MEM-NOP,2025-03-09,MEM,NOP,10.5,-10.5,-10.427022017538548,104,107,-3
2025-03-09-UTA-PHI,2025-03-09,UTA,PHI,-6.5,6.5,6.519917294383049,126,122,4
2025-03-09-SAS-MIN,2025-03-09,SAS,MIN,-11.0,11.0,11.391748487949371,141,124,17
2025-03-09-DET-POR,2025-03-09,DET,POR,3.5,-3.5,-3.3509777933359146,112,119,-7
2025-03-09-SAC-LAC,2025-03-09,SAC,LAC,-6.5,6.5,6.619150772690773,111,110,1
2025-03-10-PHI-ATL,2025-03-10,PHI,ATL,-9.5,9.5,9.113747984170914,132,123,9
2025-03-10-UTA-BOS,2025-03-10,UTA,BOS,-15.5,15.5,16.9188414812088,114,108,6
2025-03-10-LAL-BKN,2025-03-10,LAL,BKN,5.5,-5.5,-5.594380751252174,111,108,3
2025-03-10-CHA-MIA,2025-03-10,CHA,MIA,-9.0,9.0,8.653325498104095,102,105,-3
2025-03-10-WAS-TOR,2025-03-10,WAS,TOR,-6.5,6.5,6.314738556742668,119,104,15
2025-03-10-IND-CHI,2025-03-10,IND,CHI,3.5,-3.5,-3.315498933196068,121,103,18
2025-03-10-ORL-HOU,2025-03-10,ORL,HOU,-3.5,3.5,3.8283864557743073,97,84,13
2025-03-10-PHX-MEM,2025-03-10,PHX,MEM,-3.0,3.0,2.925837963819504,120,118,2
2025-03-10-DEN-OKC,2025-03-10,DEN,OKC,-9.5,9.5,9.434164255857468,127,140,-13
2025-03-10-DAL-SAS,2025-03-10,DAL,SAS,-7.0,7.0,6.728632003068924,129,133,-4
2025-03-10-POR-GSW,2025-03-10,POR,GSW,-12.5,12.5,12.418343007564545,130,120,10
2025-03-10-NYK-SAC,2025-03-10,NYK,SAC,1.0,-1.0,-1.4168998897075653,104,133,-29
2025-03-11-BKN-CLE,2025-03-11,BKN,CLE,-14.5,14.5,14.522671017795801,109,104,5
2025-03-11-WAS-DET,2025-03-11,WAS,DET,-15.0,15.0,15.478607028722763,123,103,20
2025-03-11-MIL-IND,2025-03-11,MIL,IND,-1.0,1.0,0.6422888934612274,115,114,1
2025-03-11-LAC-NOP,2025-03-11,LAC,NOP,8.0,-8.0,-8.10035391151905,127,120,7
2025-03-06-CHI-ORL,2025-03-06,CHI,ORL,-8.0,8.0,8.011893550865352,123,125,-2
2025-03-12-CHA-ATL,2025-03-12,CHA,ATL,-7.5,7.5,7.630045041441917,123,110,13
2025-03-12-OKC-BOS,2025-03-12,OKC,BOS,-3.0,3.0,3.2635898888111115,112,118,-6
2025-03-12-PHI-TOR,2025-03-12,PHI,TOR,-2.5,2.5,2.540492981672287,118,105,13
2025-03-12-LAC-MIA,2025-03-12,LAC,MIA,4.0,-4.0,-3.9566336795687675,104,119,-15
2025-03-12-PHX-HOU,2025-03-12,PHX,HOU,-2.5,2.5,2.723285600543022,111,104,7
2025-03-12-UTA-MEM,2025-03-12,UTA,MEM,-10.5,10.5,10.05517715215683,122,115,7
2025-03-12-DAL-SAS,2025-03-12,DAL,SAS,-6.0,6.0,5.873994067311287,126,116,10
2025-03-12-MIN-DEN,2025-03-12,MIN,DEN,4.0,-4.0,-3.6633282601833344,95,115,-20
2025-03-12-NYK-POR,2025-03-12,NYK,POR,-1.5,1.5,1.6820286512374878,113,114,-1
2025-03-13-WAS-DET,2025-03-13,WAS,DET,-13.0,13.0,13.177290424704552,125,129,-4
2025-03-13-LAL-MIL,2025-03-13,LAL,MIL,-6.0,6.0,5.925867035984993,126,106,20
2025-03-13-BKN-CHI,2025-03-13,BKN,CHI,-1.5,1.5,1.438487607985735,116,110,6
2025-03-13-SAC-GSW,2025-03-13,SAC,GSW,-7.5,7.5,7.650500044226646,130,104,26
2025-03-14-BOS-MIA,2025-03-14,BOS,MIA,8.0,-8.0,-7.360200107097626,91,103,-12
2025-03-14-IND-PHI,2025-03-14,IND,PHI,13.0,-13.0,-13.001618165522814,100,112,-12
2025-03-14-LAC-ATL,2025-03-14,LAC,ATL,5.0,-5.0,-4.915504455566406,98,121,-23
2025-03-14-DAL-HOU,2025-03-14,DAL,HOU,-11.5,11.5,12.06794410943985,133,96,37
2025-03-14-CLE-MEM,2025-03-14,CLE,MEM,2.5,-2.5,-2.297727033495903,124,133,-9
2025-03-14-ORL-MIN,2025-03-14,ORL,MIN,-11.0,11.0,10.932625137269497,118,111,7
2025-03-14-CHA-SAS,2025-03-14,CHA,SAS,-3.0,3.0,3.756250023841858,134,145,-11
2025-03-14-LAL-DEN,2025-03-14,LAL,DEN,-15.5,15.5,15.947114318609238,131,126,5
2025-03-14-TOR-UTA,2025-03-14,TOR,UTA,-2.0,2.0,1.946325197815895,118,126,-8
2025-03-14-SAC-PHX,2025-03-14,SAC,PHX,-1.5,1.5,1.168260246515274,122,106,16
2025-03-15-BOS-BKN,2025-03-15,BOS,BKN,11.5,-11.5,-10.880598068237305,113,115,-2
2025-03-15-OKC-DET,2025-03-15,OKC,DET,4.0,-4.0,-3.268068850040436,107,113,-6
2025-03-15-CHI-HOU,2025-03-15,CHI,HOU,-8.5,8.5,8.700709834694862,117,114,3
2025-03-15-MIA-MEM,2025-03-15,MIA,MEM,-5.5,5.5,5.350772246718407,125,91,34
2025-03-15-IND-MIL,2025-03-15,IND,MIL,-3.5,3.5,3.493387607857585,126,119,7
2025-03-15-NOP-SAS,2025-03-15,NOP,SAS,1.0,-1.0,-1.279511421918869,119,115,4
2025-03-15-NYK-GSW,2025-03-15,NYK,GSW,-6.5,6.5,6.309585899114609,97,94,3
2025-03-15-WAS-DEN,2025-03-15,WAS,DEN,-12.5,12.5,12.734008863568306,123,126,-3
2025-03-16-PHI-DAL,2025-03-16,PHI,DAL,-6.5,6.5,6.168825000524521,125,130,-5
2025-03-16-PHX-LAL,2025-03-16,PHX,LAL,-3.0,3.0,3.156684100627899,107,96,11
2025-03-16-ATL-BKN,2025-03-16,ATL,BKN,6.5,-6.5,-6.502569565549493,122,114,8
2025-03-16-ORL-CLE,2025-03-16,ORL,CLE,-10.0,10.0,9.693267107009888,103,108,-5
2025-03-16-TOR-POR,2025-03-16,TOR,POR,-7.5,7.5,7.224452763795853,105,102,3
2025-03-16-UTA-MIN,2025-03-16,UTA,MIN,-13.0,13.0,15.166667699813843,128,102,26
2025-03-16-OKC-MIL,2025-03-16,OKC,MIL,5.5,-5.5,-4.946264326572418,105,121,-16
2025-01-23-WAS-LAC,2025-01-23,WAS,LAC,-14.5,14.5,15.104626595973969,110,93,17
2025-03-17-MIA-NYK,2025-03-17,MIA,NYK,-7.5,7.5,7.555038753896952,116,95,21
2025-03-17-PHI-HOU,2025-03-17,PHI,HOU,-17.0,17.0,17.513031780719757,144,137,7
2025-03-17-IND-MIN,2025-03-17,IND,MIN,-11.0,11.0,11.370763033628464,130,132,-2
2025-03-17-DET-NOP,2025-03-17,DET,NOP,6.5,-6.5,-6.737747386097908,81,127,-46
2025-04-01-ORL-SAS,2025-04-01,ORL,SAS,4.5,-4.5,-4.906253844499588,105,116,-11
2025-03-17-CHI-UTA,2025-03-17,CHI,UTA,4.5,-4.5,-4.027326732873917,97,111,-14
2025-03-17-DEN-GSW,2025-03-17,DEN,GSW,-13.0,13.0,13.341512501239777,105,114,-9
2025-03-17-TOR-PHX,2025-03-17,TOR,PHX,-8.5,8.5,8.024707525968552,129,89,40
2025-03-17-MEM-SAC,2025-03-17,MEM,SAC,-3.0,3.0,3.161861941218376,132,122,10
2025-03-18-ATL-CHA,2025-03-18,ATL,CHA,8.0,-8.0,-7.826603144407272,102,134,-32
2025-03-18-BKN-BOS,2025-03-18,BKN,BOS,-13.5,13.5,13.764774978160858,104,96,8
2025-03-17-WAS-POR,2025-03-17,WAS,POR,-6.0,6.0,5.883402146399021,112,97,15
2025-03-20-MIL-LAL,2025-03-20,MIL,LAL,8.5,-8.5,-8.330872803926468,89,118,-29
2025-03-18-CLE-LAC,2025-03-18,CLE,LAC,2.5,-2.5,-2.1400544345378876,132,119,13
2025-03-19-DAL-IND,2025-03-19,DAL,IND,-10.5,10.5,10.29615794122219,135,131,4
2025-03-19-HOU-ORL,2025-03-19,HOU,ORL,2.0,-2.0,-1.6752429902553558,108,116,-8
2025-03-19-DET-MIA,2025-03-19,DET,MIA,4.5,-4.5,-4.349942237138748,113,116,-3
2025-03-19-NOP-MIN,2025-03-19,NOP,MIN,-13.0,13.0,13.613401293754578,115,119,-4
2025-03-19-PHI-OKC,2025-03-19,PHI,OKC,-11.5,11.5,11.800747007131577,133,100,33
2025-03-19-NYK-SAS,2025-03-19,NYK,SAS,8.0,-8.0,-8.182731658220291,120,105,15
2025-02-13-LAC-UTA,2025-02-13,LAC,UTA,10.0,-10.0,-10.102009907364845,116,120,-4
2025-03-20-TOR-GSW,2025-03-20,TOR,GSW,-14.5,14.5,14.875661045312881,117,114,3
2025-03-19-DEN-LAL,2025-03-19,DEN,LAL,-5.5,5.5,5.553505782037973,120,108,12
2025-03-19-CHI-PHX,2025-03-19,CHI,PHX,-5.5,5.5,5.340878337621689,127,121,6
2025-03-19-MEM-POR,2025-03-19,MEM,POR,4.5,-4.5,-4.009319931268692,115,99,16
2025-03-19-CLE-SAC,2025-03-19,CLE,SAC,6.5,-6.5,-6.201518207788467,123,119,4
2025-03-20-NYK-CHA,2025-03-20,NYK,CHA,7.5,-7.5,-7.475927285850048,115,98,17
2025-03-20-BKN-IND,2025-03-20,BKN,IND,-8.0,8.0,8.05677318945527,105,99,6
2025-03-18-MIL-GSW,2025-03-18,MIL,GSW,2.0,-2.0,-1.8704461753368378,104,93,11
2025-03-20-CHI-SAC,2025-03-20,CHI,SAC,-7.5,7.5,7.090909510850906,116,128,-12
2025-03-21-ORL-WAS,2025-03-21,ORL,WAS,8.5,-8.5,-8.441251534968615,105,120,-15
2025-03-21-HOU-MIA,2025-03-21,HOU,MIA,4.5,-4.5,-4.260694772005081,98,102,-4
2025-03-21-NOP-MIN,2025-03-21,NOP,MIN,-15.5,15.5,16.102499902248383,134,93,41
2025-03-21-CHA-OKC,2025-03-21,CHA,OKC,-20.5,20.5,22.30398404598236,141,106,35
2025-03-21-PHI-SAS,2025-03-21,PHI,SAS,-6.0,6.0,6.056399140506983,128,120,8
2025-03-21-DET-DAL,2025-03-21,DET,DAL,9.5,-9.5,-9.361772760748863,123,117,6
2025-03-21-BOS-UTA,2025-03-21,BOS,UTA,15.0,-15.0,-14.438120067119598,99,121,-22
2025-03-21-CLE-PHX,2025-03-21,CLE,PHX,8.5,-8.5,-8.235122948884964,123,112,11
2025-03-21-DEN-POR,2025-03-21,DEN,POR,1.5,-1.5,-1.3844501227140427,128,109,19
2025-03-21-MEM-LAC,2025-03-21,MEM,LAC,-6.5,6.5,6.455702535808086,128,108,20
2025-03-22-BKN-IND,2025-03-22,BKN,IND,-13.0,13.0,13.383811205625534,108,103,5
2025-03-22-GSW-ATL,2025-03-22,GSW,ATL,3.0,-3.0,-2.7123428881168365,124,115,9
2025-03-22-WAS-NYK,2025-03-22,WAS,NYK,-15.5,15.5,16.047641336917877,122,103,19
2025-03-22-MIL-SAC,2025-03-22,MIL,SAC,-1.5,1.5,1.1569106876850128,108,114,-6
2025-03-22-CHI-LAL,2025-03-22,CHI,LAL,-10.5,10.5,10.345447957515717,115,146,-31
2025-03-23-NOP-DET,2025-03-23,NOP,DET,-11.5,11.5,11.852209866046906,136,130,6
2025-03-23-CLE-UTA,2025-03-23,CLE,UTA,16.5,-16.5,-16.07102420926094,91,120,-29
2025-03-23-PHI-ATL,2025-03-23,PHI,ATL,-10.5,10.5,10.202561169862747,132,119,13
2025-03-23-CHA-MIA,2025-03-23,CHA,MIA,-7.5,7.5,7.480957813560963,122,105,17
2025-03-23-SAS-TOR,2025-03-23,SAS,TOR,1.0,-1.0,-0.6026200354099274,89,123,-34
2025-03-23-BOS-POR,2025-03-23,BOS,POR,6.5,-6.5,-5.829564094543457,116,129,-13
2025-03-23-DEN-HOU,2025-03-23,DEN,HOU,-8.0,8.0,8.148434773087502,111,116,-5
2025-03-23-OKC-LAC,2025-03-23,OKC,LAC,1.0,-1.0,-0.832479938864708,101,103,-2
2025-03-24-MIN-IND,2025-03-24,MIN,IND,2.0,-2.0,-1.5836905539035797,119,103,16
2025-03-24-LAL-ORL,2025-03-24,LAL,ORL,4.0,-4.0,-3.902900107204914,118,106,12
2025-03-24-TOR-WAS,2025-03-24,TOR,WAS,-2.5,2.5,2.1765019297599792,104,112,-8
2025-03-24-DAL-BKN,2025-03-24,DAL,BKN,3.0,-3.0,-2.780296489596367,101,120,-19
2025-03-24-PHI-NOP,2025-03-24,PHI,NOP,-3.0,3.0,2.9558022543787956,112,99,13
2025-03-24-CHI-DEN,2025-03-24,CHI,DEN,-2.5,2.5,2.319345325231552,119,129,-10
2025-03-24-MIL-PHX,2025-03-24,MIL,PHX,-3.0,3.0,2.772762805223465,108,106,2
2025-03-24-BOS-SAC,2025-03-24,BOS,SAC,5.0,-5.0,-4.4100998640060425,95,113,-18
2025-03-25-ORL-CHA,2025-03-25,ORL,CHA,5.0,-5.0,-4.875089600682259,104,111,-7
2025-03-25-SAS-DET,2025-03-25,SAS,DET,-8.5,8.5,8.677275642752647,122,96,26
2025-03-25-GSW-MIA,2025-03-25,GSW,MIA,5.0,-5.0,-4.79724308848381,112,86,26
2025-03-25-DAL-NYK,2025-03-25,DAL,NYK,-12.5,12.5,12.708636969327927,128,113,15
2025-03-25-ATL-HOU,2025-03-25,ATL,HOU,-7.5,7.5,7.818423002958298,121,114,7
2025-03-25-MEM-UTA,2025-03-25,MEM,UTA,11.0,-11.0,-10.63508054614067,103,140,-37
2025-03-25-CLE-POR,2025-03-25,CLE,POR,6.0,-6.0,-5.342681169509888,111,122,-11
2025-03-25-OKC-SAC,2025-03-25,OKC,SAC,8.5,-8.5,-8.356059059500694,105,121,-16
2025-03-26-WAS-PHI,2025-03-26,WAS,PHI,-3.0,3.0,3.067087709903717,114,119,-5
2025-03-26-TOR-BKN,2025-03-26,TOR,BKN,-2.5,2.5,2.2397973239421844,86,116,-30
2025-03-26-LAL-IND,2025-03-26,LAL,IND,-1.0,1.0,0.9246300235390663,119,120,-1
2025-03-26-LAC-NYK,2025-03-26,LAC,NYK,4.0,-4.0,-3.6401277482509613,113,126,-13
2025-03-26-MIL-DEN,2025-03-26,MIL,DEN,-11.5,11.5,11.657786890864372,127,117,10
2025-03-26-BOS-PHX,2025-03-26,BOS,PHX,4.5,-4.5,-4.352889731526375,102,132,-30
2025-03-27-SAS-CLE,2025-03-27,SAS,CLE,-14.0,14.0,14.268130987882614,124,116,8
2025-03-27-DAL-ORL,2025-03-27,DAL,ORL,-7.0,7.0,6.932945109903812,92,101,-9
2025-03-27-IND-WAS,2025-03-27,IND,WAS,12.0,-12.0,-12.051227875053883,109,162,-53
2025-03-27-ATL-MIA,2025-03-27,ATL,MIA,-1.0,1.0,1.2653582394123077,122,112,10
2025-03-27-LAL-CHI,2025-03-27,LAL,CHI,4.0,-4.0,-3.880134016275406,119,117,2
2025-03-27-MEM-OKC,2025-03-27,MEM,OKC,-10.5,10.5,10.88368770480156,125,104,21
2025-03-27-HOU-UTA,2025-03-27,HOU,UTA,13.5,-13.5,-13.08785566687584,110,121,-11
2025-03-27-POR-SAC,2025-03-27,POR,SAC,-6.0,6.0,5.806730464100838,128,107,21
2025-03-28-CLE-DET,2025-03-28,CLE,DET,6.5,-6.5,-6.257773295044899,133,122,11
2025-03-28-LAC-BKN,2025-03-28,LAC,BKN,13.0,-13.0,-12.905078619718552,100,132,-32
2025-03-28-CHA-TOR,2025-03-28,CHA,TOR,-5.5,5.5,5.703007787466049,108,97,11
2025-03-28-NYK-MIL,2025-03-28,NYK,MIL,-1.0,1.0,0.9725239239633083,107,116,-9
2025-03-28-PHX-MIN,2025-03-28,PHX,MIN,-8.5,8.5,8.626370832324028,124,109,15
2025-03-28-GSW-NOP,2025-03-28,GSW,NOP,17.5,-17.5,-17.426780179142952,95,111,-16
2025-03-28-UTA-DEN,2025-03-28,UTA,DEN,-19.0,19.0,21.06820845603943,129,93,36
2025-03-29-SAC-ORL,2025-03-29,SAC,ORL,-1.5,1.5,1.5754221454262733,121,91,30
2025-03-29-BKN-WAS,2025-03-29,BKN,WAS,-2.5,2.5,2.506016308441758,112,115,-3
2025-03-29-MIA-PHI,2025-03-29,MIA,PHI,8.0,-8.0,-7.509406685829163,95,118,-23
2025-03-29-DAL-CHI,2025-03-29,DAL,CHI,-3.0,3.0,2.8445367366075516,119,120,-1
2025-03-29-LAL-MEM,2025-03-29,LAL,MEM,-1.5,1.5,1.4322356209158897,127,134,-7
2025-03-29-IND-OKC,2025-03-29,IND,OKC,-8.5,8.5,8.593144543468952,132,111,21
2025-03-29-BOS-SAS,2025-03-29,BOS,SAS,12.5,-12.5,-12.456177145242691,111,121,-10
2025-03-30-LAC-CLE,2025-03-30,LAC,CLE,-7.0,7.0,6.9822193421423435,127,122,5
2025-03-30-POR-NYK,2025-03-30,POR,NYK,-7.0,7.0,7.144028544425964,110,93,17
2025-03-30-ATL-MIL,2025-03-30,ATL,MIL,-4.5,4.5,4.579707965254784,124,145,-21
2025-03-30-DET-MIN,2025-03-30,DET,MIN,-8.0,8.0,8.61424034833908,123,104,19
2025-03-30-CHA-NOP,2025-03-30,CHA,NOP,-2.5,2.5,2.5885278806090355,98,94,4
2025-03-30-GSW-SAS,2025-03-30,GSW,SAS,11.5,-11.5,-11.59166095405817,106,148,-42
2025-03-30-TOR-PHI,2025-03-30,TOR,PHI,6.0,-6.0,-5.885342165827751,109,127,-18
2025-03-30-HOU-PHX,2025-03-30,HOU,PHX,2.5,-2.5,-2.174205869436264,109,148,-39
2025-03-31-UTA-CHA,2025-03-31,UTA,CHA,-4.5,4.5,4.369143024086952,110,106,4
2025-03-31-SAC-IND,2025-03-31,SAC,IND,-4.0,4.0,3.913786441087723,111,109,2
2025-03-31-LAC-ORL,2025-03-31,LAC,ORL,3.0,-3.0,-2.5006392300128937,87,96,-9
2025-03-31-MIA-WAS,2025-03-31,MIA,WAS,9.5,-9.5,-9.280757635831833,94,120,-26
2025-03-31-BOS-MEM,2025-03-31,BOS,MEM,4.0,-4.0,-3.907586522400379,103,117,-14
2025-03-31-CHI-OKC,2025-03-31,CHI,OKC,-15.5,15.5,15.951148897409439,145,117,28
2025-03-31-BKN-DAL,2025-03-31,BKN,DAL,-9.5,9.5,9.155574470758438,109,113,-4
2025-03-31-HOU-LAL,2025-03-31,HOU,LAL,-4.0,4.0,3.890585422515869,104,98,6
2025-04-01-POR-ATL,2025-04-01,POR,ATL,-6.0,6.0,6.1035164296627045,113,127,-14
2025-04-01-PHI-NYK,2025-04-01,PHI,NYK,-13.0,13.0,13.383907407522202,105,91,14
2025-04-01-TOR-CHI,2025-04-01,TOR,CHI,-4.0,4.0,3.374224007129669,137,118,19
2025-04-01-GSW-MEM,2025-04-01,GSW,MEM,4.0,-4.0,-3.9414423517882824,125,134,-9
2025-04-01-PHX-MIL,2025-04-01,PHX,MIL,-6.5,6.5,6.493781606666744,133,123,10
2025-04-01-MIN-DEN,2025-04-01,MIN,DEN,-3.5,3.5,3.4818144720047712,139,140,-1
2025-04-02-NYK-CLE,2025-04-02,NYK,CLE,-10.5,10.5,9.928269624710083,124,105,19
2025-04-02-CHA-IND,2025-04-02,CHA,IND,-15.0,15.0,17.067031145095825,119,105,14
2025-04-02-SAC-WAS,2025-04-02,SAC,WAS,14.0,-14.0,-14.190179988741875,116,111,5
2025-04-02-MIA-BOS,2025-04-02,MIA,BOS,-10.0,10.0,9.760514244437218,103,124,-21
2025-04-02-UTA-HOU,2025-04-02,UTA,HOU,-15.0,15.0,17.643934965133667,143,105,38
2025-04-02-DET-OKC,2025-04-02,DET,OKC,-12.5,12.5,13.258330225944519,119,103,16
2025-04-02-ATL-DAL,2025-04-02,ATL,DAL,-3.5,3.5,3.453548338264227,120,118,2
2025-04-02-SAS-DEN,2025-04-02,SAS,DEN,-2.0,2.0,2.050015479326248,106,113,-7
2025-04-02-NOP-LAC,2025-04-02,NOP,LAC,-18.0,18.0,20.257989168167114,114,98,16
2025-04-03-ORL-WAS,2025-04-03,ORL,WAS,15.5,-15.5,-15.540434941649437,97,109,-12
2025-04-03-MIN-BKN,2025-04-03,MIN,BKN,14.0,-14.0,-13.69513013958931,90,105,-15
2025-04-03-MEM-MIA,2025-04-03,MEM,MIA,5.5,-5.5,-5.0773786008358,108,110,-2
2025-04-03-MIL-PHI,2025-04-03,MIL,PHI,11.5,-11.5,-11.626645117998123,113,126,-13
2025-04-03-POR-TOR,2025-04-03,POR,TOR,5.0,-5.0,-4.793002039194107,103,112,-9
2025-04-03-GSW-LAL,2025-04-03,GSW,LAL,-1.0,1.0,0.8234506249427795,116,123,-7
2025-04-04-SAC-CHA,2025-04-04,SAC,CHA,11.5,-11.5,-11.339711800217628,102,125,-23
2025-04-04-UTA-IND,2025-04-04,UTA,IND,-17.5,17.5,18.964242100715637,140,112,28
2025-04-04-PHX-BOS,2025-04-04,PHX,BOS,-15.0,15.0,16.360249519348145,123,103,20
2025-04-04-DET-TOR,2025-04-04,DET,TOR,10.0,-10.0,-9.597388297319412,105,117,-12
2025-04-04-POR-CHI,2025-04-04,POR,CHI,-6.0,6.0,5.885711923241615,118,113,5
2025-04-04-OKC-HOU,2025-04-04,OKC,HOU,5.5,-5.5,-5.0122054517269135,125,111,14
2025-04-04-CLE-SAS,2025-04-04,CLE,SAS,12.5,-12.5,-12.23661145567894,113,114,-1
2025-04-04-DEN-GSW,2025-04-04,DEN,GSW,-3.0,3.0,3.158888041973114,118,104,14
2025-04-04-NOP-LAL,2025-04-04,NOP,LAL,-16.0,16.0,17.894410133361816,124,108,16
2025-04-04-DAL-LAC,2025-04-04,DAL,LAC,-12.0,12.0,12.083389863371849,114,91,23
2025-04-05-NYK-ATL,2025-04-05,NYK,ATL,1.5,-1.5,-1.518427399918437,105,121,-16
2025-04-05-MEM-DET,2025-04-05,MEM,DET,1.0,-1.0,-0.9000288546085358,103,109,-6
2025-04-05-MIN-PHI,2025-04-05,MIN,PHI,16.0,-16.0,-16.11548337340355,109,114,-5
2025-04-05-MIL-MIA,2025-04-05,MIL,MIA,-1.0,1.0,1.2956463396549225,115,121,-6
2025-04-05-DAL-LAC,2025-04-05,DAL,LAC,-9.0,9.0,9.126220524311066,135,104,31
2025-04-06-CHI-CHA,2025-04-06,CHI,CHA,8.0,-8.0,-7.652479737997055,117,131,-14
2025-04-06-TOR-BKN,2025-04-06,TOR,BKN,2.0,-2.0,-1.5140505731105804,109,120,-11
2025-04-06-LAL-OKC,2025-04-06,LAL,OKC,-9.0,9.0,9.045826982706785,99,126,-27
2025-04-06-UTA-ATL,2025-04-06,UTA,ATL,-13.5,13.5,13.537650529295206,147,134,13
2025-04-06-WAS-BOS,2025-04-06,WAS,BOS,-19.0,19.0,20.446256518363953,124,90,34
2025-04-06-SAC-CLE,2025-04-06,SAC,CLE,-9.5,9.5,9.170516043901443,113,120,-7
2025-04-06-SAS-POR,2025-04-06,SAS,POR,-3.5,3.5,3.5323134176433086,120,109,11
2025-04-06-PHX-NYK,2025-04-06,PHX,NYK,-9.5,9.5,10.016295075416565,112,98,14
2025-03-13-ORL-NOP,2025-03-13,ORL,NOP,2.5,-2.5,-2.595167726278305,93,113,-20
2025-04-06-IND-DEN,2025-04-06,IND,DEN,-6.0,6.0,6.1258755177259445,120,125,-5
2025-04-06-HOU-GSW,2025-04-06,HOU,GSW,-5.5,5.5,5.908347517251968,96,106,-10
2025-04-07-SAC-DET,2025-04-07,SAC,DET,-5.5,5.5,5.51287482958287,117,127,-10
2025-04-07-PHI-MIA,2025-04-07,PHI,MIA,6.5,-6.5,-6.31860938668251,117,105,12
2025-04-08-MEM-CHA,2025-04-08,MEM,CHA,14.5,-14.5,-14.438108459115028,100,124,-24
2025-04-08-CHI-CLE,2025-04-08,CHI,CLE,-15.0,15.0,15.383664816617966,135,113,22
2025-04-08-WAS-IND,2025-04-08,WAS,IND,-19.0,19.0,20.43197500705719,104,98,6
2025-04-08-ATL-ORL,2025-04-08,ATL,ORL,-5.5,5.5,5.919034987688065,119,112,7
2025-04-08-NOP-BKN,2025-04-08,NOP,BKN,-1.5,1.5,1.3754389360547066,119,114,5
2025-04-08-BOS-NYK,2025-04-08,BOS,NYK,2.0,-2.0,-1.1165042519569397,117,119,-2
2025-04-08-MIN-MIL,2025-04-08,MIN,MIL,6.0,-6.0,-6.020411513745785,110,103,7
2025-04-08-LAL-OKC,2025-04-08,LAL,OKC,-9.0,9.0,9.087005279958248,136,120,16
2025-04-08-GSW-PHX,2025-04-08,GSW,PHX,10.0,-10.0,-10.289143651723862,95,133,-38
2025-04-08-SAS-LAC,2025-04-08,SAS,LAC,-13.0,13.0,13.133744195103645,122,117,5
2025-04-09-BOS-ORL,2025-04-09,BOS,ORL,-8.0,8.0,8.509100556373596,96,76,20
2025-04-09-PHI-WAS,2025-04-09,PHI,WAS,3.0,-3.0,-3.156067833304405,103,122,-19
2025-04-09-CHA-TOR,2025-04-09,CHA,TOR,-11.5,11.5,11.835730850696564,126,96,30
2025-04-09-LAL-DAL,2025-04-09,LAL,DAL,4.5,-4.5,-4.39289466291666,97,112,-15
2025-04-09-MIA-CHI,2025-04-09,MIA,CHI,2.5,-2.5,-2.571093827486038,119,111,8
2025-04-10-NOP-MIL,2025-04-10,NOP,MIL,-16.5,16.5,18.93919825553894,136,111,25
2025-04-09-POR-UTA,2025-04-09,POR,UTA,6.5,-6.5,-6.602677293121815,133,126,7
2025-04-09-SAS-GSW,2025-04-09,SAS,GSW,-17.5,17.5,18.16339474916458,111,114,-3
2025-04-09-OKC-PHX,2025-04-09,OKC,PHX,7.5,-7.5,-7.289597973227501,112,125,-13
2025-04-09-DEN-SAC,2025-04-09,DEN,SAC,4.5,-4.5,-4.346196949481964,116,124,-8
2025-04-09-HOU-LAC,2025-04-09,HOU,LAC,-10.5,10.5,11.022807478904724,134,117,17
2025-04-10-NYK-DET,2025-04-10,NYK,DET,-4.0,4.0,3.899561397731304,115,106,9
2025-04-10-CLE-IND,2025-04-10,CLE,IND,-10.0,10.0,9.870311886072159,114,112,2
2025-04-10-ATL-BKN,2025-04-10,ATL,BKN,13.5,-13.5,-13.197486758232117,109,133,-24
2025-04-10-MIN-MEM,2025-04-10,MIN,MEM,2.0,-2.0,-1.8130095452070236,125,141,-16
2025-04-11-MIL-DET,2025-04-11,MIL,DET,-4.5,4.5,4.51896795257926,119,125,-6
2025-04-11-ORL-IND,2025-04-11,ORL,IND,-3.5,3.5,3.091534584760666,115,129,-14
2025-04-11-ATL-PHI,2025-04-11,ATL,PHI,11.5,-11.5,-11.39337296038866,110,124,-14
2025-04-11-CHA-BOS,2025-04-11,CHA,BOS,-20.0,20.0,22.23194980621338,130,94,36
2025-04-11-CLE-NYK,2025-04-11,CLE,NYK,-3.5,3.5,3.721601739525795,102,108,-6
2025-04-11-WAS-CHI,2025-04-11,WAS,CHI,-14.0,14.0,14.291251868009567,119,89,30
2025-04-11-MIA-NOP,2025-04-11,MIA,NOP,14.5,-14.5,-13.932073771953583,104,153,-49
2025-04-11-TOR-DAL,2025-04-11,TOR,DAL,-11.0,11.0,11.619412958621979,124,102,22
2025-04-11-BKN-MIN,2025-04-11,BKN,MIN,-21.5,21.5,21.932855278253555,117,91,26
2025-04-11-MEM-DEN,2025-04-11,MEM,DEN,-7.0,7.0,6.88592991232872,117,109,8
2025-04-11-OKC-UTA,2025-04-11,OKC,UTA,9.0,-9.0,-8.924465365707874,111,145,-34
2025-04-11-SAS-PHX,2025-04-11,SAS,PHX,-5.5,5.5,5.524511544033885,117,98,19
2025-04-11-GSW-POR,2025-04-11,GSW,POR,15.5,-15.5,-15.344751223921776,86,103,-17
2025-04-11-LAC-SAC,2025-04-11,LAC,SAC,7.0,-7.0,-7.056073397397995,100,101,-1
2025-04-11-HOU-LAL,2025-04-11,HOU,LAL,-14.0,14.0,14.198203831911087,140,109,31
2025-04-13-ORL-ATL,2025-04-13,ORL,ATL,3.5,-3.5,-3.760815054178238,117,105,12
2025-04-13-CHA-BOS,2025-04-13,CHA,BOS,-10.5,10.5,10.758908957242966,93,86,7
2025-04-13-NYK-BKN,2025-04-13,NYK,BKN,4.5,-4.5,-4.016102075576782,105,113,-8
2025-04-13-IND-CLE,2025-04-13,IND,CLE,7.0,-7.0,-6.879078060388565,118,126,-8
2025-04-13-WAS-MIA,2025-04-13,WAS,MIA,-8.5,8.5,8.498752601444721,118,119,-1
2025-04-13-CHI-PHI,2025-04-13,CHI,PHI,8.0,-8.0,-7.875878572463989,102,122,-20
2025-04-13-DET-MIL,2025-04-13,DET,MIL,9.0,-9.0,-8.835629776120186,140,133,7
2025-04-13-DEN-HOU,2025-04-13,DEN,HOU,6.0,-6.0,-5.8240195363759995,111,126,-15
2025-04-13-DAL-MEM,2025-04-13,DAL,MEM,2.0,-2.0,-2.1443867832422256,132,97,35
2025-04-13-UTA-MIN,2025-04-13,UTA,MIN,-23.0,23.0,23.486216485500336,116,105,11
2025-04-13-OKC-NOP,2025-04-13,OKC,NOP,12.5,-12.5,-12.037406176328659,100,115,-15
2025-04-13-TOR-SAS,2025-04-13,TOR,SAS,-4.5,4.5,4.764731705188751,125,118,7
2025-04-13-LAC-GSW,2025-04-13,LAC,GSW,-3.5,3.5,4.057695090770721,119,124,-5
2025-04-13-LAL-POR,2025-04-13,LAL,POR,-6.0,6.0,5.993035449646413,109,81,28
2025-04-13-PHX-SAC,2025-04-13,PHX,SAC,-14.0,14.0,15.058995127677917,109,98,11
2024-12-10-ORL-MIL,2024-12-10,ORL,MIL,-8.0,8.0,7.667367726564407,114,109,5
2024-12-11-ATL-NYK,2024-12-11,ATL,NYK,-8.0,8.0,7.813781514763832,100,108,-8
2024-12-10-DAL-OKC,2024-12-10,DAL,OKC,-4.5,4.5,5.060678958892822,118,104,14
2024-12-11-GSW-HOU,2024-12-11,GSW,HOU,-3.5,3.5,3.6022806763648987,91,90,1
2024-12-12-DET-BOS,2024-12-12,DET,BOS,-11.5,11.5,12.603847742080688,123,99,24
2024-12-12-TOR-MIA,2024-12-12,TOR,MIA,-11.5,11.5,11.416316874325275,114,104,10
2024-12-12-SAC-NOP,2024-12-12,SAC,NOP,7.0,-7.0,-6.831180304288864,109,111,-2
2024-12-13-WAS-CLE,2024-12-13,WAS,CLE,-17.0,17.0,18.741599798202515,115,105,10
2024-12-13-IND-PHI,2024-12-13,IND,PHI,-6.5,6.5,6.5120500875636935,107,121,-14
2024-12-13-LAL-MIN,2024-12-13,LAL,MIN,-8.5,8.5,8.84089881181717,97,87,10
2024-12-13-BKN-MEM,2024-12-13,BKN,MEM,-10.0,10.0,9.586595624685287,135,119,16
2024-12-13-CHA-CHI,2024-12-13,CHA,CHI,-5.5,5.5,5.213987231254578,109,95,14
2024-12-13-LAC-DEN,2024-12-13,LAC,DEN,-7.0,7.0,6.6455497443675995,120,98,22
2024-12-13-PHX-UTA,2024-12-13,PHX,UTA,7.0,-7.0,-6.89805518835783,126,134,-8
2024-12-13-SAS-POR,2024-12-13,SAS,POR,3.5,-3.5,-3.311205342411995,116,118,-2
2024-12-15-NOP-IND,2024-12-15,NOP,IND,-7.0,7.0,6.74846488237381,119,104,15
2024-12-15-BOS-WAS,2024-12-15,BOS,WAS,17.5,-17.5,-16.957593977451324,98,112,-14
2024-12-15-MIN-SAS,2024-12-15,MIN,SAS,4.5,-4.5,-4.822417616844177,92,106,-14
2024-12-15-POR-PHX,2024-12-15,POR,PHX,-11.5,11.5,11.486998836509883,116,109,7
2024-12-15-MEM-LAL,2024-12-15,MEM,LAL,2.5,-2.5,-2.2427273094654083,116,110,6
2024-12-16-MIA-DET,2024-12-16,MIA,DET,4.5,-4.5,-4.074390918016434,125,124,1
2024-12-16-PHI-CHA,2024-12-16,PHI,CHA,2.5,-2.5,-2.4437416419386864,108,121,-13
2024-12-16-CHI-TOR,2024-12-16,CHI,TOR,1.0,-1.0,-0.8184760808944702,121,122,-1
2024-12-16-CLE-BKN,2024-12-16,CLE,BKN,10.5,-10.5,-10.259338721632957,101,130,-29
2024-12-16-DEN-SAC,2024-12-16,DEN,SAC,-1.5,1.5,1.499242763966322,129,130,-1
2024-12-16-UTA-LAC,2024-12-16,UTA,LAC,-7.5,7.5,7.658557295799255,144,107,37
2024-12-15-NYK-ORL,2024-12-15,NYK,ORL,4.5,-4.5,-4.1284386813640594,91,100,-9
2024-12-15-DAL-GSW,2024-12-15,DAL,GSW,-1.0,1.0,1.143409252166748,133,143,-10
2025-04-20-MIA-CLE,2025-04-20,MIA,CLE,-12.5,12.5,12.634641855955124,121,100,21
2025-04-23-MIA-CLE,2025-04-23,MIA,CLE,-12.0,12.0,12.176349684596062,121,112,9
2025-04-26-CLE-MIA,2025-04-26,CLE,MIA,4.5,-4.5,-4.296532973647118,87,124,-37
2025-04-28-CLE-MIA,2025-04-28,CLE,MIA,8.0,-8.0,-7.973783627152443,83,138,-55
2025-04-20-ORL-BOS,2025-04-20,ORL,BOS,-12.5,12.5,12.369966551661491,103,86,17
2025-04-23-ORL-BOS,2025-04-23,ORL,BOS,-10.0,10.0,9.62175577878952,109,100,9
2025-04-25-BOS-ORL,2025-04-25,BOS,ORL,6.0,-6.0,-5.65381583571434,95,93,2
2025-04-27-BOS-ORL,2025-04-27,BOS,ORL,8.0,-8.0,-7.760913401842117,98,107,-9
2025-04-29-ORL-BOS,2025-04-29,ORL,BOS,-11.5,11.5,11.696049496531487,120,89,31
2025-04-19-DET-NYK,2025-04-19,DET,NYK,-6.5,6.5,6.62051397562027,123,112,11
2025-04-21-DET-NYK,2025-04-21,DET,NYK,-6.5,6.5,6.503129532560706,94,100,-6
2025-04-24-NYK-DET,2025-04-24,NYK,DET,1.5,-1.5,-1.3016465604305267,116,118,-2
2025-04-27-NYK-DET,2025-04-27,NYK,DET,-2.5,2.5,2.600617468357086,93,94,-1
2025-04-29-DET-NYK,2025-04-29,DET,NYK,-5.5,5.5,5.500473531894386,103,106,-3
2025-05-01-NYK-DET,2025-05-01,NYK,DET,-1.5,1.5,1.5835141688585281,113,116,-3
2025-04-19-MIL-IND,2025-04-19,MIL,IND,-6.5,6.5,6.59736817330122,117,98,19
2025-04-22-MIL-IND,2025-04-22,MIL,IND,-4.0,4.0,4.064664259552956,123,115,8
2025-04-25-IND-MIL,2025-04-25,IND,MIL,-5.0,5.0,4.654627591371536,117,101,16
2025-04-27-IND-MIL,2025-04-27,IND,MIL,-4.0,4.0,3.7401139438152313,103,129,-26
2025-04-29-MIL-IND,2025-04-29,MIL,IND,-8.0,8.0,7.916675910353661,119,118,1
2025-04-20-MEM-OKC,2025-04-20,MEM,OKC,-13.0,13.0,14.212541460990906,131,80,51
2025-04-22-MEM-OKC,2025-04-22,MEM,OKC,-14.5,14.5,15.99203073978424,118,99,19
2025-04-24-OKC-MEM,2025-04-24,OKC,MEM,10.0,-10.0,-9.428074598312378,108,114,-6
2025-04-26-OKC-MEM,2025-04-26,OKC,MEM,15.5,-15.5,-14.934025883674622,115,117,-2
2025-04-20-GSW-HOU,2025-04-20,GSW,HOU,-1.5,1.5,1.5085981646552682,85,95,-10
2025-04-23-GSW-HOU,2025-04-23,GSW,HOU,-4.0,4.0,3.9414337761700153,109,94,15
2025-04-26-HOU-GSW,2025-04-26,HOU,GSW,-2.0,2.0,2.3668299317359924,104,93,11
2025-04-28-HOU-GSW,2025-04-28,HOU,GSW,-3.5,3.5,3.695901185274124,109,106,3
2025-04-30-GSW-HOU,2025-04-30,GSW,HOU,-4.0,4.0,3.868785709142685,131,116,15
2025-05-02-HOU-GSW,2025-05-02,HOU,GSW,-5.5,5.5,5.567011944949627,107,115,-8
2025-05-04-GSW-HOU,2025-05-04,GSW,HOU,-2.5,2.5,2.3775888681411743,89,103,-14
2025-04-19-MIN-LAL,2025-04-19,MIN,LAL,-4.5,4.5,4.244343489408493,95,117,-22
2025-04-22-MIN-LAL,2025-04-22,MIN,LAL,-5.5,5.5,5.365076348185539,94,85,9
2025-04-25-LAL-MIN,2025-04-25,LAL,MIN,-4.0,4.0,3.9837516695261,116,104,12
2025-04-27-LAL-MIN,2025-04-27,LAL,MIN,-2.5,2.5,2.4775121696293354,116,113,3
2025-04-30-MIN-LAL,2025-04-30,MIN,LAL,-6.0,6.0,5.844927489757538,96,103,-7
2025-04-19-LAC-DEN,2025-04-19,LAC,DEN,-2.5,2.5,2.1536495983600616,112,110,2
2025-04-21-LAC-DEN,2025-04-21,LAC,DEN,-1.0,1.0,0.7829953879117966,102,105,-3
2025-04-24-DEN-LAC,2025-04-24,DEN,LAC,-5.5,5.5,5.746824398636818,117,83,34
2025-04-26-DEN-LAC,2025-04-26,DEN,LAC,-6.5,6.5,6.5013029938563704,99,101,-2
2025-04-29-LAC-DEN,2025-04-29,LAC,DEN,1.5,-1.5,-1.168853372335434,131,115,16
2025-05-01-DEN-LAC,2025-05-01,DEN,LAC,-6.5,6.5,6.481266044080257,111,105,6
2025-05-03-LAC-DEN,2025-05-03,LAC,DEN,-1.5,1.5,1.5440389849245548,120,101,19
2025-05-04-IND-CLE,2025-05-04,IND,CLE,-8.5,8.5,8.213898360729218,112,121,-9
2025-05-06-IND-CLE,2025-05-06,IND,CLE,-5.5,5.5,5.151808947324753,119,120,-1
2025-05-09-CLE-IND,2025-05-09,CLE,IND,5.5,-5.5,-4.9472761154174805,104,126,-22
2025-05-11-CLE-IND,2025-05-11,CLE,IND,5.0,-5.0,-4.661481946706772,129,109,20
2025-05-13-IND-CLE,2025-05-13,IND,CLE,-8.5,8.5,8.28525723516941,105,114,-9
2025-05-05-NYK-BOS,2025-05-05,NYK,BOS,-9.0,9.0,9.114879086613655,105,108,-3
2025-05-07-NYK-BOS,2025-05-07,NYK,BOS,-10.0,10.0,9.916088908910751,90,91,-1
2025-05-10-BOS-NYK,2025-05-10,BOS,NYK,6.0,-6.0,-6.048634819686413,93,115,-22
2025-05-12-BOS-NYK,2025-05-12,BOS,NYK,5.5,-5.5,-5.490415063686669,121,113,8
2025-05-14-NYK-BOS,2025-05-14,NYK,BOS,-5.0,5.0,4.984060924500227,127,102,25
2025-05-16-BOS-NYK,2025-05-16,BOS,NYK,-3.0,3.0,3.0466336347162724,119,81,38
2025-05-05-DEN-OKC,2025-05-05,DEN,OKC,-10.5,10.5,10.356228783726692,119,121,-2
2025-05-07-DEN-OKC,2025-05-07,DEN,OKC,-10.0,10.0,9.886016376316547,149,106,43
2025-05-09-OKC-DEN,2025-05-09,OKC,DEN,6.0,-6.0,-5.686967462301254,113,104,9
2025-05-11-OKC-DEN,2025-05-11,OKC,DEN,6.5,-6.5,-6.179904907941818,87,92,-5
2025-05-13-DEN-OKC,2025-05-13,DEN,OKC,-10.0,10.0,10.40352076292038,112,105,7
2025-05-15-OKC-DEN,2025-05-15,OKC,DEN,5.5,-5.5,-5.130947917699814,119,107,12
2025-05-18-DEN-OKC,2025-05-18,DEN,OKC,-8.0,8.0,8.14222702383995,125,93,32
2025-05-06-GSW-MIN,2025-05-06,GSW,MIN,-6.0,6.0,5.793009206652641,88,99,-11
2025-05-08-GSW-MIN,2025-05-08,GSW,MIN,-11.0,11.0,11.024049129337072,117,93,24
2025-05-10-MIN-GSW,2025-05-10,MIN,GSW,5.5,-5.5,-5.230381190776825,97,102,-5
2025-05-12-MIN-GSW,2025-05-12,MIN,GSW,4.5,-4.5,-4.45542711019516,110,117,-7
2025-05-14-GSW-MIN,2025-05-14,GSW,MIN,-9.5,9.5,9.590757116675377,121,110,11
2025-05-21-IND-NYK,2025-05-21,IND,NYK,-4.5,4.5,4.493153107352555,135,138,-3
2025-05-23-IND-NYK,2025-05-23,IND,NYK,-6.0,6.0,6.037677127867937,109,114,-5
2025-05-25-NYK-IND,2025-05-25,NYK,IND,-1.5,1.5,1.6204605549573898,100,106,-6
2025-05-27-NYK-IND,2025-05-27,NYK,IND,-3.0,3.0,3.041540388017893,130,121,9
2025-05-29-IND-NYK,2025-05-29,IND,NYK,-4.5,4.5,4.536749251186848,111,94,17
2025-05-31-NYK-IND,2025-05-31,NYK,IND,-4.5,4.5,4.559205356985331,125,108,17
2025-05-20-MIN-OKC,2025-05-20,MIN,OKC,-7.0,7.0,7.210201948881149,114,88,26
2025-05-22-MIN-OKC,2025-05-22,MIN,OKC,-8.0,8.0,8.116159208118916,118,103,15
2025-05-24-OKC-MIN,2025-05-24,OKC,MIN,3.0,-3.0,-2.586775451898575,143,101,42
2025-05-26-OKC-MIN,2025-05-26,OKC,MIN,3.0,-3.0,-2.66974475979805,126,128,-2
2025-05-28-MIN-OKC,2025-05-28,MIN,OKC,-9.0,9.0,9.631455540657043,124,94,30
2025-06-05-IND-OKC,2025-06-05,IND,OKC,-10.0,10.0,9.872725635766983,110,111,-1
2025-06-08-IND-OKC,2025-06-08,IND,OKC,-11.5,11.5,11.897522330284119,123,107,16
2025-06-11-OKC-IND,2025-06-11,OKC,IND,5.5,-5.5,-5.311460867524147,116,107,9
2025-06-13-OKC-IND,2025-06-13,OKC,IND,6.0,-6.0,-5.661123543977737,104,111,-7
2025-06-16-IND-OKC,2025-06-16,IND,OKC,-9.0,9.0,9.184020385146141,120,109,11
2025-06-19-OKC-IND,2025-06-19,OKC,IND,4.5,-4.5,-3.9279754757881165,108,91,17
2025-06-22-IND-OKC,2025-06-22,IND,OKC,-6.5,6.5,6.5583161525428295,103,91,12
2025-04-15-ATL-ORL,2025-04-15,ATL,ORL,-6.0,6.0,6.343009203672409,120,95,25
2025-04-16-MIA-CHI,2025-04-16,MIA,CHI,-2.0,2.0,2.486029326915741,90,109,-19
2025-04-15-MEM-GSW,2025-04-15,MEM,GSW,-6.5,6.5,6.425970368087292,121,116,5
2025-04-16-DAL-SAC,2025-04-16,DAL,SAC,-5.5,5.5,5.283985331654549,106,120,-14
2025-04-18-MIA-ATL,2025-04-18,MIA,ATL,2.0,-2.0,-1.8280092626810074,114,123,-9
2025-04-18-DAL-MEM,2025-04-18,DAL,MEM,-6.0,6.0,5.7384292781353,120,106,14
