player_name,date,season,opponent,home_away,win_loss,team_score,opponent_score,minutes,prop_line,assists,over_under_result,points,rebounds,threes_scored,steals,blocks,fgm,fga,fg_pct,ftm,fta,ft_pct,threes_made,threes_attempted,three_pct,spread_team,spread_value,SYSTEM NAME,LIFETIME NET UNITS,RECORD,FOLLOW,DATE,PLAYER,LINE,RESULT
Nikola Jokic,11/17,25-26,CHI,Home,L,130.0,127.0,38.0,10.5,13.0,O,36.0,18.0,1.0,1.0,2.0,13.0,27.0,48.0,9.0,12.0,75.0,1.0,7.0,14.0,CHI,13.5,,,,,,,,
Nikola Jokic,11/15,25-26,MIN,Away,W,123.0,112.0,37.0,10.5,11.0,O,27.0,12.0,3.0,2.0,1.0,8.0,15.0,53.0,8.0,8.0,100.0,3.0,6.0,50.0,DEN,1.0,,,,,,,,
Nikola Jokic,11/12,25-26,LAC,Away,W,130.0,116.0,33.0,10.5,6.0,U,55.0,12.0,5.0,1.0,1.0,18.0,23.0,78.0,14.0,16.0,88.0,5.0,6.0,83.0,DEN,-4.5,,,,,,,,
Nikola Jokic,11/11,25-26,SAC,Away,W,122.0,108.0,32.0,10.5,7.0,U,35.0,15.0,1.0,2.0,0.0,16.0,19.0,84.0,2.0,3.0,67.0,1.0,2.0,50.0,DEN,-6.5,,,,,,,,
Nikola Jokic,11/8,25-26,IND,Home,W,117.0,100.0,31.0,9.5,14.0,O,32.0,14.0,1.0,1.0,0.0,10.0,14.0,71.0,11.0,12.0,92.0,1.0,1.0,100.0,DEN,-12.0,,,,,,,,
Nikola Jokic,11/7,25-26,GSW,Home,W,129.0,104.0,28.0,10.5,9.0,U,26.0,9.0,2.0,0.0,1.0,12.0,15.0,80.0,0.0,0.0,0.0,2.0,3.0,67.0,DEN,-5.5,,,,,,,,
Nikola Jokic,11/5,25-26,MIA,Home,W,122.0,112.0,36.0,9.5,16.0,O,33.0,15.0,2.0,3.0,0.0,12.0,18.0,67.0,7.0,8.0,88.0,2.0,5.0,40.0,DEN,-8.5,,,,,,,,
Nikola Jokic,11/3,25-26,SAC,Home,W,130.0,124.0,36.0,9.5,14.0,O,34.0,7.0,4.0,4.0,2.0,14.0,22.0,64.0,2.0,3.0,67.0,4.0,10.0,40.0,SAC,10.5,,,,,,,,
Nikola Jokic,10/31,25-26,POR,Away,L,109.0,107.0,37.0,10.5,9.0,U,21.0,14.0,2.0,1.0,2.0,7.0,10.0,70.0,5.0,7.0,71.0,2.0,3.0,67.0,POR,4.5,,,,,,,,
Nikola Jokic,10/29,25-26,NOR,Home,W,122.0,88.0,27.0,9.5,10.0,O,21.0,12.0,1.0,2.0,0.0,10.0,15.0,67.0,0.0,0.0,0.0,1.0,2.0,50.0,DEN,-11.5,,,,,,,,
Nikola Jokic,10/27,25-26,MIN,Away,W,127.0,114.0,36.0,9.5,10.0,O,25.0,19.0,0.0,2.0,1.0,9.0,10.0,90.0,7.0,7.0,100.0,0.0,0.0,0.0,DEN,-6.5,,,,,,,,
Nikola Jokic,10/25,25-26,PHO,Home,W,133.0,111.0,32.0,9.5,15.0,O,14.0,14.0,0.0,3.0,0.0,5.0,8.0,63.0,4.0,4.0,100.0,0.0,3.0,0.0,DEN,-13.0,,,,,,,,
Nikola Jokic,10/23,25-26,GSW,Away,L,137.0,131.0,40.0,8.5,10.0,O,21.0,13.0,2.0,1.0,1.0,8.0,23.0,35.0,3.0,4.0,75.0,2.0,13.0,15.0,GSW,-1.5,,,,,,,,
Nikola Jokic,5/15,24-25,OKC,Home,W,119.0,107.0,40.0,8.5,8.0,U,29.0,14.0,1.0,2.0,1.0,9.0,14.0,64.0,10.0,12.0,83.0,1.0,3.0,33.0,DEN,5.0,,,,,,,,
Nikola Jokic,5/13,24-25,OKC,Away,L,112.0,105.0,44.0,8.5,5.0,U,44.0,15.0,5.0,2.0,0.0,17.0,25.0,68.0,5.0,5.0,100.0,5.0,7.0,71.0,DEN,10.0,,,,,,,,
Nikola Jokic,5/11,24-25,OKC,Home,L,92.0,87.0,42.0,8.5,3.0,U,27.0,13.0,2.0,4.0,0.0,7.0,22.0,32.0,11.0,14.0,79.0,2.0,8.0,25.0,DEN,7.0,,,,,,,,
Nikola Jokic,5/9,24-25,OKC,Home,W,113.0,104.0,43.0,9.5,6.0,U,20.0,16.0,0.0,2.0,2.0,8.0,25.0,32.0,4.0,4.0,100.0,0.0,10.0,0.0,DEN,6.0,,,,,,,,
Nikola Jokic,5/7,24-25,OKC,Away,L,149.0,106.0,32.0,8.5,6.0,U,17.0,8.0,2.0,1.0,1.0,6.0,16.0,38.0,3.0,5.0,60.0,2.0,4.0,50.0,OKC,-10.0,,,,,,,,
Nikola Jokic,5/5,24-25,OKC,Away,W,121.0,119.0,42.0,9.5,6.0,U,42.0,22.0,2.0,1.0,2.0,15.0,29.0,52.0,10.0,13.0,77.0,2.0,6.0,33.0,DEN,10.5,,,,,,,,
Nikola Jokic,5/3,24-25,LAC,Home,W,120.0,101.0,32.0,9.5,8.0,U,16.0,10.0,1.0,3.0,1.0,6.0,14.0,43.0,3.0,4.0,75.0,1.0,2.0,50.0,DEN,-1.5,,,,,,,,
Nikola Jokic,5/1,24-25,LAC,Away,L,111.0,105.0,41.0,9.5,8.0,U,25.0,7.0,2.0,3.0,1.0,11.0,22.0,50.0,1.0,2.0,50.0,2.0,4.0,50.0,PUSH,6.0,,,,,,,,
Nikola Jokic,4/29,24-25,LAC,Home,W,131.0,115.0,36.0,9.5,12.0,O,13.0,10.0,1.0,1.0,2.0,4.0,13.0,31.0,4.0,5.0,80.0,1.0,4.0,25.0,DEN,1.5,,,,,,,,
Nikola Jokic,4/26,24-25,LAC,Away,W,101.0,99.0,43.0,9.5,8.0,U,36.0,21.0,3.0,2.0,1.0,14.0,25.0,56.0,5.0,6.0,83.0,3.0,6.0,50.0,DEN,6.5,,,,,,,,
Nikola Jokic,4/24,24-25,LAC,Away,L,117.0,83.0,36.0,9.5,13.0,O,23.0,13.0,2.0,1.0,0.0,9.0,14.0,64.0,3.0,4.0,75.0,2.0,3.0,67.0,LAC,-5.5,,,,,,,,
Nikola Jokic,4/21,24-25,LAC,Home,L,105.0,102.0,43.0,9.5,10.0,O,26.0,11.0,4.0,3.0,0.0,8.0,16.0,50.0,6.0,10.0,60.0,4.0,8.0,50.0,LAC,-1.0,,,,,,,,
Nikola Jokic,4/19,24-25,LAC,Home,W,112.0,110.0,46.0,9.5,12.0,O,29.0,9.0,1.0,3.0,1.0,12.0,24.0,50.0,4.0,6.0,67.0,1.0,4.0,25.0,LAC,2.5,,,,,,,,
Nikola Jokic,4/13,24-25,HOU,Away,W,126.0,111.0,30.0,9.5,7.0,U,18.0,7.0,3.0,2.0,1.0,7.0,10.0,70.0,1.0,2.0,50.0,3.0,5.0,60.0,DEN,-6.0,,,,,,,,
Nikola Jokic,4/11,24-25,MEM,Home,W,117.0,109.0,40.0,9.5,13.0,O,26.0,16.0,1.0,2.0,0.0,11.0,19.0,58.0,3.0,7.0,43.0,1.0,2.0,50.0,DEN,-7.0,,,,,,,,
Nikola Jokic,4/9,24-25,SAC,Away,W,124.0,116.0,37.0,10.5,11.0,O,20.0,12.0,0.0,4.0,0.0,5.0,12.0,42.0,10.0,10.0,100.0,0.0,1.0,0.0,DEN,-4.5,,,,,,,,
Nikola Jokic,4/6,24-25,IND,Home,L,125.0,120.0,39.0,10.5,13.0,O,41.0,15.0,3.0,2.0,1.0,18.0,33.0,55.0,2.0,3.0,67.0,3.0,11.0,27.0,IND,6.0,,,,,,,,
Nikola Jokic,4/4,24-25,GSW,Away,L,118.0,104.0,37.0,9.5,9.0,U,33.0,12.0,4.0,2.0,0.0,13.0,17.0,76.0,3.0,3.0,100.0,4.0,7.0,57.0,GSW,-3.0,,,,,,,,
Nikola Jokic,4/1,24-25,MIN,Home,L,140.0,139.0,52.0,9.5,10.0,O,61.0,10.0,6.0,2.0,0.0,18.0,29.0,62.0,19.0,24.0,79.0,6.0,11.0,55.0,MIN,1.5,,,,,,,,
Nikola Jokic,3/28,24-25,UTH,Home,W,129.0,93.0,31.0,9.5,6.0,U,27.0,14.0,1.0,4.0,0.0,8.0,18.0,44.0,10.0,12.0,83.0,1.0,5.0,20.0,DEN,-18.5,,,,,,,,
Nikola Jokic,3/26,24-25,MIL,Home,W,127.0,117.0,38.0,8.5,10.0,O,39.0,10.0,3.0,0.0,0.0,16.0,25.0,64.0,4.0,7.0,57.0,3.0,6.0,50.0,MIL,11.5,,,,,,,,
Nikola Jokic,3/15,24-25,WAS,Home,L,126.0,123.0,39.0,9.5,9.0,U,40.0,13.0,1.0,1.0,2.0,16.0,30.0,53.0,7.0,7.0,100.0,1.0,8.0,13.0,WAS,11.5,,,,,,,,
Nikola Jokic,3/14,24-25,LAL,Home,W,131.0,126.0,37.0,10.5,5.0,U,28.0,7.0,0.0,3.0,1.0,8.0,16.0,50.0,12.0,17.0,71.0,0.0,4.0,0.0,LAL,15.0,,,,,,,,
Nikola Jokic,3/12,24-25,MIN,Home,L,115.0,95.0,38.0,9.5,4.0,U,34.0,8.0,2.0,1.0,0.0,13.0,23.0,57.0,6.0,8.0,75.0,2.0,6.0,33.0,MIN,2.5,,,,,,,,
Nikola Jokic,3/10,24-25,OKC,Away,W,140.0,127.0,39.0,10.5,8.0,U,35.0,18.0,1.0,1.0,1.0,15.0,20.0,75.0,4.0,5.0,80.0,1.0,2.0,50.0,DEN,8.5,,,,,,,,
Nikola Jokic,3/9,24-25,OKC,Away,L,127.0,103.0,41.0,10.5,9.0,U,24.0,13.0,2.0,1.0,3.0,10.0,23.0,43.0,2.0,6.0,33.0,2.0,10.0,20.0,OKC,-7.5,,,,,,,,
Nikola Jokic,3/7,24-25,PHO,Home,W,149.0,141.0,44.0,10.5,22.0,O,31.0,21.0,3.0,3.0,0.0,13.0,22.0,59.0,2.0,3.0,67.0,3.0,7.0,43.0,PHO,9.0,,,,,,,,
Nikola Jokic,3/5,24-25,SAC,Home,W,116.0,110.0,38.0,10.5,6.0,U,22.0,15.0,0.0,1.0,0.0,9.0,18.0,50.0,4.0,6.0,67.0,0.0,2.0,0.0,SAC,8.5,,,,,,,,
Nikola Jokic,3/2,24-25,BOS,Away,L,110.0,103.0,39.0,9.5,9.0,U,20.0,14.0,2.0,2.0,0.0,9.0,15.0,60.0,0.0,0.0,0.0,2.0,3.0,67.0,BOS,-5.0,,,,,,,,
Nikola Jokic,2/28,24-25,DET,Away,W,134.0,119.0,34.0,10.5,15.0,O,23.0,17.0,0.0,1.0,2.0,6.0,12.0,50.0,11.0,12.0,92.0,0.0,3.0,0.0,DEN,-1.0,,,,,,,,
Nikola Jokic,2/27,24-25,MIL,Away,L,121.0,112.0,37.0,9.5,10.0,O,32.0,14.0,1.0,1.0,0.0,13.0,16.0,81.0,5.0,7.0,71.0,1.0,2.0,50.0,MIL,3.5,,,,,,,,
Nikola Jokic,2/24,24-25,IND,Away,W,125.0,116.0,38.0,9.5,19.0,O,18.0,9.0,0.0,3.0,1.0,9.0,14.0,64.0,0.0,0.0,0.0,0.0,1.0,0.0,DEN,-4.5,,,,,,,,
Nikola Jokic,2/22,24-25,LAL,Home,L,123.0,100.0,35.0,10.5,10.0,U,12.0,13.0,0.0,1.0,0.0,2.0,7.0,29.0,8.0,10.0,80.0,0.0,1.0,0.0,LAL,6.5,,,,,,,,
Nikola Jokic,2/20,24-25,CHA,Home,W,129.0,115.0,36.0,9.5,9.0,U,29.0,17.0,6.0,1.0,1.0,11.0,22.0,50.0,1.0,2.0,50.0,6.0,14.0,43.0,CHA,18.0,,,,,,,,
Nikola Jokic,2/12,24-25,POR,Home,W,132.0,121.0,36.0,9.5,10.0,O,26.0,15.0,0.0,2.0,0.0,11.0,20.0,55.0,4.0,4.0,100.0,0.0,3.0,0.0,DEN,-8.0,,,,,,,,
Nikola Jokic,2/10,24-25,POR,Home,W,146.0,117.0,30.0,9.5,8.0,U,40.0,7.0,2.0,3.0,1.0,15.0,22.0,68.0,8.0,8.0,100.0,2.0,7.0,29.0,DEN,-9.0,,,,,,,,
Nikola Jokic,2/8,24-25,PHO,Away,W,122.0,105.0,28.0,10.5,9.0,U,26.0,11.0,1.0,0.0,0.0,11.0,13.0,85.0,3.0,3.0,100.0,1.0,2.0,50.0,DEN,-6.5,,,,,,,,
Nikola Jokic,2/6,24-25,ORL,Home,W,112.0,90.0,31.0,10.5,12.0,O,28.0,10.0,2.0,2.0,0.0,11.0,16.0,69.0,4.0,6.0,67.0,2.0,4.0,50.0,DEN,-6.0,,,,,,,,
Nikola Jokic,2/5,24-25,NOR,Home,W,144.0,119.0,35.0,11.5,10.0,U,38.0,8.0,5.0,1.0,1.0,15.0,28.0,54.0,3.0,3.0,100.0,5.0,13.0,38.0,DEN,-11.0,,,,,,,,
Nikola Jokic,2/3,24-25,NOR,Home,W,125.0,113.0,36.0,11.5,10.0,U,27.0,14.0,1.0,1.0,2.0,9.0,13.0,69.0,8.0,10.0,80.0,1.0,3.0,33.0,DEN,-9.5,,,,,,,,
Nikola Jokic,2/1,24-25,CHA,Away,W,107.0,104.0,36.0,10.5,17.0,O,28.0,13.0,2.0,4.0,1.0,9.0,17.0,53.0,8.0,9.0,89.0,2.0,7.0,29.0,CHA,12.5,,,,,,,,
Nikola Jokic,1/31,24-25,PHI,Away,W,137.0,134.0,37.0,10.5,13.0,O,28.0,9.0,2.0,2.0,0.0,11.0,16.0,69.0,4.0,5.0,80.0,2.0,3.0,67.0,PHI,9.5,,,,,,,,
Nikola Jokic,1/29,24-25,NYK,Away,L,122.0,112.0,33.0,9.5,6.0,U,17.0,6.0,3.0,2.0,1.0,6.0,15.0,40.0,2.0,2.0,100.0,3.0,7.0,43.0,NYK,-2.5,,,,,,,,
Nikola Jokic,1/27,24-25,CHI,Away,L,129.0,121.0,39.0,10.5,14.0,O,33.0,12.0,1.0,1.0,1.0,15.0,21.0,71.0,2.0,2.0,100.0,1.0,4.0,25.0,CHI,9.5,,,,,,,,
Nikola Jokic,1/25,24-25,MIN,Away,L,133.0,104.0,32.0,9.5,11.0,O,20.0,3.0,2.0,0.0,0.0,9.0,13.0,69.0,0.0,1.0,0.0,2.0,4.0,50.0,MIN,3.5,,,,,,,,
Nikola Jokic,1/23,24-25,SAC,Home,W,132.0,123.0,37.0,9.5,17.0,O,35.0,22.0,2.0,1.0,2.0,12.0,19.0,63.0,9.0,10.0,90.0,2.0,3.0,67.0,DEN,-7.5,,,,,,,,
Nikola Jokic,1/21,24-25,PHI,Home,W,144.0,109.0,30.0,9.5,10.0,O,27.0,13.0,2.0,4.0,1.0,10.0,15.0,67.0,5.0,5.0,100.0,2.0,3.0,67.0,DEN,-12.0,,,,,,,,
Nikola Jokic,1/19,24-25,ORL,Away,W,113.0,100.0,30.0,8.5,10.0,O,20.0,14.0,0.0,3.0,3.0,7.0,9.0,78.0,6.0,7.0,86.0,0.0,0.0,0.0,DEN,-7.5,,,,,,,,
Nikola Jokic,1/17,24-25,MIA,Away,W,133.0,113.0,30.0,9.5,10.0,O,24.0,12.0,1.0,1.0,0.0,9.0,12.0,75.0,5.0,5.0,100.0,1.0,2.0,50.0,DEN,-3.5,,,,,,,,
Nikola Jokic,1/14,24-25,DAL,Away,W,118.0,99.0,28.0,9.5,10.0,O,10.0,14.0,1.0,2.0,0.0,4.0,7.0,57.0,1.0,2.0,50.0,1.0,2.0,50.0,DEN,-3.0,,,,,,,,
Nikola Jokic,1/12,24-25,DAL,Away,W,112.0,101.0,38.0,8.5,9.0,O,19.0,18.0,0.0,3.0,0.0,6.0,13.0,46.0,7.0,9.0,78.0,0.0,2.0,0.0,DEN,-5.5,,,,,,,,
Nikola Jokic,1/10,24-25,BKN,Home,W,124.0,105.0,38.0,9.5,15.0,O,35.0,12.0,1.0,4.0,0.0,14.0,21.0,67.0,6.0,8.0,75.0,1.0,1.0,100.0,DEN,-15.0,,,,,,,,
Nikola Jokic,1/4,24-25,SAS,Away,W,122.0,111.0,43.0,9.5,10.0,O,46.0,9.0,3.0,2.0,2.0,19.0,35.0,54.0,5.0,6.0,83.0,3.0,8.0,38.0,DEN,-2.5,,,,,,,,
Nikola Jokic,1/3,24-25,SAS,Home,L,113.0,110.0,36.0,8.5,9.0,O,41.0,18.0,3.0,2.0,0.0,15.0,36.0,42.0,8.0,9.0,89.0,3.0,10.0,30.0,SAS,6.0,,,,,,,,
Nikola Jokic,1/1,24-25,ATL,Home,W,139.0,120.0,29.0,9.5,15.0,O,23.0,17.0,1.0,0.0,1.0,8.0,16.0,50.0,6.0,6.0,100.0,1.0,1.0,100.0,DEN,-8.5,,,,,,,,
Nikola Jokic,12/30,24-25,UTH,Away,W,132.0,121.0,38.0,8.5,11.0,O,36.0,22.0,3.0,4.0,0.0,14.0,33.0,42.0,5.0,6.0,83.0,3.0,9.0,33.0,DEN,-7.5,,,,,,,,
Nikola Jokic,12/28,24-25,DET,Home,W,134.0,121.0,37.0,9.5,8.0,U,37.0,9.0,4.0,0.0,0.0,11.0,17.0,65.0,11.0,14.0,79.0,4.0,5.0,80.0,DEN,-6.0,,,,,,,,
Nikola Jokic,12/27,24-25,CLE,Home,L,149.0,135.0,35.0,8.5,13.0,O,27.0,14.0,0.0,3.0,0.0,12.0,19.0,63.0,3.0,4.0,75.0,0.0,3.0,0.0,CLE,-3.5,,,,,,,,
Nikola Jokic,12/25,24-25,PHO,Away,L,110.0,100.0,37.0,8.5,2.0,U,25.0,15.0,2.0,2.0,0.0,10.0,19.0,53.0,3.0,4.0,75.0,2.0,7.0,29.0,PHO,2.5,,,,,,,,
Nikola Jokic,12/23,24-25,PHO,Home,W,117.0,90.0,29.0,8.5,7.0,U,32.0,2.0,4.0,0.0,0.0,12.0,17.0,71.0,4.0,5.0,80.0,4.0,6.0,67.0,DEN,-4.5,,,,,,,,
Nikola Jokic,12/22,24-25,NOR,Away,W,132.0,129.0,42.0,8.5,10.0,O,27.0,13.0,2.0,1.0,1.0,11.0,20.0,55.0,3.0,5.0,60.0,2.0,3.0,67.0,NOR,8.5,,,,,,,,
Nikola Jokic,12/19,24-25,POR,Away,L,126.0,124.0,36.0,8.5,8.0,U,34.0,6.0,4.0,1.0,0.0,13.0,18.0,72.0,4.0,4.0,100.0,4.0,6.0,67.0,POR,8.5,,,,,,,,
Nikola Jokic,12/16,24-25,SAC,Away,W,130.0,129.0,38.0,7.5,13.0,O,20.0,14.0,1.0,2.0,1.0,8.0,19.0,42.0,3.0,4.0,75.0,1.0,6.0,17.0,DEN,1.0,,,,,,,,
Nikola Jokic,12/13,24-25,LAC,Home,W,120.0,98.0,29.0,8.5,2.0,U,16.0,7.0,2.0,2.0,0.0,6.0,9.0,67.0,2.0,4.0,50.0,2.0,2.0,100.0,DEN,-7.0,,,,,,,,
Nikola Jokic,12/8,24-25,ATL,Away,W,141.0,111.0,35.0,9.5,8.0,U,48.0,14.0,3.0,3.0,0.0,17.0,29.0,59.0,11.0,13.0,85.0,3.0,6.0,50.0,DEN,1.0,,,,,,,,
Nikola Jokic,12/7,24-25,WAS,Away,L,122.0,113.0,38.0,9.5,8.0,U,56.0,16.0,3.0,1.0,0.0,22.0,38.0,58.0,9.0,13.0,69.0,3.0,5.0,60.0,WAS,11.5,,,,,,,,
Nikola Jokic,12/5,24-25,CLE,Away,L,126.0,114.0,38.0,8.5,11.0,O,27.0,20.0,0.0,3.0,0.0,13.0,26.0,50.0,1.0,1.0,100.0,0.0,3.0,0.0,CLE,-3.5,,,,,,,,
Nikola Jokic,12/3,24-25,GSW,Home,W,119.0,115.0,40.0,9.5,6.0,U,38.0,10.0,3.0,5.0,1.0,14.0,24.0,58.0,7.0,9.0,78.0,3.0,4.0,75.0,GSW,5.0,,,,,,,,
Nikola Jokic,12/1,24-25,LAC,Away,L,126.0,122.0,39.0,8.5,11.0,O,28.0,14.0,2.0,1.0,1.0,12.0,24.0,50.0,2.0,4.0,50.0,2.0,7.0,29.0,LAC,3.0,,,,,,,,
Nikola Jokic,11/27,24-25,UTH,Away,W,122.0,103.0,33.0,10.5,7.0,U,30.0,10.0,2.0,1.0,1.0,13.0,19.0,68.0,2.0,3.0,67.0,2.0,3.0,67.0,DEN,-11.0,,,,,,,,
Nikola Jokic,11/25,24-25,NYK,Home,L,145.0,118.0,31.0,9.5,7.0,U,22.0,7.0,2.0,1.0,0.0,9.0,20.0,45.0,2.0,2.0,100.0,2.0,7.0,29.0,NYK,2.5,,,,,,,,
Nikola Jokic,11/23,24-25,LAL,Away,W,127.0,102.0,36.0,9.5,8.0,U,34.0,13.0,3.0,2.0,1.0,12.0,20.0,60.0,7.0,8.0,88.0,3.0,7.0,43.0,DEN,4.0,,,,,,,,
Nikola Jokic,11/22,24-25,DAL,Home,L,123.0,120.0,39.0,10.5,10.0,U,33.0,17.0,2.0,0.0,0.0,13.0,22.0,59.0,5.0,7.0,71.0,2.0,2.0,100.0,DAL,4.5,,,,,,,,
Nikola Jokic,11/10,24-25,DAL,Home,W,122.0,120.0,38.0,10.5,15.0,O,37.0,18.0,3.0,3.0,0.0,13.0,21.0,62.0,8.0,8.0,100.0,3.0,3.0,100.0,PUSH,-2.0,,,,,,,,
Nikola Jokic,11/8,24-25,MIA,Home,W,135.0,122.0,40.0,9.5,14.0,O,30.0,11.0,1.0,2.0,0.0,11.0,13.0,85.0,7.0,7.0,100.0,1.0,1.0,100.0,DEN,-3.0,,,,,,,,
Nikola Jokic,11/6,24-25,OKC,Home,W,124.0,122.0,39.0,9.5,16.0,O,23.0,20.0,1.0,2.0,2.0,9.0,20.0,45.0,4.0,6.0,67.0,1.0,3.0,33.0,DEN,7.0,,,,,,,,
Nikola Jokic,11/4,24-25,TOR,Home,W,121.0,119.0,38.0,9.5,13.0,O,28.0,14.0,1.0,1.0,2.0,10.0,22.0,45.0,7.0,8.0,88.0,1.0,5.0,20.0,TOR,11.0,,,,,,,,
Nikola Jokic,11/2,24-25,UTH,Home,W,129.0,103.0,29.0,9.5,9.0,U,27.0,16.0,3.0,1.0,0.0,10.0,18.0,56.0,4.0,4.0,100.0,3.0,4.0,75.0,DEN,-11.0,,,,,,,,
Nikola Jokic,11/1,24-25,MIN,Away,L,119.0,116.0,39.0,7.5,13.0,O,26.0,9.0,2.0,3.0,1.0,8.0,16.0,50.0,8.0,10.0,80.0,2.0,3.0,67.0,DEN,3.5,,,,,,,,
Nikola Jokic,10/29,24-25,BKN,Away,W,144.0,139.0,40.0,7.5,16.0,O,29.0,18.0,0.0,0.0,1.0,9.0,16.0,56.0,11.0,13.0,85.0,0.0,0.0,0.0,BKN,5.5,,,,,,,,
Nikola Jokic,10/28,24-25,TOR,Away,W,127.0,125.0,43.0,8.5,4.0,U,40.0,10.0,3.0,1.0,2.0,18.0,27.0,67.0,1.0,2.0,50.0,3.0,5.0,60.0,TOR,8.5,,,,,,,,
Nikola Jokic,10/26,24-25,LAC,Home,L,109.0,104.0,36.0,8.5,4.0,U,41.0,9.0,7.0,2.0,1.0,14.0,26.0,54.0,6.0,8.0,75.0,7.0,12.0,58.0,LAC,7.5,,,,,,,,
Nikola Jokic,10/24,24-25,OKC,Home,L,102.0,87.0,35.0,8.5,13.0,O,16.0,12.0,1.0,2.0,1.0,6.0,13.0,46.0,3.0,4.0,75.0,1.0,3.0,33.0,OKC,2.0,,,,,,,,
Jamal Murray,11/17,25-26,CHI,Home,L,130.0,127.0,38.0,6.5,4.0,U,34.0,11.0,5.0,1.0,0.0,12.0,22.0,55.0,5.0,5.0,100.0,5.0,11.0,45.0,CHI,13.5,,,,,,,,
Jamal Murray,11/15,25-26,MIN,Away,W,123.0,112.0,38.0,5.5,12.0,O,23.0,6.0,1.0,1.0,0.0,9.0,22.0,41.0,4.0,6.0,67.0,1.0,6.0,17.0,DEN,1.0,,,,,,,,
Jamal Murray,11/12,25-26,LAC,Away,W,130.0,116.0,32.0,5.5,4.0,U,15.0,5.0,1.0,4.0,0.0,5.0,16.0,31.0,4.0,4.0,100.0,1.0,5.0,20.0,DEN,-4.5,,,,,,,,
Jamal Murray,11/11,25-26,SAC,Away,W,122.0,108.0,37.0,5.5,8.0,O,23.0,3.0,4.0,0.0,0.0,7.0,15.0,47.0,5.0,5.0,100.0,4.0,9.0,44.0,DEN,-6.5,,,,,,,,
Jamal Murray,11/7,25-26,GSW,Home,W,129.0,104.0,30.0,5.5,8.0,O,23.0,4.0,5.0,2.0,1.0,8.0,12.0,67.0,2.0,2.0,100.0,5.0,7.0,71.0,DEN,-5.5,,,,,,,,
Jamal Murray,11/5,25-26,MIA,Home,W,122.0,112.0,33.0,5.5,3.0,U,14.0,8.0,1.0,2.0,1.0,4.0,15.0,27.0,5.0,5.0,100.0,1.0,8.0,13.0,DEN,-8.5,,,,,,,,
Jamal Murray,11/3,25-26,SAC,Home,W,130.0,124.0,32.0,5.5,7.0,O,15.0,7.0,0.0,0.0,1.0,6.0,17.0,35.0,3.0,3.0,100.0,0.0,5.0,0.0,SAC,10.5,,,,,,,,
Jamal Murray,10/31,25-26,POR,Away,L,109.0,107.0,34.0,5.5,3.0,U,22.0,6.0,1.0,1.0,0.0,9.0,15.0,60.0,3.0,3.0,100.0,1.0,4.0,25.0,POR,4.5,,,,,,,,
Jamal Murray,10/29,25-26,NOR,Home,W,122.0,88.0,25.0,5.5,6.0,O,17.0,2.0,3.0,1.0,0.0,5.0,14.0,36.0,4.0,4.0,100.0,3.0,8.0,38.0,DEN,-11.5,,,,,,,,
Jamal Murray,10/27,25-26,MIN,Away,W,127.0,114.0,37.0,5.5,3.0,U,43.0,6.0,5.0,0.0,0.0,16.0,29.0,55.0,6.0,7.0,86.0,5.0,9.0,56.0,DEN,-6.5,,,,,,,,
Jamal Murray,10/25,25-26,PHO,Home,W,133.0,111.0,31.0,5.5,5.0,U,23.0,6.0,3.0,1.0,0.0,8.0,17.0,47.0,4.0,4.0,100.0,3.0,8.0,38.0,DEN,-13.0,,,,,,,,
Jamal Murray,10/23,25-26,GSW,Away,L,137.0,131.0,40.0,5.5,10.0,O,25.0,3.0,1.0,3.0,0.0,11.0,20.0,55.0,2.0,2.0,100.0,1.0,4.0,25.0,GSW,-1.5,,,,,,,,
Jamal Murray,5/15,24-25,OKC,Home,W,119.0,107.0,42.0,5.5,7.0,O,25.0,8.0,2.0,0.0,1.0,9.0,19.0,47.0,5.0,6.0,83.0,2.0,6.0,33.0,DEN,5.0,,,,,,,,
Jamal Murray,5/13,24-25,OKC,Away,L,112.0,105.0,41.0,5.5,3.0,U,28.0,4.0,3.0,0.0,1.0,10.0,27.0,37.0,5.0,5.0,100.0,3.0,13.0,23.0,DEN,10.0,,,,,,,,
Jamal Murray,5/11,24-25,OKC,Home,L,92.0,87.0,41.0,6.5,5.0,U,17.0,4.0,2.0,1.0,0.0,5.0,15.0,33.0,5.0,6.0,83.0,2.0,5.0,40.0,DEN,7.0,,,,,,,,
Jamal Murray,5/9,24-25,OKC,Home,W,113.0,104.0,47.0,5.5,8.0,O,27.0,4.0,2.0,4.0,1.0,9.0,19.0,47.0,7.0,8.0,88.0,2.0,5.0,40.0,DEN,6.0,,,,,,,,
Jamal Murray,5/7,24-25,OKC,Away,L,149.0,106.0,31.0,5.5,1.0,U,14.0,4.0,3.0,0.0,1.0,4.0,9.0,44.0,3.0,4.0,75.0,3.0,5.0,60.0,OKC,-10.0,,,,,,,,
Jamal Murray,5/5,24-25,OKC,Away,W,121.0,119.0,44.0,5.5,6.0,O,21.0,6.0,2.0,1.0,0.0,6.0,16.0,38.0,7.0,8.0,88.0,2.0,7.0,29.0,DEN,10.5,,,,,,,,
Jamal Murray,5/3,24-25,LAC,Home,W,120.0,101.0,41.0,6.5,2.0,U,16.0,5.0,0.0,0.0,1.0,7.0,15.0,47.0,2.0,3.0,67.0,0.0,3.0,0.0,DEN,-1.5,,,,,,,,
Jamal Murray,5/1,24-25,LAC,Away,L,111.0,105.0,44.0,5.5,8.0,O,21.0,8.0,2.0,0.0,3.0,9.0,19.0,47.0,1.0,1.0,100.0,2.0,6.0,33.0,PUSH,6.0,,,,,,,,
Jamal Murray,4/29,24-25,LAC,Home,W,131.0,115.0,40.0,5.5,7.0,O,43.0,5.0,8.0,3.0,1.0,17.0,26.0,65.0,1.0,1.0,100.0,8.0,14.0,57.0,DEN,1.5,,,,,,,,
Jamal Murray,4/26,24-25,LAC,Away,W,101.0,99.0,42.0,5.5,7.0,O,13.0,7.0,1.0,2.0,0.0,5.0,17.0,29.0,2.0,2.0,100.0,1.0,5.0,20.0,DEN,6.5,,,,,,,,
Jamal Murray,4/24,24-25,LAC,Away,L,117.0,83.0,36.0,5.5,4.0,U,23.0,0.0,1.0,1.0,0.0,8.0,15.0,53.0,6.0,6.0,100.0,1.0,4.0,25.0,LAC,-5.5,,,,,,,,
Jamal Murray,4/21,24-25,LAC,Home,L,105.0,102.0,42.0,5.5,6.0,O,23.0,3.0,4.0,1.0,1.0,9.0,17.0,53.0,1.0,1.0,100.0,4.0,8.0,50.0,LAC,-1.0,,,,,,,,
Jamal Murray,4/19,24-25,LAC,Home,W,112.0,110.0,47.0,5.5,7.0,O,21.0,9.0,3.0,1.0,0.0,7.0,20.0,35.0,4.0,5.0,80.0,3.0,7.0,43.0,LAC,2.5,,,,,,,,
Jamal Murray,4/13,24-25,HOU,Away,W,126.0,111.0,24.0,4.5,3.0,U,16.0,7.0,1.0,0.0,0.0,6.0,16.0,38.0,3.0,3.0,100.0,1.0,4.0,25.0,DEN,-6.0,,,,,,,,
Jamal Murray,4/11,24-25,MEM,Home,W,117.0,109.0,31.0,4.5,7.0,O,15.0,5.0,1.0,0.0,0.0,5.0,12.0,42.0,4.0,5.0,80.0,1.0,4.0,25.0,DEN,-7.0,,,,,,,,
Jamal Murray,3/26,24-25,MIL,Home,W,127.0,117.0,36.0,5.5,6.0,O,17.0,4.0,1.0,0.0,1.0,6.0,15.0,40.0,4.0,5.0,80.0,1.0,7.0,14.0,MIL,11.5,,,,,,,,
Jamal Murray,3/24,24-25,CHI,Home,L,129.0,119.0,32.0,6.5,7.0,O,28.0,5.0,4.0,1.0,0.0,11.0,22.0,50.0,2.0,2.0,100.0,4.0,9.0,44.0,CHI,2.5,,,,,,,,
Jamal Murray,3/23,24-25,HOU,Away,W,116.0,111.0,38.0,5.5,7.0,O,39.0,4.0,4.0,0.0,0.0,15.0,28.0,54.0,5.0,6.0,83.0,4.0,6.0,67.0,DEN,7.5,,,,,,,,
Jamal Murray,3/21,24-25,POR,Away,L,128.0,109.0,35.0,5.5,2.0,U,10.0,4.0,0.0,2.0,1.0,5.0,10.0,50.0,0.0,0.0,0.0,0.0,2.0,0.0,POR,2.5,,,,,,,,
Jamal Murray,3/15,24-25,WAS,Home,L,126.0,123.0,36.0,5.5,7.0,O,24.0,6.0,3.0,4.0,0.0,9.0,16.0,56.0,3.0,3.0,100.0,3.0,8.0,38.0,WAS,11.5,,,,,,,,
Jamal Murray,3/14,24-25,LAL,Home,W,131.0,126.0,39.0,5.5,5.0,U,26.0,4.0,5.0,0.0,1.0,9.0,16.0,56.0,3.0,3.0,100.0,5.0,9.0,56.0,LAL,15.0,,,,,,,,
Jamal Murray,3/12,24-25,MIN,Home,L,115.0,95.0,35.0,5.5,8.0,O,12.0,5.0,1.0,1.0,0.0,4.0,15.0,27.0,3.0,3.0,100.0,1.0,5.0,20.0,MIN,2.5,,,,,,,,
Jamal Murray,3/10,24-25,OKC,Away,W,140.0,127.0,39.0,4.5,6.0,O,34.0,4.0,3.0,2.0,0.0,11.0,22.0,50.0,9.0,9.0,100.0,3.0,7.0,43.0,DEN,8.5,,,,,,,,
Jamal Murray,3/9,24-25,OKC,Away,L,127.0,103.0,42.0,5.5,4.0,U,17.0,2.0,1.0,1.0,0.0,6.0,17.0,35.0,4.0,4.0,100.0,1.0,5.0,20.0,OKC,-7.5,,,,,,,,
Jamal Murray,3/7,24-25,PHO,Home,W,149.0,141.0,41.0,5.5,8.0,O,19.0,1.0,1.0,3.0,0.0,8.0,14.0,57.0,2.0,2.0,100.0,1.0,4.0,25.0,PHO,9.0,,,,,,,,
Jamal Murray,3/5,24-25,SAC,Home,W,116.0,110.0,38.0,5.5,8.0,O,24.0,4.0,2.0,0.0,1.0,4.0,10.0,40.0,14.0,15.0,93.0,2.0,6.0,33.0,SAC,8.5,,,,,,,,
Jamal Murray,3/2,24-25,BOS,Away,L,110.0,103.0,39.0,5.5,7.0,O,26.0,6.0,2.0,1.0,0.0,11.0,20.0,55.0,2.0,2.0,100.0,2.0,7.0,29.0,BOS,-5.0,,,,,,,,
Jamal Murray,2/28,24-25,DET,Away,W,134.0,119.0,34.0,5.5,4.0,U,31.0,3.0,5.0,2.0,1.0,10.0,22.0,45.0,6.0,7.0,86.0,5.0,9.0,56.0,DEN,-1.0,,,,,,,,
Jamal Murray,2/27,24-25,MIL,Away,L,121.0,112.0,39.0,5.5,5.0,U,20.0,3.0,2.0,1.0,0.0,9.0,20.0,45.0,0.0,0.0,0.0,2.0,5.0,40.0,MIL,3.5,,,,,,,,
Jamal Murray,2/24,24-25,IND,Away,W,125.0,116.0,33.0,5.5,6.0,O,16.0,1.0,4.0,1.0,0.0,6.0,12.0,50.0,0.0,0.0,0.0,4.0,4.0,100.0,DEN,-4.5,,,,,,,,
Jamal Murray,2/22,24-25,LAL,Home,L,123.0,100.0,36.0,5.5,6.0,O,19.0,3.0,6.0,2.0,0.0,6.0,13.0,46.0,1.0,1.0,100.0,6.0,11.0,55.0,LAL,6.5,,,,,,,,
Jamal Murray,2/20,24-25,CHA,Home,W,129.0,115.0,34.0,5.5,4.0,U,34.0,1.0,7.0,0.0,2.0,12.0,18.0,67.0,3.0,4.0,75.0,7.0,10.0,70.0,CHA,18.0,,,,,,,,
Jamal Murray,2/12,24-25,POR,Home,W,132.0,121.0,42.0,6.5,5.0,U,55.0,4.0,7.0,2.0,0.0,20.0,36.0,56.0,8.0,9.0,89.0,7.0,15.0,47.0,DEN,-8.0,,,,,,,,
Jamal Murray,2/10,24-25,POR,Home,W,146.0,117.0,28.0,6.5,8.0,O,17.0,2.0,1.0,2.0,0.0,7.0,10.0,70.0,2.0,3.0,67.0,1.0,2.0,50.0,DEN,-9.0,,,,,,,,
Jamal Murray,2/8,24-25,PHO,Away,W,122.0,105.0,37.0,6.5,5.0,U,30.0,3.0,6.0,2.0,1.0,12.0,23.0,52.0,0.0,0.0,0.0,6.0,9.0,67.0,DEN,-6.5,,,,,,,,
Jamal Murray,2/5,24-25,NOR,Home,W,144.0,119.0,35.0,6.5,6.0,U,10.0,2.0,0.0,0.0,0.0,5.0,7.0,71.0,0.0,0.0,0.0,0.0,2.0,0.0,DEN,-11.0,,,,,,,,
Jamal Murray,2/3,24-25,NOR,Home,W,125.0,113.0,35.0,6.5,8.0,O,20.0,5.0,1.0,2.0,0.0,7.0,17.0,41.0,5.0,5.0,100.0,1.0,4.0,25.0,DEN,-9.5,,,,,,,,
Jamal Murray,2/1,24-25,CHA,Away,W,107.0,104.0,33.0,6.5,5.0,U,20.0,1.0,1.0,0.0,0.0,8.0,16.0,50.0,3.0,3.0,100.0,1.0,6.0,17.0,CHA,12.5,,,,,,,,
Jamal Murray,1/31,24-25,PHI,Away,W,137.0,134.0,39.0,5.5,11.0,O,31.0,6.0,0.0,1.0,1.0,12.0,22.0,55.0,7.0,7.0,100.0,0.0,4.0,0.0,PHI,9.5,,,,,,,,
Jamal Murray,1/29,24-25,NYK,Away,L,122.0,112.0,37.0,5.5,6.0,O,33.0,5.0,3.0,1.0,1.0,13.0,25.0,52.0,4.0,5.0,80.0,3.0,7.0,43.0,NYK,-2.5,,,,,,,,
Jamal Murray,1/27,24-25,CHI,Away,L,129.0,121.0,40.0,5.5,6.0,O,18.0,6.0,1.0,2.0,2.0,8.0,20.0,40.0,1.0,1.0,100.0,1.0,5.0,20.0,CHI,9.5,,,,,,,,
Jamal Murray,1/25,24-25,MIN,Away,L,133.0,104.0,34.0,5.5,5.0,U,25.0,2.0,3.0,0.0,0.0,10.0,16.0,63.0,2.0,2.0,100.0,3.0,5.0,60.0,MIN,3.5,,,,,,,,
Jamal Murray,1/23,24-25,SAC,Home,W,132.0,123.0,39.0,5.5,5.0,U,18.0,6.0,1.0,3.0,0.0,8.0,18.0,44.0,1.0,2.0,50.0,1.0,6.0,17.0,DEN,-7.5,,,,,,,,
Jamal Murray,1/21,24-25,PHI,Home,W,144.0,109.0,32.0,5.5,7.0,O,9.0,6.0,0.0,0.0,0.0,2.0,7.0,29.0,5.0,5.0,100.0,0.0,3.0,0.0,DEN,-12.0,,,,,,,,
Jamal Murray,1/19,24-25,ORL,Away,W,113.0,100.0,37.0,5.5,4.0,U,19.0,2.0,1.0,1.0,0.0,8.0,16.0,50.0,2.0,2.0,100.0,1.0,6.0,17.0,DEN,-7.5,,,,,,,,
Jamal Murray,1/17,24-25,MIA,Away,W,133.0,113.0,37.0,5.5,8.0,O,30.0,7.0,2.0,3.0,1.0,12.0,24.0,50.0,4.0,4.0,100.0,2.0,7.0,29.0,DEN,-3.5,,,,,,,,
Jamal Murray,1/15,24-25,HOU,Home,L,128.0,108.0,29.0,5.5,5.0,U,22.0,4.0,4.0,0.0,0.0,8.0,14.0,57.0,2.0,2.0,100.0,4.0,5.0,80.0,HOU,-5.5,,,,,,,,
Jamal Murray,1/14,24-25,DAL,Away,W,118.0,99.0,36.0,5.5,6.0,O,45.0,2.0,5.0,2.0,0.0,18.0,26.0,69.0,4.0,4.0,100.0,5.0,9.0,56.0,DEN,-3.0,,,,,,,,
Jamal Murray,1/12,24-25,DAL,Away,W,112.0,101.0,31.0,5.5,2.0,U,17.0,2.0,2.0,0.0,0.0,7.0,18.0,39.0,1.0,3.0,33.0,2.0,6.0,33.0,DEN,-5.5,,,,,,,,
Jamal Murray,1/10,24-25,BKN,Home,W,124.0,105.0,16.0,5.5,3.0,U,7.0,0.0,1.0,1.0,0.0,2.0,5.0,40.0,2.0,2.0,100.0,1.0,2.0,50.0,DEN,-15.0,,,,,,,,
Jamal Murray,1/8,24-25,LAC,Home,W,126.0,103.0,33.0,6.5,9.0,O,21.0,3.0,4.0,1.0,1.0,7.0,13.0,54.0,3.0,3.0,100.0,4.0,6.0,67.0,DEN,4.0,,,,,,,,
Jamal Murray,1/7,24-25,BOS,Home,L,118.0,106.0,39.0,6.5,4.0,U,19.0,4.0,1.0,2.0,0.0,8.0,17.0,47.0,2.0,2.0,100.0,1.0,5.0,20.0,BOS,-10.5,,,,,,,,
Jamal Murray,1/4,24-25,SAS,Away,W,122.0,111.0,37.0,6.5,6.0,U,13.0,6.0,1.0,5.0,1.0,6.0,17.0,35.0,0.0,0.0,0.0,1.0,3.0,33.0,DEN,-2.5,,,,,,,,
Jamal Murray,1/3,24-25,SAS,Home,L,113.0,110.0,36.0,6.5,7.0,O,14.0,4.0,2.0,0.0,0.0,6.0,17.0,35.0,0.0,0.0,0.0,2.0,5.0,40.0,SAS,6.0,,,,,,,,
Jamal Murray,1/1,24-25,ATL,Home,W,139.0,120.0,35.0,7.5,2.0,U,21.0,3.0,2.0,2.0,1.0,6.0,14.0,43.0,7.0,7.0,100.0,2.0,5.0,40.0,DEN,-8.5,,,,,,,,
Jamal Murray,12/30,24-25,UTH,Away,W,132.0,121.0,37.0,6.5,10.0,O,20.0,4.0,2.0,2.0,1.0,7.0,17.0,41.0,4.0,4.0,100.0,2.0,6.0,33.0,DEN,-7.5,,,,,,,,
Jamal Murray,12/28,24-25,DET,Home,W,134.0,121.0,39.0,6.5,4.0,U,34.0,5.0,4.0,1.0,3.0,12.0,21.0,57.0,6.0,7.0,86.0,4.0,7.0,57.0,DEN,-6.0,,,,,,,,
Jamal Murray,12/27,24-25,CLE,Home,L,149.0,135.0,40.0,6.5,11.0,O,27.0,3.0,3.0,2.0,0.0,10.0,20.0,50.0,4.0,4.0,100.0,3.0,6.0,50.0,CLE,-3.5,,,,,,,,
Jamal Murray,12/25,24-25,PHO,Away,L,110.0,100.0,39.0,5.5,6.0,O,13.0,6.0,1.0,0.0,0.0,4.0,10.0,40.0,4.0,4.0,100.0,1.0,2.0,50.0,PHO,2.5,,,,,,,,
Jamal Murray,12/22,24-25,NOR,Away,W,132.0,129.0,41.0,5.5,4.0,U,27.0,8.0,2.0,3.0,1.0,9.0,19.0,47.0,7.0,8.0,88.0,2.0,9.0,22.0,NOR,8.5,,,,,,,,
Jamal Murray,12/19,24-25,POR,Away,L,126.0,124.0,38.0,5.5,10.0,O,24.0,3.0,3.0,3.0,0.0,9.0,19.0,47.0,3.0,4.0,75.0,3.0,6.0,50.0,POR,8.5,,,,,,,,
Jamal Murray,12/16,24-25,SAC,Away,W,130.0,129.0,38.0,5.5,6.0,O,28.0,2.0,4.0,0.0,1.0,11.0,26.0,42.0,2.0,2.0,100.0,4.0,8.0,50.0,DEN,1.0,,,,,,,,
Jamal Murray,12/13,24-25,LAC,Home,W,120.0,98.0,31.0,5.5,3.0,U,20.0,5.0,2.0,4.0,1.0,8.0,16.0,50.0,2.0,2.0,100.0,2.0,5.0,40.0,DEN,-7.0,,,,,,,,
Jamal Murray,12/5,24-25,CLE,Away,L,126.0,114.0,41.0,6.5,6.0,U,19.0,4.0,1.0,1.0,0.0,7.0,16.0,44.0,4.0,5.0,80.0,1.0,3.0,33.0,CLE,-3.5,,,,,,,,
Jamal Murray,12/3,24-25,GSW,Home,W,119.0,115.0,34.0,5.5,7.0,O,12.0,3.0,1.0,1.0,3.0,4.0,12.0,33.0,3.0,3.0,100.0,1.0,3.0,33.0,GSW,5.0,,,,,,,,
Jamal Murray,12/1,24-25,LAC,Away,L,126.0,122.0,37.0,5.5,7.0,O,18.0,0.0,2.0,1.0,0.0,7.0,12.0,58.0,2.0,2.0,100.0,2.0,4.0,50.0,LAC,3.0,,,,,,,,
Jamal Murray,11/27,24-25,UTH,Away,W,122.0,103.0,36.0,5.5,8.0,O,22.0,4.0,1.0,4.0,0.0,10.0,18.0,56.0,1.0,1.0,100.0,1.0,6.0,17.0,DEN,-11.0,,,,,,,,
Jamal Murray,11/25,24-25,NYK,Home,L,145.0,118.0,30.0,5.5,7.0,O,20.0,4.0,1.0,1.0,0.0,6.0,13.0,46.0,7.0,9.0,78.0,1.0,5.0,20.0,NYK,2.5,,,,,,,,
Jamal Murray,11/23,24-25,LAL,Away,W,127.0,102.0,29.0,5.5,5.0,U,14.0,5.0,2.0,1.0,0.0,5.0,12.0,42.0,2.0,6.0,33.0,2.0,4.0,50.0,DEN,4.0,,,,,,,,
Jamal Murray,11/22,24-25,DAL,Home,L,123.0,120.0,39.0,5.5,11.0,O,14.0,5.0,4.0,0.0,3.0,4.0,16.0,25.0,2.0,2.0,100.0,4.0,11.0,36.0,DAL,4.5,,,,,,,,
Jamal Murray,11/19,24-25,MEM,Away,W,122.0,110.0,36.0,6.5,6.0,U,27.0,4.0,5.0,3.0,2.0,10.0,20.0,50.0,2.0,3.0,67.0,5.0,10.0,50.0,DEN,6.0,,,,,,,,
Jamal Murray,11/17,24-25,MEM,Away,L,105.0,90.0,37.0,6.5,7.0,O,13.0,6.0,1.0,3.0,2.0,6.0,15.0,40.0,0.0,0.0,0.0,1.0,6.0,17.0,MEM,-6.0,,,,,,,,
Jamal Murray,11/15,24-25,NOR,Away,L,101.0,94.0,42.0,6.5,8.0,O,16.0,6.0,2.0,2.0,0.0,6.0,16.0,38.0,2.0,2.0,100.0,2.0,8.0,25.0,NOR,2.0,,,,,,,,
Jamal Murray,11/10,24-25,DAL,Home,W,122.0,120.0,38.0,5.5,6.0,O,18.0,1.0,2.0,0.0,0.0,7.0,17.0,41.0,2.0,5.0,40.0,2.0,6.0,33.0,PUSH,-2.0,,,,,,,,
Jamal Murray,11/8,24-25,MIA,Home,W,135.0,122.0,34.0,,6.0,,28.0,4.0,4.0,0.0,0.0,9.0,17.0,53.0,6.0,6.0,100.0,4.0,10.0,40.0,DEN,-3.0,,,,,,,,
Jamal Murray,11/1,24-25,MIN,Away,L,119.0,116.0,22.0,4.5,3.0,U,6.0,2.0,0.0,1.0,0.0,2.0,7.0,29.0,2.0,2.0,100.0,0.0,3.0,0.0,DEN,3.5,,,,,,,,
Jamal Murray,10/29,24-25,BKN,Away,W,144.0,139.0,36.0,5.5,3.0,U,24.0,3.0,2.0,0.0,0.0,8.0,19.0,42.0,6.0,8.0,75.0,2.0,7.0,29.0,BKN,5.5,,,,,,,,
Jamal Murray,10/28,24-25,TOR,Away,W,127.0,125.0,39.0,5.5,7.0,O,17.0,9.0,0.0,1.0,0.0,6.0,20.0,30.0,5.0,5.0,100.0,0.0,2.0,0.0,TOR,8.5,,,,,,,,
Jamal Murray,10/26,24-25,LAC,Home,L,109.0,104.0,36.0,5.5,5.0,U,22.0,2.0,3.0,2.0,0.0,7.0,14.0,50.0,5.0,5.0,100.0,3.0,6.0,50.0,LAC,7.5,,,,,,,,
Jamal Murray,10/24,24-25,OKC,Home,L,102.0,87.0,38.0,5.5,4.0,U,12.0,6.0,2.0,2.0,0.0,4.0,13.0,31.0,2.0,2.0,100.0,2.0,5.0,40.0,OKC,2.0,,,,,,,,
Aaron Gordon,11/17,25-26,CHI,Home,L,130.0,127.0,32.0,1.5,0.0,U,24.0,10.0,1.0,0.0,0.0,10.0,18.0,56.0,3.0,4.0,75.0,1.0,5.0,20.0,CHI,13.5,,,,,,,,
Aaron Gordon,11/15,25-26,MIN,Away,W,123.0,112.0,35.0,2.5,1.0,U,23.0,10.0,4.0,2.0,2.0,8.0,15.0,53.0,3.0,4.0,75.0,4.0,6.0,67.0,DEN,1.0,,,,,,,,
Aaron Gordon,11/12,25-26,LAC,Away,W,130.0,116.0,30.0,2.5,0.0,U,18.0,5.0,2.0,1.0,0.0,6.0,12.0,50.0,4.0,4.0,100.0,2.0,6.0,33.0,DEN,-4.5,,,,,,,,
Aaron Gordon,11/11,25-26,SAC,Away,W,122.0,108.0,30.0,2.5,3.0,O,17.0,7.0,2.0,0.0,0.0,5.0,11.0,45.0,5.0,7.0,71.0,2.0,4.0,50.0,DEN,-6.5,,,,,,,,
Aaron Gordon,11/7,25-26,GSW,Home,W,129.0,104.0,23.0,1.5,1.0,U,18.0,3.0,3.0,1.0,0.0,6.0,12.0,50.0,3.0,4.0,75.0,3.0,5.0,60.0,DEN,-5.5,,,,,,,,
Aaron Gordon,11/5,25-26,MIA,Home,W,122.0,112.0,30.0,2.5,1.0,U,24.0,6.0,1.0,1.0,0.0,9.0,16.0,56.0,5.0,6.0,83.0,1.0,5.0,20.0,DEN,-8.5,,,,,,,,
Aaron Gordon,11/3,25-26,SAC,Home,W,130.0,124.0,30.0,2.5,1.0,U,20.0,7.0,3.0,1.0,0.0,6.0,11.0,55.0,5.0,6.0,83.0,3.0,6.0,50.0,SAC,10.5,,,,,,,,
Aaron Gordon,10/31,25-26,POR,Away,L,109.0,107.0,31.0,2.5,1.0,U,14.0,5.0,0.0,1.0,0.0,5.0,11.0,45.0,4.0,4.0,100.0,0.0,2.0,0.0,POR,4.5,,,,,,,,
Aaron Gordon,10/29,25-26,NOR,Home,W,122.0,88.0,22.0,2.5,3.0,O,9.0,9.0,1.0,0.0,0.0,2.0,5.0,40.0,4.0,4.0,100.0,1.0,4.0,25.0,DEN,-11.5,,,,,,,,
Aaron Gordon,10/27,25-26,MIN,Away,W,127.0,114.0,32.0,2.5,3.0,O,9.0,3.0,0.0,0.0,0.0,3.0,10.0,30.0,3.0,3.0,100.0,0.0,2.0,0.0,DEN,-6.5,,,,,,,,
Aaron Gordon,10/25,25-26,PHO,Home,W,133.0,111.0,25.0,2.5,1.0,U,17.0,2.0,1.0,3.0,0.0,5.0,11.0,45.0,6.0,6.0,100.0,1.0,6.0,17.0,DEN,-13.0,,,,,,,,
Aaron Gordon,10/23,25-26,GSW,Away,L,137.0,131.0,38.0,2.5,2.0,U,50.0,8.0,10.0,0.0,1.0,17.0,21.0,81.0,6.0,6.0,100.0,10.0,11.0,91.0,GSW,-1.5,,,,,,,,
Aaron Gordon,5/15,24-25,OKC,Home,W,119.0,107.0,38.0,3.5,7.0,O,5.0,7.0,1.0,1.0,0.0,2.0,7.0,29.0,0.0,0.0,0.0,1.0,4.0,25.0,DEN,5.0,,,,,,,,
Aaron Gordon,5/13,24-25,OKC,Away,L,112.0,105.0,36.0,2.5,3.0,O,13.0,5.0,1.0,1.0,0.0,6.0,13.0,46.0,0.0,1.0,0.0,1.0,5.0,20.0,DEN,10.0,,,,,,,,
Aaron Gordon,5/11,24-25,OKC,Home,L,92.0,87.0,38.0,2.5,6.0,O,15.0,16.0,3.0,0.0,1.0,5.0,10.0,50.0,2.0,4.0,50.0,3.0,7.0,43.0,DEN,7.0,,,,,,,,
Aaron Gordon,5/9,24-25,OKC,Home,W,113.0,104.0,46.0,2.5,5.0,O,22.0,8.0,4.0,1.0,0.0,7.0,11.0,64.0,4.0,4.0,100.0,4.0,6.0,67.0,DEN,6.0,,,,,,,,
Aaron Gordon,5/7,24-25,OKC,Away,L,149.0,106.0,26.0,2.5,1.0,U,10.0,5.0,2.0,0.0,1.0,3.0,12.0,25.0,2.0,2.0,100.0,2.0,3.0,67.0,OKC,-10.0,,,,,,,,
Aaron Gordon,5/5,24-25,OKC,Away,W,121.0,119.0,39.0,2.5,1.0,U,22.0,14.0,3.0,0.0,0.0,7.0,15.0,47.0,5.0,5.0,100.0,3.0,6.0,50.0,DEN,10.5,,,,,,,,
Aaron Gordon,5/3,24-25,LAC,Home,W,120.0,101.0,35.0,2.5,5.0,O,22.0,4.0,0.0,1.0,1.0,9.0,16.0,56.0,4.0,4.0,100.0,0.0,3.0,0.0,DEN,-1.5,,,,,,,,
Aaron Gordon,5/1,24-25,LAC,Away,L,111.0,105.0,40.0,2.5,1.0,U,19.0,5.0,1.0,1.0,1.0,9.0,16.0,56.0,0.0,0.0,0.0,1.0,6.0,17.0,PUSH,6.0,,,,,,,,
Aaron Gordon,4/29,24-25,LAC,Home,W,131.0,115.0,36.0,2.5,2.0,U,23.0,4.0,1.0,0.0,0.0,7.0,11.0,64.0,8.0,9.0,89.0,1.0,2.0,50.0,DEN,1.5,,,,,,,,
Aaron Gordon,4/26,24-25,LAC,Away,W,101.0,99.0,42.0,2.5,5.0,O,14.0,6.0,1.0,1.0,1.0,5.0,9.0,56.0,3.0,4.0,75.0,1.0,3.0,33.0,DEN,6.5,,,,,,,,
Aaron Gordon,4/24,24-25,LAC,Away,L,117.0,83.0,31.0,2.5,0.0,U,15.0,7.0,2.0,0.0,0.0,6.0,16.0,38.0,1.0,1.0,100.0,2.0,4.0,50.0,LAC,-5.5,,,,,,,,
Aaron Gordon,4/21,24-25,LAC,Home,L,105.0,102.0,38.0,2.5,1.0,U,14.0,6.0,1.0,0.0,0.0,5.0,13.0,38.0,3.0,3.0,100.0,1.0,3.0,33.0,LAC,-1.0,,,,,,,,
Aaron Gordon,4/19,24-25,LAC,Home,W,112.0,110.0,45.0,3.5,1.0,U,25.0,8.0,1.0,2.0,0.0,8.0,14.0,57.0,8.0,10.0,80.0,1.0,3.0,33.0,LAC,2.5,,,,,,,,
Aaron Gordon,4/13,24-25,HOU,Away,W,126.0,111.0,26.0,2.5,3.0,O,18.0,7.0,1.0,2.0,1.0,7.0,13.0,54.0,3.0,3.0,100.0,1.0,3.0,33.0,DEN,-6.0,,,,,,,,
Aaron Gordon,4/11,24-25,MEM,Home,W,117.0,109.0,40.0,3.5,0.0,U,33.0,5.0,2.0,1.0,1.0,13.0,23.0,57.0,5.0,6.0,83.0,2.0,7.0,29.0,DEN,-7.0,,,,,,,,
Aaron Gordon,4/9,24-25,SAC,Away,W,124.0,116.0,35.0,3.5,5.0,O,21.0,3.0,1.0,0.0,0.0,9.0,16.0,56.0,2.0,2.0,100.0,1.0,5.0,20.0,DEN,-4.5,,,,,,,,
Aaron Gordon,4/6,24-25,IND,Home,L,125.0,120.0,33.0,3.5,4.0,O,5.0,3.0,0.0,0.0,0.0,2.0,5.0,40.0,1.0,2.0,50.0,0.0,1.0,0.0,IND,6.0,,,,,,,,
Aaron Gordon,4/4,24-25,GSW,Away,L,118.0,104.0,33.0,2.5,8.0,O,15.0,2.0,0.0,0.0,1.0,4.0,8.0,50.0,7.0,7.0,100.0,0.0,2.0,0.0,GSW,-3.0,,,,,,,,
Aaron Gordon,4/1,24-25,MIN,Home,L,140.0,139.0,46.0,2.5,5.0,O,30.0,8.0,4.0,0.0,1.0,9.0,15.0,60.0,8.0,10.0,80.0,4.0,8.0,50.0,MIN,1.5,,,,,,,,
Aaron Gordon,3/28,24-25,UTH,Home,W,129.0,93.0,26.0,2.5,5.0,O,6.0,5.0,1.0,0.0,0.0,2.0,4.0,50.0,1.0,4.0,25.0,1.0,2.0,50.0,DEN,-18.5,,,,,,,,
Aaron Gordon,3/26,24-25,MIL,Home,W,127.0,117.0,18.0,2.5,1.0,U,7.0,2.0,1.0,0.0,0.0,3.0,6.0,50.0,0.0,0.0,0.0,1.0,2.0,50.0,MIL,11.5,,,,,,,,
Aaron Gordon,3/23,24-25,HOU,Away,W,116.0,111.0,37.0,3.5,8.0,O,13.0,4.0,1.0,1.0,0.0,5.0,9.0,56.0,2.0,2.0,100.0,1.0,3.0,33.0,DEN,7.5,,,,,,,,
Aaron Gordon,3/21,24-25,POR,Away,L,128.0,109.0,31.0,3.5,4.0,O,23.0,3.0,1.0,0.0,0.0,6.0,10.0,60.0,10.0,12.0,83.0,1.0,3.0,33.0,POR,2.5,,,,,,,,
Aaron Gordon,3/19,24-25,LAL,Away,L,120.0,108.0,30.0,3.5,0.0,U,26.0,11.0,5.0,1.0,0.0,9.0,14.0,64.0,3.0,4.0,75.0,5.0,9.0,56.0,LAL,-5.0,,,,,,,,
Aaron Gordon,3/17,24-25,GSW,Away,W,114.0,105.0,37.0,3.5,3.0,U,38.0,6.0,4.0,0.0,0.0,14.0,23.0,61.0,6.0,6.0,100.0,4.0,6.0,67.0,DEN,10.5,,,,,,,,
Aaron Gordon,3/14,24-25,LAL,Home,W,131.0,126.0,31.0,2.5,4.0,O,17.0,7.0,2.0,0.0,1.0,3.0,6.0,50.0,9.0,10.0,90.0,2.0,4.0,50.0,LAL,15.0,,,,,,,,
Aaron Gordon,3/9,24-25,OKC,Away,L,127.0,103.0,6.0,3.5,0.0,U,5.0,2.0,1.0,0.0,0.0,2.0,3.0,67.0,0.0,1.0,0.0,1.0,1.0,100.0,OKC,-7.5,,,,,,,,
Aaron Gordon,3/7,24-25,PHO,Home,W,149.0,141.0,38.0,3.5,1.0,U,27.0,3.0,7.0,0.0,0.0,9.0,15.0,60.0,2.0,2.0,100.0,7.0,10.0,70.0,PHO,9.0,,,,,,,,
Aaron Gordon,2/27,24-25,MIL,Away,L,121.0,112.0,32.0,3.5,2.0,U,9.0,5.0,1.0,1.0,1.0,4.0,13.0,31.0,0.0,0.0,0.0,1.0,6.0,17.0,MIL,3.5,,,,,,,,
Aaron Gordon,2/24,24-25,IND,Away,W,125.0,116.0,23.0,3.5,2.0,U,25.0,5.0,2.0,2.0,0.0,11.0,17.0,65.0,1.0,1.0,100.0,2.0,4.0,50.0,DEN,-4.5,,,,,,,,
Aaron Gordon,2/22,24-25,LAL,Home,L,123.0,100.0,35.0,3.5,4.0,O,24.0,5.0,4.0,0.0,0.0,9.0,15.0,60.0,2.0,2.0,100.0,4.0,7.0,57.0,LAL,6.5,,,,,,,,
Aaron Gordon,2/20,24-25,CHA,Home,W,129.0,115.0,32.0,3.5,2.0,U,18.0,7.0,1.0,0.0,0.0,8.0,13.0,62.0,1.0,2.0,50.0,1.0,2.0,50.0,CHA,18.0,,,,,,,,
Aaron Gordon,2/10,24-25,POR,Home,W,146.0,117.0,24.0,3.5,7.0,O,9.0,2.0,1.0,1.0,0.0,3.0,5.0,60.0,2.0,2.0,100.0,1.0,1.0,100.0,DEN,-9.0,,,,,,,,
Aaron Gordon,2/8,24-25,PHO,Away,W,122.0,105.0,24.0,3.5,4.0,O,9.0,10.0,1.0,0.0,0.0,2.0,9.0,22.0,4.0,4.0,100.0,1.0,2.0,50.0,DEN,-6.5,,,,,,,,
Aaron Gordon,2/6,24-25,ORL,Home,W,112.0,90.0,22.0,3.5,7.0,O,11.0,3.0,1.0,0.0,1.0,3.0,6.0,50.0,4.0,7.0,57.0,1.0,2.0,50.0,DEN,-6.0,,,,,,,,
Aaron Gordon,2/5,24-25,NOR,Home,W,144.0,119.0,30.0,2.5,12.0,O,7.0,4.0,1.0,1.0,1.0,2.0,9.0,22.0,2.0,2.0,100.0,1.0,4.0,25.0,DEN,-11.0,,,,,,,,
Aaron Gordon,2/1,24-25,CHA,Away,W,107.0,104.0,30.0,2.5,2.0,U,6.0,3.0,0.0,0.0,1.0,3.0,10.0,30.0,0.0,0.0,0.0,0.0,4.0,0.0,CHA,12.5,,,,,,,,
Aaron Gordon,1/31,24-25,PHI,Away,W,137.0,134.0,31.0,2.5,3.0,O,11.0,3.0,1.0,0.0,0.0,4.0,6.0,67.0,2.0,2.0,100.0,1.0,1.0,100.0,PHI,9.5,,,,,,,,
Aaron Gordon,1/29,24-25,NYK,Away,L,122.0,112.0,30.0,2.5,1.0,U,15.0,6.0,1.0,0.0,0.0,6.0,7.0,86.0,2.0,2.0,100.0,1.0,1.0,100.0,NYK,-2.5,,,,,,,,
Aaron Gordon,1/27,24-25,CHI,Away,L,129.0,121.0,22.0,2.5,4.0,O,6.0,2.0,0.0,2.0,0.0,3.0,9.0,33.0,0.0,0.0,0.0,0.0,2.0,0.0,CHI,9.5,,,,,,,,
Aaron Gordon,1/25,24-25,MIN,Away,L,133.0,104.0,24.0,1.5,2.0,O,13.0,3.0,2.0,2.0,0.0,5.0,10.0,50.0,1.0,2.0,50.0,2.0,5.0,40.0,MIN,3.5,,,,,,,,
Aaron Gordon,1/23,24-25,SAC,Home,W,132.0,123.0,16.0,2.5,1.0,U,3.0,2.0,1.0,0.0,0.0,1.0,8.0,13.0,0.0,0.0,0.0,1.0,3.0,33.0,DEN,-7.5,,,,,,,,
Aaron Gordon,1/21,24-25,PHI,Home,W,144.0,109.0,22.0,1.5,3.0,O,19.0,0.0,3.0,0.0,0.0,6.0,7.0,86.0,4.0,4.0,100.0,3.0,3.0,100.0,DEN,-12.0,,,,,,,,
Aaron Gordon,1/19,24-25,ORL,Away,W,113.0,100.0,21.0,1.5,0.0,U,9.0,4.0,0.0,0.0,0.0,3.0,4.0,75.0,3.0,4.0,75.0,0.0,1.0,0.0,DEN,-7.5,,,,,,,,
Aaron Gordon,1/17,24-25,MIA,Away,W,133.0,113.0,22.0,1.5,3.0,O,16.0,6.0,1.0,0.0,0.0,5.0,8.0,63.0,5.0,5.0,100.0,1.0,3.0,33.0,DEN,-3.5,,,,,,,,
Aaron Gordon,1/14,24-25,DAL,Away,W,118.0,99.0,17.0,2.5,0.0,U,8.0,2.0,0.0,1.0,1.0,2.0,9.0,22.0,4.0,4.0,100.0,0.0,3.0,0.0,DEN,-3.0,,,,,,,,
Aaron Gordon,1/12,24-25,DAL,Away,W,112.0,101.0,18.0,2.5,2.0,U,13.0,6.0,1.0,0.0,1.0,6.0,7.0,86.0,0.0,0.0,0.0,1.0,2.0,50.0,DEN,-5.5,,,,,,,,
Aaron Gordon,12/25,24-25,PHO,Away,L,110.0,100.0,19.0,2.5,2.0,U,7.0,3.0,0.0,0.0,0.0,3.0,7.0,43.0,1.0,2.0,50.0,0.0,1.0,0.0,PHO,2.5,,,,,,,,
Aaron Gordon,12/23,24-25,PHO,Home,W,117.0,90.0,22.0,3.5,1.0,U,12.0,2.0,2.0,1.0,0.0,4.0,7.0,57.0,2.0,2.0,100.0,2.0,3.0,67.0,DEN,-4.5,,,,,,,,
Aaron Gordon,12/22,24-25,NOR,Away,W,132.0,129.0,35.0,2.5,3.0,O,17.0,8.0,2.0,1.0,0.0,6.0,12.0,50.0,3.0,6.0,50.0,2.0,4.0,50.0,NOR,8.5,,,,,,,,
Aaron Gordon,12/19,24-25,POR,Away,L,126.0,124.0,30.0,2.5,3.0,O,2.0,6.0,0.0,0.0,0.0,1.0,6.0,17.0,0.0,2.0,0.0,0.0,3.0,0.0,POR,8.5,,,,,,,,
Aaron Gordon,12/16,24-25,SAC,Away,W,130.0,129.0,30.0,2.5,2.0,U,24.0,7.0,1.0,0.0,0.0,9.0,14.0,64.0,5.0,6.0,83.0,1.0,3.0,33.0,DEN,1.0,,,,,,,,
Aaron Gordon,12/13,24-25,LAC,Home,W,120.0,98.0,23.0,3.5,2.0,U,14.0,6.0,1.0,0.0,0.0,4.0,7.0,57.0,5.0,5.0,100.0,1.0,2.0,50.0,DEN,-7.0,,,,,,,,
Aaron Gordon,12/8,24-25,ATL,Away,W,141.0,111.0,22.0,3.5,6.0,O,6.0,2.0,0.0,0.0,1.0,1.0,6.0,17.0,4.0,5.0,80.0,0.0,4.0,0.0,DEN,1.0,,,,,,,,
Aaron Gordon,12/5,24-25,CLE,Away,L,126.0,114.0,34.0,3.5,2.0,U,18.0,7.0,0.0,0.0,0.0,8.0,13.0,62.0,2.0,4.0,50.0,0.0,2.0,0.0,CLE,-3.5,,,,,,,,
Aaron Gordon,12/3,24-25,GSW,Home,W,119.0,115.0,32.0,3.5,5.0,O,15.0,9.0,3.0,0.0,0.0,4.0,6.0,67.0,4.0,6.0,67.0,3.0,4.0,75.0,GSW,5.0,,,,,,,,
Aaron Gordon,12/1,24-25,LAC,Away,L,126.0,122.0,23.0,,4.0,,10.0,1.0,1.0,1.0,0.0,4.0,7.0,57.0,1.0,1.0,100.0,1.0,2.0,50.0,LAC,3.0,,,,,,,,
Aaron Gordon,11/4,24-25,TOR,Home,W,121.0,119.0,4.0,4.5,1.0,U,3.0,0.0,1.0,0.0,0.0,1.0,2.0,50.0,0.0,0.0,0.0,1.0,2.0,50.0,TOR,11.0,,,,,,,,
Aaron Gordon,11/2,24-25,UTH,Home,W,129.0,103.0,26.0,3.5,5.0,O,12.0,6.0,2.0,0.0,0.0,5.0,9.0,56.0,0.0,0.0,0.0,2.0,3.0,67.0,DEN,-11.0,,,,,,,,
Aaron Gordon,11/1,24-25,MIN,Away,L,119.0,116.0,38.0,3.5,2.0,U,31.0,11.0,5.0,1.0,0.0,11.0,18.0,61.0,4.0,5.0,80.0,5.0,7.0,71.0,DEN,3.5,,,,,,,,
Aaron Gordon,10/29,24-25,BKN,Away,W,144.0,139.0,33.0,3.5,2.0,U,24.0,5.0,1.0,0.0,1.0,8.0,11.0,73.0,7.0,7.0,100.0,1.0,3.0,33.0,BKN,5.5,,,,,,,,
Aaron Gordon,10/28,24-25,TOR,Away,W,127.0,125.0,42.0,,8.0,,16.0,11.0,2.0,2.0,1.0,4.0,8.0,50.0,6.0,8.0,75.0,2.0,2.0,100.0,TOR,8.5,,,,,,,,
Aaron Gordon,10/26,24-25,LAC,Home,L,109.0,104.0,35.0,2.5,2.0,U,10.0,5.0,1.0,1.0,0.0,3.0,10.0,30.0,3.0,4.0,75.0,1.0,4.0,25.0,LAC,7.5,,,,,,,,
Aaron Gordon,10/24,24-25,OKC,Home,L,102.0,87.0,32.0,2.5,2.0,U,12.0,9.0,0.0,1.0,0.0,5.0,12.0,42.0,2.0,2.0,100.0,0.0,1.0,0.0,OKC,2.0,,,,,,,,
Kentavious Caldwell-Pope,11/18,25-26,SAS,Away,L,111.0,101.0,18.0,3.5,3.0,U,4.0,3.0,0.0,1.0,0.0,2.0,6.0,33.0,0.0,0.0,0.0,0.0,3.0,0.0,SAS,-6.0,,,,,,,,
Kentavious Caldwell-Pope,11/15,25-26,CLE,Away,L,108.0,100.0,23.0,2.5,3.0,O,6.0,0.0,0.0,0.0,0.0,2.0,4.0,50.0,2.0,2.0,100.0,0.0,0.0,0.0,MEM,10.5,,,,,,,,
Kentavious Caldwell-Pope,11/12,25-26,BOS,Away,L,131.0,95.0,18.0,3.0,3.0,,0.0,3.0,0.0,1.0,0.0,0.0,3.0,0.0,0.0,0.0,0.0,0.0,3.0,0.0,BOS,-8.5,,,,,,,,
Kentavious Caldwell-Pope,11/11,25-26,NYK,Away,L,133.0,120.0,15.0,2.5,0.0,U,4.0,2.0,0.0,2.0,0.0,2.0,3.0,67.0,0.0,0.0,0.0,0.0,1.0,0.0,NYK,-9.5,,,,,,,,
Kentavious Caldwell-Pope,11/9,25-26,OKC,Home,L,114.0,100.0,23.0,2.5,3.0,O,9.0,4.0,1.0,1.0,1.0,4.0,8.0,50.0,0.0,0.0,0.0,1.0,4.0,25.0,OKC,-10.5,,,,,,,,
Kentavious Caldwell-Pope,11/7,25-26,DAL,Home,W,118.0,104.0,24.0,2.5,1.0,U,12.0,3.0,2.0,0.0,0.0,5.0,7.0,71.0,0.0,0.0,0.0,2.0,3.0,67.0,MEM,-3.5,,,,,,,,
Kentavious Caldwell-Pope,11/5,25-26,HOU,Home,L,124.0,109.0,23.0,2.5,2.0,U,4.0,3.0,0.0,2.0,1.0,1.0,8.0,13.0,2.0,4.0,50.0,0.0,1.0,0.0,HOU,-6.5,,,,,,,,
Kentavious Caldwell-Pope,11/3,25-26,DET,Home,L,114.0,106.0,25.0,2.5,1.0,U,2.0,4.0,0.0,1.0,1.0,0.0,4.0,0.0,2.0,2.0,100.0,0.0,3.0,0.0,DET,-4.0,,,,,,,,
Kentavious Caldwell-Pope,11/2,25-26,TOR,Away,L,117.0,104.0,27.0,2.5,2.0,U,12.0,0.0,2.0,0.0,0.0,3.0,13.0,23.0,4.0,4.0,100.0,2.0,5.0,40.0,TOR,-5.5,,,,,,,,
Kentavious Caldwell-Pope,10/31,25-26,LAL,Home,L,117.0,112.0,24.0,2.5,5.0,O,12.0,2.0,2.0,0.0,0.0,4.0,7.0,57.0,2.0,2.0,100.0,2.0,4.0,50.0,LAL,-1.5,,,,,,,,
Kentavious Caldwell-Pope,10/29,25-26,PHO,Away,W,114.0,113.0,18.0,2.5,5.0,O,11.0,2.0,1.0,1.0,0.0,5.0,12.0,42.0,0.0,0.0,0.0,1.0,2.0,50.0,PHO,2.0,,,,,,,,
Kentavious Caldwell-Pope,10/27,25-26,GSW,Away,L,131.0,118.0,26.0,2.5,4.0,O,7.0,2.0,1.0,0.0,1.0,3.0,7.0,43.0,0.0,0.0,0.0,1.0,4.0,25.0,GSW,-7.5,,,,,,,,
Kentavious Caldwell-Pope,10/25,25-26,IND,Home,W,128.0,103.0,23.0,2.5,5.0,O,10.0,4.0,1.0,1.0,0.0,3.0,11.0,27.0,3.0,4.0,75.0,1.0,5.0,20.0,MEM,-2.0,,,,,,,,
Kentavious Caldwell-Pope,10/24,25-26,MIA,Home,L,146.0,114.0,23.0,2.5,6.0,O,7.0,3.0,2.0,2.0,0.0,2.0,6.0,33.0,1.0,1.0,100.0,2.0,5.0,40.0,MIA,4.5,,,,,,,,
Kentavious Caldwell-Pope,10/22,25-26,NOR,Home,W,128.0,122.0,30.0,2.5,3.0,O,15.0,4.0,2.0,0.0,0.0,2.0,8.0,25.0,9.0,9.0,100.0,2.0,7.0,29.0,PUSH,-6.0,,,,,,,,
Kentavious Caldwell-Pope,4/29,24-25,BOS,Away,L,120.0,89.0,29.0,1.5,1.0,U,8.0,3.0,2.0,1.0,0.0,3.0,9.0,33.0,0.0,0.0,0.0,2.0,7.0,29.0,,,,,,,,,,
Kentavious Caldwell-Pope,4/27,24-25,BOS,Home,L,107.0,98.0,31.0,1.5,4.0,O,8.0,2.0,2.0,2.0,2.0,2.0,4.0,50.0,2.0,2.0,100.0,2.0,4.0,50.0,,,,,,,,,,
Kentavious Caldwell-Pope,4/25,24-25,BOS,Home,L,95.0,93.0,31.0,1.5,2.0,O,0.0,2.0,0.0,1.0,1.0,0.0,3.0,0.0,0.0,0.0,0.0,0.0,2.0,0.0,,,,,,,,,,
Kentavious Caldwell-Pope,4/23,24-25,BOS,Away,L,109.0,100.0,34.0,1.5,0.0,U,3.0,4.0,0.0,0.0,0.0,1.0,9.0,11.0,1.0,2.0,50.0,0.0,6.0,0.0,,,,,,,,,,
Kentavious Caldwell-Pope,4/20,24-25,BOS,Away,L,103.0,86.0,35.0,1.5,2.0,O,6.0,4.0,2.0,3.0,0.0,2.0,5.0,40.0,0.0,0.0,0.0,2.0,4.0,50.0,,,,,,,,,,
Kentavious Caldwell-Pope,4/15,24-25,ATL,Home,L,120.0,95.0,25.0,1.5,2.0,O,5.0,5.0,1.0,0.0,0.0,1.0,8.0,13.0,2.0,2.0,100.0,1.0,7.0,14.0,,,,,,,,,,
Kentavious Caldwell-Pope,4/13,24-25,ATL,Away,L,117.0,105.0,5.0,,1.0,,2.0,0.0,0.0,1.0,0.0,1.0,4.0,25.0,0.0,0.0,0.0,0.0,3.0,0.0,,,,,,,,,,
Kentavious Caldwell-Pope,4/9,24-25,BOS,Home,L,96.0,76.0,7.0,1.5,0.0,U,0.0,2.0,0.0,0.0,0.0,0.0,1.0,0.0,0.0,0.0,0.0,0.0,1.0,0.0,,,,,,,,,,
Kentavious Caldwell-Pope,4/8,24-25,ATL,Home,L,119.0,112.0,32.0,1.5,2.0,O,15.0,3.0,3.0,3.0,0.0,5.0,8.0,63.0,2.0,3.0,67.0,3.0,6.0,50.0,,,,,,,,,,
Kentavious Caldwell-Pope,4/3,24-25,WAS,Away,L,109.0,97.0,32.0,1.5,5.0,O,13.0,3.0,1.0,2.0,1.0,3.0,4.0,75.0,6.0,6.0,100.0,1.0,2.0,50.0,,,,,,,,,,
Kentavious Caldwell-Pope,4/1,24-25,SAS,Away,L,116.0,105.0,30.0,1.5,3.0,O,23.0,1.0,7.0,3.0,0.0,8.0,11.0,73.0,0.0,0.0,0.0,7.0,9.0,78.0,,,,,,,,,,
Kentavious Caldwell-Pope,3/31,24-25,LAC,Home,L,96.0,87.0,32.0,1.5,0.0,U,11.0,3.0,3.0,1.0,1.0,4.0,4.0,100.0,0.0,0.0,0.0,3.0,3.0,100.0,,,,,,,,,,
Kentavious Caldwell-Pope,3/29,24-25,SAC,Home,L,121.0,91.0,24.0,1.5,2.0,O,8.0,3.0,1.0,2.0,1.0,3.0,8.0,38.0,1.0,1.0,100.0,1.0,3.0,33.0,,,,,,,,,,
Kentavious Caldwell-Pope,3/27,24-25,DAL,Home,L,101.0,92.0,33.0,1.5,0.0,U,0.0,4.0,0.0,1.0,0.0,0.0,4.0,0.0,0.0,0.0,0.0,0.0,3.0,0.0,,,,,,,,,,
Kentavious Caldwell-Pope,3/25,24-25,CHA,Away,L,111.0,104.0,21.0,1.5,1.0,U,3.0,2.0,1.0,0.0,0.0,1.0,2.0,50.0,0.0,0.0,0.0,1.0,2.0,50.0,,,,,,,,,,
Kentavious Caldwell-Pope,3/24,24-25,LAL,Home,L,118.0,106.0,33.0,1.5,3.0,O,9.0,4.0,3.0,0.0,0.0,3.0,6.0,50.0,0.0,0.0,0.0,3.0,6.0,50.0,,,,,,,,,,
Kentavious Caldwell-Pope,3/21,24-25,WAS,Away,L,120.0,105.0,28.0,1.5,1.0,U,11.0,5.0,3.0,1.0,1.0,4.0,6.0,67.0,0.0,1.0,0.0,3.0,5.0,60.0,,,,,,,,,,
Kentavious Caldwell-Pope,3/19,24-25,HOU,Home,L,116.0,108.0,32.0,1.5,4.0,O,10.0,2.0,2.0,0.0,0.0,4.0,12.0,33.0,0.0,0.0,0.0,2.0,8.0,25.0,,,,,,,,,,
Kentavious Caldwell-Pope,3/16,24-25,CLE,Away,L,108.0,103.0,30.0,1.5,3.0,O,15.0,2.0,3.0,1.0,0.0,5.0,9.0,56.0,2.0,2.0,100.0,3.0,5.0,60.0,,,,,,,,,,
Kentavious Caldwell-Pope,3/13,24-25,NOR,Away,L,113.0,93.0,31.0,1.5,3.0,O,12.0,3.0,2.0,0.0,1.0,5.0,10.0,50.0,0.0,0.0,0.0,2.0,4.0,50.0,,,,,,,,,,
Kentavious Caldwell-Pope,3/10,24-25,HOU,Away,L,97.0,84.0,21.0,1.5,0.0,U,0.0,1.0,0.0,0.0,0.0,0.0,0.0,0.0,0.0,0.0,0.0,0.0,0.0,0.0,,,,,,,,,,
Kentavious Caldwell-Pope,3/8,24-25,MIL,Away,L,111.0,109.0,36.0,1.5,1.0,U,9.0,3.0,1.0,0.0,1.0,3.0,8.0,38.0,2.0,2.0,100.0,1.0,3.0,33.0,,,,,,,,,,
Kentavious Caldwell-Pope,3/6,24-25,CHI,Home,L,125.0,123.0,31.0,1.5,2.0,O,19.0,4.0,2.0,2.0,0.0,8.0,10.0,80.0,1.0,2.0,50.0,2.0,4.0,50.0,,,,,,,,,,
Kentavious Caldwell-Pope,3/4,24-25,TOR,Home,L,114.0,113.0,26.0,1.5,3.0,O,12.0,2.0,1.0,2.0,0.0,5.0,11.0,45.0,1.0,1.0,100.0,1.0,3.0,33.0,,,,,,,,,,
Kentavious Caldwell-Pope,3/2,24-25,TOR,Home,L,104.0,102.0,39.0,1.5,1.0,U,12.0,3.0,1.0,1.0,0.0,5.0,7.0,71.0,1.0,1.0,100.0,1.0,2.0,50.0,,,,,,,,,,
Kentavious Caldwell-Pope,2/27,24-25,GSW,Home,L,121.0,115.0,34.0,1.5,1.0,U,0.0,2.0,0.0,0.0,1.0,0.0,3.0,0.0,0.0,0.0,0.0,0.0,1.0,0.0,,,,,,,,,,
Kentavious Caldwell-Pope,2/25,24-25,CLE,Home,L,122.0,82.0,22.0,1.5,2.0,O,9.0,0.0,1.0,0.0,0.0,4.0,5.0,80.0,0.0,0.0,0.0,1.0,1.0,100.0,,,,,,,,,,
Kentavious Caldwell-Pope,2/23,24-25,WAS,Home,L,110.0,90.0,22.0,1.5,1.0,U,5.0,1.0,0.0,0.0,1.0,2.0,6.0,33.0,1.0,1.0,100.0,0.0,2.0,0.0,,,,,,,,,,
Kentavious Caldwell-Pope,2/21,24-25,MEM,Home,W,105.0,104.0,33.0,1.5,3.0,O,9.0,2.0,1.0,1.0,1.0,3.0,7.0,43.0,2.0,2.0,100.0,1.0,5.0,20.0,ORL,2.0,,,,,,,,
Kentavious Caldwell-Pope,2/20,24-25,ATL,Away,L,114.0,108.0,29.0,1.5,0.0,U,6.0,4.0,1.0,0.0,0.0,2.0,5.0,40.0,1.0,3.0,33.0,1.0,3.0,33.0,,,,,,,,,,
Kentavious Caldwell-Pope,2/12,24-25,CHA,Home,L,102.0,86.0,16.0,1.5,0.0,U,2.0,3.0,0.0,0.0,0.0,1.0,5.0,20.0,0.0,0.0,0.0,0.0,4.0,0.0,,,,,,,,,,
Kentavious Caldwell-Pope,2/10,24-25,ATL,Home,L,112.0,106.0,35.0,1.5,1.0,U,6.0,2.0,1.0,2.0,0.0,1.0,4.0,25.0,3.0,3.0,100.0,1.0,3.0,33.0,,,,,,,,,,
Kentavious Caldwell-Pope,2/8,24-25,SAS,Home,L,112.0,111.0,30.0,1.5,1.0,U,3.0,3.0,1.0,2.0,0.0,1.0,4.0,25.0,0.0,0.0,0.0,1.0,3.0,33.0,,,,,,,,,,
Kentavious Caldwell-Pope,2/6,24-25,DEN,Away,L,112.0,90.0,26.0,,3.0,,7.0,4.0,1.0,1.0,0.0,2.0,6.0,33.0,2.0,2.0,100.0,1.0,3.0,33.0,,,,,,,,,,
Kentavious Caldwell-Pope,2/5,24-25,SAC,Away,L,130.0,111.0,21.0,1.5,1.0,U,8.0,2.0,2.0,0.0,0.0,3.0,6.0,50.0,0.0,0.0,0.0,2.0,5.0,40.0,,,,,,,,,,
Kentavious Caldwell-Pope,2/3,24-25,GSW,Away,L,104.0,99.0,32.0,1.5,1.0,U,9.0,6.0,1.0,1.0,0.0,4.0,9.0,44.0,0.0,0.0,0.0,1.0,3.0,33.0,,,,,,,,,,
Kentavious Caldwell-Pope,1/30,24-25,POR,Away,L,119.0,90.0,23.0,1.5,0.0,U,4.0,2.0,0.0,0.0,0.0,2.0,5.0,40.0,0.0,0.0,0.0,0.0,2.0,0.0,,,,,,,,,,
Kentavious Caldwell-Pope,1/27,24-25,MIA,Away,L,125.0,119.0,36.0,1.5,1.0,U,6.0,1.0,2.0,0.0,0.0,2.0,6.0,33.0,0.0,0.0,0.0,2.0,5.0,40.0,,,,,,,,,,
Kentavious Caldwell-Pope,1/25,24-25,DET,Home,L,121.0,113.0,37.0,1.5,0.0,U,7.0,2.0,1.0,2.0,0.0,2.0,7.0,29.0,2.0,4.0,50.0,1.0,5.0,20.0,,,,,,,,,,
Kentavious Caldwell-Pope,1/23,24-25,POR,Home,L,101.0,79.0,33.0,2.5,0.0,U,7.0,2.0,0.0,2.0,0.0,2.0,5.0,40.0,3.0,4.0,75.0,0.0,2.0,0.0,,,,,,,,,,
Kentavious Caldwell-Pope,1/21,24-25,TOR,Away,L,109.0,93.0,36.0,2.5,1.0,U,20.0,1.0,2.0,2.0,0.0,8.0,12.0,67.0,2.0,2.0,100.0,2.0,5.0,40.0,,,,,,,,,,
Kentavious Caldwell-Pope,1/19,24-25,DEN,Home,L,113.0,100.0,34.0,1.5,4.0,O,12.0,1.0,2.0,1.0,0.0,4.0,14.0,29.0,2.0,3.0,67.0,2.0,7.0,29.0,,,,,,,,,,
Kentavious Caldwell-Pope,1/17,24-25,BOS,Away,L,121.0,94.0,25.0,1.5,1.0,U,5.0,1.0,1.0,1.0,1.0,2.0,5.0,40.0,0.0,0.0,0.0,1.0,4.0,25.0,,,,,,,,,,
Kentavious Caldwell-Pope,1/15,24-25,MIL,Away,L,122.0,93.0,22.0,1.5,1.0,U,8.0,2.0,2.0,1.0,0.0,3.0,9.0,33.0,0.0,0.0,0.0,2.0,7.0,29.0,,,,,,,,,,
Kentavious Caldwell-Pope,1/10,24-25,MIL,Home,L,109.0,106.0,11.0,1.5,3.0,O,3.0,1.0,1.0,1.0,0.0,1.0,3.0,33.0,0.0,0.0,0.0,1.0,2.0,50.0,,,,,,,,,,
Kentavious Caldwell-Pope,1/9,24-25,MIN,Home,L,104.0,89.0,33.0,2.5,2.0,U,13.0,1.0,3.0,1.0,1.0,5.0,7.0,71.0,0.0,0.0,0.0,3.0,4.0,75.0,,,,,,,,,,
Kentavious Caldwell-Pope,1/6,24-25,NYK,Away,L,103.0,94.0,30.0,2.5,2.0,U,15.0,4.0,3.0,3.0,0.0,6.0,10.0,60.0,0.0,0.0,0.0,3.0,6.0,50.0,,,,,,,,,,
Kentavious Caldwell-Pope,1/5,24-25,UTH,Home,L,105.0,92.0,27.0,2.5,2.0,U,2.0,2.0,0.0,0.0,0.0,1.0,8.0,13.0,0.0,0.0,0.0,0.0,4.0,0.0,,,,,,,,,,
Kentavious Caldwell-Pope,1/3,24-25,TOR,Away,L,106.0,97.0,32.0,2.5,2.0,U,15.0,1.0,3.0,2.0,1.0,6.0,10.0,60.0,0.0,0.0,0.0,3.0,7.0,43.0,,,,,,,,,,
Kentavious Caldwell-Pope,1/1,24-25,DET,Away,L,105.0,96.0,34.0,2.5,2.0,U,21.0,2.0,4.0,2.0,1.0,8.0,11.0,73.0,1.0,1.0,100.0,4.0,6.0,67.0,,,,,,,,,,
Kentavious Caldwell-Pope,12/29,24-25,BKN,Home,L,102.0,101.0,34.0,1.5,5.0,O,5.0,1.0,0.0,2.0,1.0,2.0,10.0,20.0,1.0,1.0,100.0,0.0,4.0,0.0,,,,,,,,,,
Kentavious Caldwell-Pope,12/27,24-25,NYK,Home,L,108.0,85.0,31.0,1.5,3.0,O,10.0,0.0,1.0,2.0,0.0,4.0,11.0,36.0,1.0,1.0,100.0,1.0,6.0,17.0,,,,,,,,,,
Kentavious Caldwell-Pope,12/26,24-25,MIA,Home,L,89.0,88.0,32.0,1.5,2.0,O,11.0,2.0,1.0,3.0,0.0,5.0,8.0,63.0,0.0,0.0,0.0,1.0,4.0,25.0,,,,,,,,,,
Kentavious Caldwell-Pope,12/23,24-25,BOS,Home,L,108.0,104.0,34.0,2.0,2.0,,8.0,5.0,2.0,2.0,2.0,2.0,8.0,25.0,2.0,2.0,100.0,2.0,6.0,33.0,,,,,,,,,,
Kentavious Caldwell-Pope,12/21,24-25,MIA,Home,L,121.0,114.0,36.0,2.5,2.0,U,24.0,2.0,2.0,0.0,2.0,5.0,10.0,50.0,12.0,12.0,100.0,2.0,7.0,29.0,,,,,,,,,,
Kentavious Caldwell-Pope,12/19,24-25,OKC,Home,L,105.0,99.0,33.0,1.5,5.0,O,11.0,1.0,3.0,1.0,1.0,3.0,8.0,38.0,2.0,2.0,100.0,3.0,5.0,60.0,,,,,,,,,,
Kentavious Caldwell-Pope,12/15,24-25,NYK,Home,L,100.0,91.0,32.0,2.5,2.0,U,4.0,2.0,0.0,1.0,1.0,2.0,7.0,29.0,0.0,0.0,0.0,0.0,3.0,0.0,,,,,,,,,,
Kentavious Caldwell-Pope,12/10,24-25,MIL,Away,L,114.0,109.0,31.0,1.5,1.0,U,7.0,1.0,0.0,1.0,0.0,3.0,7.0,43.0,1.0,2.0,50.0,0.0,2.0,0.0,,,,,,,,,,
Kentavious Caldwell-Pope,12/8,24-25,PHO,Home,L,115.0,110.0,33.0,2.5,1.0,U,8.0,0.0,2.0,3.0,0.0,3.0,6.0,50.0,0.0,2.0,0.0,2.0,5.0,40.0,,,,,,,,,,
Kentavious Caldwell-Pope,12/6,24-25,PHI,Away,L,102.0,94.0,33.0,1.5,2.0,O,2.0,3.0,0.0,3.0,1.0,1.0,7.0,14.0,0.0,0.0,0.0,0.0,5.0,0.0,,,,,,,,,,
Kentavious Caldwell-Pope,12/4,24-25,PHI,Away,L,106.0,102.0,32.0,1.5,1.0,U,7.0,2.0,1.0,5.0,0.0,2.0,7.0,29.0,2.0,2.0,100.0,1.0,5.0,20.0,,,,,,,,,,
Kentavious Caldwell-Pope,12/3,24-25,NYK,Away,L,121.0,106.0,26.0,1.5,0.0,U,9.0,3.0,3.0,0.0,0.0,3.0,7.0,43.0,0.0,0.0,0.0,3.0,7.0,43.0,,,,,,,,,,
Kentavious Caldwell-Pope,12/1,24-25,BKN,Away,L,100.0,92.0,34.0,1.5,0.0,U,16.0,1.0,4.0,2.0,1.0,6.0,11.0,55.0,0.0,0.0,0.0,4.0,9.0,44.0,,,,,,,,,,
Kentavious Caldwell-Pope,11/29,24-25,BKN,Away,L,123.0,100.0,29.0,1.5,3.0,O,19.0,2.0,4.0,2.0,1.0,7.0,8.0,88.0,1.0,1.0,100.0,4.0,5.0,80.0,,,,,,,,,,
Kentavious Caldwell-Pope,11/27,24-25,CHI,Home,L,133.0,119.0,34.0,2.0,2.0,,24.0,1.0,6.0,4.0,0.0,8.0,13.0,62.0,2.0,2.0,100.0,6.0,10.0,60.0,,,,,,,,,,
Kentavious Caldwell-Pope,11/25,24-25,CHA,Away,L,95.0,84.0,28.0,2.5,2.0,U,3.0,4.0,0.0,1.0,1.0,1.0,4.0,25.0,1.0,2.0,50.0,0.0,2.0,0.0,,,,,,,,,,
Kentavious Caldwell-Pope,11/23,24-25,DET,Home,L,111.0,100.0,24.0,1.5,2.0,O,8.0,0.0,1.0,1.0,2.0,3.0,6.0,50.0,1.0,1.0,100.0,1.0,4.0,25.0,,,,,,,,,,
Kentavious Caldwell-Pope,11/20,24-25,LAC,Away,L,104.0,93.0,29.0,2.0,1.0,U,2.0,2.0,0.0,1.0,0.0,1.0,6.0,17.0,0.0,0.0,0.0,0.0,4.0,0.0,,,,,,,,,,
Kentavious Caldwell-Pope,11/18,24-25,PHO,Away,L,109.0,99.0,34.0,2.5,2.0,U,9.0,1.0,1.0,1.0,0.0,3.0,5.0,60.0,2.0,2.0,100.0,1.0,2.0,50.0,,,,,,,,,,
Kentavious Caldwell-Pope,11/15,24-25,PHI,Home,L,98.0,86.0,33.0,2.5,1.0,U,8.0,1.0,2.0,2.0,0.0,3.0,9.0,33.0,0.0,0.0,0.0,2.0,6.0,33.0,,,,,,,,,,
Kentavious Caldwell-Pope,11/13,24-25,IND,Home,L,94.0,90.0,34.0,1.5,3.0,O,10.0,5.0,2.0,0.0,0.0,4.0,8.0,50.0,0.0,0.0,0.0,2.0,5.0,40.0,,,,,,,,,,
Kentavious Caldwell-Pope,11/12,24-25,CHA,Home,L,114.0,89.0,24.0,1.5,3.0,O,6.0,1.0,0.0,0.0,0.0,2.0,6.0,33.0,2.0,2.0,100.0,0.0,2.0,0.0,,,,,,,,,,
Kentavious Caldwell-Pope,11/10,24-25,WAS,Home,L,121.0,94.0,28.0,2.5,3.0,O,8.0,5.0,1.0,0.0,1.0,2.0,8.0,25.0,3.0,3.0,100.0,1.0,6.0,17.0,,,,,,,,,,
Kentavious Caldwell-Pope,11/8,24-25,NOR,Home,L,115.0,88.0,29.0,1.5,5.0,O,7.0,3.0,0.0,4.0,1.0,3.0,9.0,33.0,1.0,1.0,100.0,0.0,4.0,0.0,,,,,,,,,,
Kentavious Caldwell-Pope,11/6,24-25,IND,Away,L,118.0,111.0,37.0,1.5,2.0,O,13.0,5.0,2.0,1.0,0.0,5.0,10.0,50.0,1.0,1.0,100.0,2.0,5.0,40.0,,,,,,,,,,
Kentavious Caldwell-Pope,11/4,24-25,OKC,Away,L,102.0,86.0,30.0,1.5,2.0,O,6.0,5.0,1.0,4.0,1.0,1.0,7.0,14.0,3.0,3.0,100.0,1.0,4.0,25.0,,,,,,,,,,
Kentavious Caldwell-Pope,11/3,24-25,DAL,Away,L,108.0,85.0,26.0,1.5,1.0,U,7.0,3.0,2.0,0.0,0.0,2.0,6.0,33.0,1.0,1.0,100.0,2.0,6.0,33.0,,,,,,,,,,
Kentavious Caldwell-Pope,11/1,24-25,CLE,Away,L,120.0,109.0,27.0,2.5,1.0,U,7.0,1.0,1.0,1.0,0.0,2.0,3.0,67.0,2.0,2.0,100.0,1.0,2.0,50.0,,,,,,,,,,
Kentavious Caldwell-Pope,10/30,24-25,CHI,Away,L,102.0,99.0,33.0,1.5,1.0,U,8.0,1.0,2.0,1.0,0.0,3.0,9.0,33.0,0.0,0.0,0.0,2.0,7.0,29.0,,,,,,,,,,
Kentavious Caldwell-Pope,10/28,24-25,IND,Home,L,119.0,115.0,30.0,1.5,1.0,U,4.0,0.0,0.0,1.0,0.0,2.0,5.0,40.0,0.0,0.0,0.0,0.0,3.0,0.0,,,,,,,,,,
Kentavious Caldwell-Pope,10/26,24-25,MEM,Away,W,124.0,111.0,28.0,1.5,1.0,U,3.0,2.0,0.0,2.0,1.0,1.0,6.0,17.0,1.0,1.0,100.0,0.0,4.0,0.0,MEM,-1.0,,,,,,,,
Kentavious Caldwell-Pope,10/25,24-25,BKN,Home,L,116.0,101.0,25.0,2.0,2.0,,10.0,1.0,2.0,2.0,2.0,3.0,7.0,43.0,2.0,2.0,100.0,2.0,5.0,40.0,,,,,,,,,,
Kentavious Caldwell-Pope,10/23,24-25,MIA,Away,L,116.0,97.0,25.0,1.5,2.0,O,3.0,1.0,0.0,1.0,2.0,0.0,5.0,0.0,3.0,3.0,100.0,0.0,5.0,0.0,,,,,,,,,,
Christian Braun,11/12,25-26,LAC,Away,W,130.0,116.0,16.0,2.5,4.0,O,6.0,4.0,0.0,0.0,0.0,2.0,2.0,100.0,2.0,2.0,100.0,0.0,0.0,0.0,DEN,-4.5,,,,,,,,
Christian Braun,11/11,25-26,SAC,Away,W,122.0,108.0,29.0,2.5,1.0,U,12.0,1.0,2.0,1.0,0.0,4.0,7.0,57.0,2.0,2.0,100.0,2.0,5.0,40.0,DEN,-6.5,,,,,,,,
Christian Braun,11/8,25-26,IND,Home,W,117.0,100.0,26.0,2.5,2.0,U,8.0,5.0,0.0,1.0,0.0,3.0,8.0,38.0,2.0,3.0,67.0,0.0,2.0,0.0,DEN,-12.0,,,,,,,,
Christian Braun,11/7,25-26,GSW,Home,W,129.0,104.0,31.0,2.5,4.0,O,12.0,7.0,1.0,1.0,0.0,5.0,11.0,45.0,1.0,2.0,50.0,1.0,4.0,25.0,DEN,-5.5,,,,,,,,
Christian Braun,11/5,25-26,MIA,Home,W,122.0,112.0,35.0,2.5,7.0,O,11.0,8.0,0.0,2.0,1.0,5.0,14.0,36.0,1.0,1.0,100.0,0.0,3.0,0.0,DEN,-8.5,,,,,,,,
Christian Braun,11/3,25-26,SAC,Home,W,130.0,124.0,31.0,2.5,3.0,O,21.0,4.0,1.0,0.0,0.0,7.0,10.0,70.0,6.0,9.0,67.0,1.0,3.0,33.0,SAC,10.5,,,,,,,,
Christian Braun,10/31,25-26,POR,Away,L,109.0,107.0,30.0,2.5,1.0,U,5.0,3.0,0.0,0.0,1.0,2.0,6.0,33.0,1.0,2.0,50.0,0.0,3.0,0.0,POR,4.5,,,,,,,,
Christian Braun,10/29,25-26,NOR,Home,W,122.0,88.0,27.0,2.5,4.0,O,17.0,6.0,1.0,0.0,1.0,8.0,13.0,62.0,0.0,0.0,0.0,1.0,3.0,33.0,DEN,-11.5,,,,,,,,
Christian Braun,10/27,25-26,MIN,Away,W,127.0,114.0,27.0,2.5,2.0,U,7.0,3.0,1.0,2.0,0.0,3.0,9.0,33.0,0.0,0.0,0.0,1.0,3.0,33.0,DEN,-6.5,,,,,,,,
Christian Braun,10/25,25-26,PHO,Home,W,133.0,111.0,31.0,2.5,3.0,O,20.0,3.0,0.0,2.0,0.0,6.0,10.0,60.0,8.0,8.0,100.0,0.0,1.0,0.0,DEN,-13.0,,,,,,,,
Christian Braun,10/23,25-26,GSW,Away,L,137.0,131.0,38.0,2.5,2.0,U,6.0,4.0,0.0,0.0,0.0,3.0,7.0,43.0,0.0,0.0,0.0,0.0,1.0,0.0,GSW,-1.5,,,,,,,,
Christian Braun,5/15,24-25,OKC,Home,W,119.0,107.0,39.0,2.5,5.0,O,23.0,11.0,3.0,3.0,1.0,8.0,14.0,57.0,4.0,4.0,100.0,3.0,6.0,50.0,DEN,5.0,,,,,,,,
Christian Braun,5/13,24-25,OKC,Away,L,112.0,105.0,43.0,2.5,3.0,O,8.0,7.0,2.0,1.0,2.0,3.0,12.0,25.0,0.0,0.0,0.0,2.0,8.0,25.0,DEN,10.0,,,,,,,,
Christian Braun,5/11,24-25,OKC,Home,L,92.0,87.0,44.0,2.5,2.0,U,17.0,4.0,2.0,3.0,1.0,4.0,11.0,36.0,7.0,8.0,88.0,2.0,9.0,22.0,DEN,7.0,,,,,,,,
Christian Braun,5/9,24-25,OKC,Home,W,113.0,104.0,43.0,2.5,1.0,U,8.0,7.0,2.0,0.0,2.0,3.0,8.0,38.0,0.0,0.0,0.0,2.0,6.0,33.0,DEN,6.0,,,,,,,,
Christian Braun,5/7,24-25,OKC,Away,L,149.0,106.0,26.0,2.5,0.0,U,3.0,2.0,1.0,0.0,1.0,1.0,6.0,17.0,0.0,0.0,0.0,1.0,4.0,25.0,OKC,-10.0,,,,,,,,
Christian Braun,5/5,24-25,OKC,Away,W,121.0,119.0,40.0,2.5,3.0,O,11.0,13.0,1.0,1.0,0.0,4.0,8.0,50.0,2.0,2.0,100.0,1.0,4.0,25.0,DEN,10.5,,,,,,,,
Christian Braun,5/3,24-25,LAC,Home,W,120.0,101.0,38.0,2.5,4.0,O,21.0,5.0,3.0,1.0,0.0,8.0,15.0,53.0,2.0,4.0,50.0,3.0,5.0,60.0,DEN,-1.5,,,,,,,,
Christian Braun,5/1,24-25,LAC,Away,L,111.0,105.0,40.0,2.5,1.0,U,14.0,3.0,2.0,0.0,0.0,5.0,7.0,71.0,2.0,2.0,100.0,2.0,4.0,50.0,PUSH,6.0,,,,,,,,
Christian Braun,4/29,24-25,LAC,Home,W,131.0,115.0,36.0,2.5,3.0,O,11.0,12.0,1.0,2.0,0.0,5.0,8.0,63.0,0.0,2.0,0.0,1.0,2.0,50.0,DEN,1.5,,,,,,,,
Christian Braun,4/26,24-25,LAC,Away,W,101.0,99.0,43.0,2.5,5.0,O,17.0,7.0,1.0,1.0,2.0,8.0,19.0,42.0,0.0,0.0,0.0,1.0,7.0,14.0,DEN,6.5,,,,,,,,
Christian Braun,4/24,24-25,LAC,Away,L,117.0,83.0,37.0,2.5,1.0,U,9.0,6.0,0.0,1.0,1.0,4.0,9.0,44.0,1.0,3.0,33.0,0.0,1.0,0.0,LAC,-5.5,,,,,,,,
Christian Braun,4/21,24-25,LAC,Home,L,105.0,102.0,34.0,2.5,2.0,U,5.0,6.0,0.0,1.0,0.0,2.0,7.0,29.0,1.0,2.0,50.0,0.0,2.0,0.0,LAC,-1.0,,,,,,,,
Christian Braun,4/19,24-25,LAC,Home,W,112.0,110.0,45.0,2.5,1.0,U,11.0,3.0,1.0,2.0,0.0,5.0,10.0,50.0,0.0,0.0,0.0,1.0,4.0,25.0,LAC,2.5,,,,,,,,
Christian Braun,4/13,24-25,HOU,Away,W,126.0,111.0,31.0,2.5,6.0,O,11.0,7.0,0.0,0.0,0.0,4.0,7.0,57.0,3.0,3.0,100.0,0.0,1.0,0.0,DEN,-6.0,,,,,,,,
Christian Braun,4/11,24-25,MEM,Home,W,117.0,109.0,33.0,3.5,5.0,O,12.0,2.0,0.0,1.0,0.0,5.0,9.0,56.0,2.0,2.0,100.0,0.0,2.0,0.0,DEN,-7.0,,,,,,,,
Christian Braun,4/9,24-25,SAC,Away,W,124.0,116.0,36.0,2.5,2.0,U,25.0,4.0,3.0,0.0,1.0,9.0,12.0,75.0,4.0,5.0,80.0,3.0,5.0,60.0,DEN,-4.5,,,,,,,,
Christian Braun,4/6,24-25,IND,Home,L,125.0,120.0,38.0,3.5,4.0,O,30.0,8.0,3.0,0.0,0.0,12.0,16.0,75.0,3.0,3.0,100.0,3.0,3.0,100.0,IND,6.0,,,,,,,,
Christian Braun,4/4,24-25,GSW,Away,L,118.0,104.0,38.0,3.5,4.0,O,16.0,7.0,2.0,2.0,0.0,7.0,12.0,58.0,0.0,1.0,0.0,2.0,4.0,50.0,GSW,-3.0,,,,,,,,
Christian Braun,4/1,24-25,MIN,Home,L,140.0,139.0,53.0,2.5,4.0,O,18.0,12.0,1.0,3.0,0.0,8.0,14.0,57.0,1.0,1.0,100.0,1.0,6.0,17.0,MIN,1.5,,,,,,,,
Christian Braun,3/28,24-25,UTH,Home,W,129.0,93.0,27.0,3.5,2.0,U,16.0,4.0,0.0,1.0,0.0,7.0,11.0,64.0,2.0,2.0,100.0,0.0,1.0,0.0,DEN,-18.5,,,,,,,,
Christian Braun,3/26,24-25,MIL,Home,W,127.0,117.0,37.0,2.5,6.0,O,19.0,10.0,3.0,2.0,0.0,8.0,15.0,53.0,0.0,0.0,0.0,3.0,6.0,50.0,MIL,11.5,,,,,,,,
Christian Braun,3/24,24-25,CHI,Home,L,129.0,119.0,39.0,3.5,3.0,U,18.0,5.0,2.0,1.0,1.0,7.0,13.0,54.0,2.0,3.0,67.0,2.0,3.0,67.0,CHI,2.5,,,,,,,,
Christian Braun,3/23,24-25,HOU,Away,W,116.0,111.0,34.0,2.5,2.0,U,11.0,4.0,1.0,0.0,0.0,3.0,6.0,50.0,4.0,4.0,100.0,1.0,2.0,50.0,DEN,7.5,,,,,,,,
Christian Braun,3/21,24-25,POR,Away,L,128.0,109.0,33.0,2.5,2.0,U,15.0,5.0,1.0,0.0,0.0,6.0,8.0,75.0,2.0,2.0,100.0,1.0,3.0,33.0,POR,2.5,,,,,,,,
Christian Braun,3/19,24-25,LAL,Away,L,120.0,108.0,27.0,3.5,3.0,U,10.0,4.0,0.0,0.0,0.0,4.0,6.0,67.0,2.0,4.0,50.0,0.0,1.0,0.0,LAL,-5.0,,,,,,,,
Christian Braun,3/15,24-25,WAS,Home,L,126.0,123.0,34.0,2.5,4.0,O,9.0,3.0,1.0,3.0,0.0,4.0,4.0,100.0,0.0,0.0,0.0,1.0,1.0,100.0,WAS,11.5,,,,,,,,
Christian Braun,3/14,24-25,LAL,Home,W,131.0,126.0,34.0,2.5,6.0,O,22.0,5.0,2.0,1.0,0.0,9.0,10.0,90.0,2.0,2.0,100.0,2.0,3.0,67.0,LAL,15.0,,,,,,,,
Christian Braun,3/12,24-25,MIN,Home,L,115.0,95.0,32.0,2.5,0.0,U,6.0,4.0,0.0,0.0,0.0,3.0,10.0,30.0,0.0,2.0,0.0,0.0,2.0,0.0,MIN,2.5,,,,,,,,
Christian Braun,3/10,24-25,OKC,Away,W,140.0,127.0,35.0,3.0,5.0,O,14.0,5.0,2.0,0.0,1.0,4.0,11.0,36.0,4.0,4.0,100.0,2.0,5.0,40.0,DEN,8.5,,,,,,,,
Christian Braun,3/9,24-25,OKC,Away,L,127.0,103.0,32.0,2.5,2.0,U,19.0,3.0,3.0,1.0,0.0,8.0,15.0,53.0,0.0,1.0,0.0,3.0,5.0,60.0,OKC,-7.5,,,,,,,,
Christian Braun,3/7,24-25,PHO,Home,W,149.0,141.0,37.0,2.5,5.0,O,25.0,5.0,4.0,0.0,1.0,8.0,11.0,73.0,5.0,6.0,83.0,4.0,5.0,80.0,PHO,9.0,,,,,,,,
Christian Braun,3/5,24-25,SAC,Home,W,116.0,110.0,38.0,2.5,7.0,O,15.0,2.0,3.0,1.0,1.0,5.0,10.0,50.0,2.0,2.0,100.0,3.0,6.0,50.0,SAC,8.5,,,,,,,,
Christian Braun,3/2,24-25,BOS,Away,L,110.0,103.0,46.0,2.5,3.0,O,24.0,6.0,2.0,4.0,1.0,10.0,22.0,45.0,2.0,2.0,100.0,2.0,8.0,25.0,BOS,-5.0,,,,,,,,
Christian Braun,2/28,24-25,DET,Away,W,134.0,119.0,35.0,2.5,2.0,U,23.0,6.0,2.0,0.0,1.0,10.0,14.0,71.0,1.0,1.0,100.0,2.0,3.0,67.0,DEN,-1.0,,,,,,,,
Christian Braun,2/27,24-25,MIL,Away,L,121.0,112.0,31.0,2.5,3.0,O,13.0,10.0,0.0,2.0,0.0,5.0,11.0,45.0,3.0,3.0,100.0,0.0,2.0,0.0,MIL,3.5,,,,,,,,
Christian Braun,2/24,24-25,IND,Away,W,125.0,116.0,37.0,2.5,1.0,U,17.0,8.0,0.0,1.0,0.0,7.0,11.0,64.0,3.0,3.0,100.0,0.0,0.0,0.0,DEN,-4.5,,,,,,,,
Christian Braun,2/22,24-25,LAL,Home,L,123.0,100.0,29.0,2.5,3.0,O,10.0,3.0,1.0,1.0,0.0,3.0,7.0,43.0,3.0,4.0,75.0,1.0,3.0,33.0,LAL,6.5,,,,,,,,
Christian Braun,2/20,24-25,CHA,Home,W,129.0,115.0,32.0,2.5,2.0,U,10.0,2.0,0.0,1.0,0.0,4.0,9.0,44.0,2.0,3.0,67.0,0.0,2.0,0.0,CHA,18.0,,,,,,,,
Christian Braun,2/12,24-25,POR,Home,W,132.0,121.0,45.0,2.5,6.0,O,21.0,10.0,2.0,2.0,1.0,7.0,13.0,54.0,5.0,7.0,71.0,2.0,4.0,50.0,DEN,-8.0,,,,,,,,
Christian Braun,2/10,24-25,POR,Home,W,146.0,117.0,37.0,2.5,2.0,U,26.0,6.0,0.0,0.0,1.0,12.0,14.0,86.0,2.0,2.0,100.0,0.0,0.0,0.0,DEN,-9.0,,,,,,,,
Christian Braun,2/8,24-25,PHO,Away,W,122.0,105.0,37.0,2.5,6.0,O,18.0,7.0,1.0,0.0,1.0,6.0,13.0,46.0,5.0,6.0,83.0,1.0,5.0,20.0,DEN,-6.5,,,,,,,,
Christian Braun,2/6,24-25,ORL,Home,W,112.0,90.0,36.0,2.5,4.0,O,16.0,8.0,0.0,3.0,0.0,8.0,12.0,67.0,0.0,1.0,0.0,0.0,0.0,0.0,DEN,-6.0,,,,,,,,
Christian Braun,2/5,24-25,NOR,Home,W,144.0,119.0,29.0,2.5,3.0,O,23.0,9.0,1.0,3.0,1.0,8.0,12.0,67.0,6.0,6.0,100.0,1.0,3.0,33.0,DEN,-11.0,,,,,,,,
Christian Braun,2/3,24-25,NOR,Home,W,125.0,113.0,40.0,2.5,4.0,O,11.0,6.0,0.0,1.0,0.0,5.0,14.0,36.0,1.0,2.0,50.0,0.0,4.0,0.0,DEN,-9.5,,,,,,,,
Christian Braun,2/1,24-25,CHA,Away,W,107.0,104.0,38.0,1.5,2.0,O,24.0,11.0,2.0,2.0,0.0,9.0,15.0,60.0,4.0,4.0,100.0,2.0,5.0,40.0,CHA,12.5,,,,,,,,
Christian Braun,1/31,24-25,PHI,Away,W,137.0,134.0,31.0,1.5,2.0,O,15.0,5.0,3.0,1.0,0.0,6.0,10.0,60.0,0.0,0.0,0.0,3.0,5.0,60.0,PHI,9.5,,,,,,,,
Christian Braun,1/29,24-25,NYK,Away,L,122.0,112.0,28.0,1.5,1.0,U,13.0,5.0,1.0,0.0,0.0,4.0,8.0,50.0,4.0,4.0,100.0,1.0,2.0,50.0,NYK,-2.5,,,,,,,,
Christian Braun,1/27,24-25,CHI,Away,L,129.0,121.0,32.0,1.5,4.0,O,28.0,5.0,2.0,2.0,1.0,11.0,15.0,73.0,4.0,4.0,100.0,2.0,4.0,50.0,CHI,9.5,,,,,,,,
Christian Braun,1/25,24-25,MIN,Away,L,133.0,104.0,26.0,1.5,3.0,O,10.0,5.0,1.0,0.0,0.0,4.0,8.0,50.0,1.0,1.0,100.0,1.0,2.0,50.0,MIN,3.5,,,,,,,,
Christian Braun,1/23,24-25,SAC,Home,W,132.0,123.0,25.0,1.5,1.0,U,21.0,2.0,2.0,2.0,1.0,8.0,14.0,57.0,3.0,4.0,75.0,2.0,5.0,40.0,DEN,-7.5,,,,,,,,
Christian Braun,1/21,24-25,PHI,Home,W,144.0,109.0,25.0,1.5,2.0,O,20.0,2.0,0.0,1.0,0.0,8.0,11.0,73.0,4.0,5.0,80.0,0.0,0.0,0.0,DEN,-12.0,,,,,,,,
Christian Braun,1/19,24-25,ORL,Away,W,113.0,100.0,35.0,1.5,2.0,O,20.0,11.0,1.0,0.0,0.0,6.0,10.0,60.0,7.0,7.0,100.0,1.0,3.0,33.0,DEN,-7.5,,,,,,,,
Christian Braun,1/17,24-25,MIA,Away,W,133.0,113.0,26.0,1.5,0.0,U,12.0,2.0,0.0,0.0,0.0,6.0,10.0,60.0,0.0,0.0,0.0,0.0,0.0,0.0,DEN,-3.5,,,,,,,,
Christian Braun,1/15,24-25,HOU,Home,L,128.0,108.0,34.0,1.5,1.0,U,22.0,4.0,2.0,0.0,0.0,10.0,11.0,91.0,0.0,0.0,0.0,2.0,3.0,67.0,HOU,-5.5,,,,,,,,
Christian Braun,1/14,24-25,DAL,Away,W,118.0,99.0,29.0,1.5,0.0,U,6.0,4.0,0.0,0.0,3.0,3.0,6.0,50.0,0.0,0.0,0.0,0.0,1.0,0.0,DEN,-3.0,,,,,,,,
Christian Braun,1/12,24-25,DAL,Away,W,112.0,101.0,24.0,1.5,0.0,U,8.0,4.0,0.0,0.0,0.0,4.0,9.0,44.0,0.0,0.0,0.0,0.0,4.0,0.0,DEN,-5.5,,,,,,,,
Christian Braun,1/10,24-25,BKN,Home,W,124.0,105.0,29.0,1.5,0.0,U,11.0,7.0,1.0,1.0,0.0,4.0,7.0,57.0,2.0,2.0,100.0,1.0,1.0,100.0,DEN,-15.0,,,,,,,,
Christian Braun,1/8,24-25,LAC,Home,W,126.0,103.0,28.0,2.5,1.0,U,15.0,2.0,2.0,1.0,0.0,6.0,8.0,75.0,1.0,1.0,100.0,2.0,2.0,100.0,DEN,4.0,,,,,,,,
Christian Braun,1/7,24-25,BOS,Home,L,118.0,106.0,28.0,2.5,2.0,U,12.0,4.0,2.0,1.0,0.0,5.0,10.0,50.0,0.0,0.0,0.0,2.0,5.0,40.0,BOS,-10.5,,,,,,,,
Christian Braun,1/4,24-25,SAS,Away,W,122.0,111.0,27.0,2.5,3.0,O,8.0,2.0,0.0,1.0,1.0,4.0,8.0,50.0,0.0,0.0,0.0,0.0,1.0,0.0,DEN,-2.5,,,,,,,,
Christian Braun,1/3,24-25,SAS,Home,L,113.0,110.0,42.0,2.5,5.0,O,11.0,8.0,2.0,0.0,2.0,3.0,10.0,30.0,3.0,4.0,75.0,2.0,6.0,33.0,SAS,6.0,,,,,,,,
Christian Braun,1/1,24-25,ATL,Home,W,139.0,120.0,31.0,1.5,4.0,O,15.0,3.0,0.0,0.0,0.0,7.0,9.0,78.0,1.0,1.0,100.0,0.0,1.0,0.0,DEN,-8.5,,,,,,,,
Christian Braun,12/30,24-25,UTH,Away,W,132.0,121.0,36.0,1.5,2.0,O,20.0,2.0,0.0,2.0,1.0,9.0,12.0,75.0,2.0,2.0,100.0,0.0,1.0,0.0,DEN,-7.5,,,,,,,,
Christian Braun,12/28,24-25,DET,Home,W,134.0,121.0,29.0,1.5,3.0,O,10.0,4.0,0.0,3.0,1.0,2.0,4.0,50.0,6.0,6.0,100.0,0.0,1.0,0.0,DEN,-6.0,,,,,,,,
Christian Braun,12/27,24-25,CLE,Home,L,149.0,135.0,31.0,1.5,1.0,U,16.0,2.0,2.0,1.0,0.0,7.0,9.0,78.0,0.0,0.0,0.0,2.0,4.0,50.0,CLE,-3.5,,,,,,,,
Christian Braun,12/25,24-25,PHO,Away,L,110.0,100.0,28.0,1.5,3.0,O,5.0,5.0,0.0,0.0,0.0,2.0,7.0,29.0,1.0,2.0,50.0,0.0,2.0,0.0,PHO,2.5,,,,,,,,
Christian Braun,12/23,24-25,PHO,Home,W,117.0,90.0,25.0,1.5,4.0,O,4.0,7.0,0.0,0.0,0.0,2.0,9.0,22.0,0.0,0.0,0.0,0.0,3.0,0.0,DEN,-4.5,,,,,,,,
Christian Braun,12/22,24-25,NOR,Away,W,132.0,129.0,38.0,1.5,5.0,O,10.0,6.0,0.0,2.0,0.0,4.0,8.0,50.0,2.0,2.0,100.0,0.0,1.0,0.0,NOR,8.5,,,,,,,,
Christian Braun,12/19,24-25,POR,Away,L,126.0,124.0,24.0,1.5,1.0,U,13.0,4.0,1.0,1.0,0.0,5.0,10.0,50.0,2.0,2.0,100.0,1.0,2.0,50.0,POR,8.5,,,,,,,,
Christian Braun,12/13,24-25,LAC,Home,W,120.0,98.0,23.0,1.5,1.0,U,8.0,3.0,0.0,2.0,0.0,4.0,8.0,50.0,0.0,0.0,0.0,0.0,4.0,0.0,DEN,-7.0,,,,,,,,
Christian Braun,12/8,24-25,ATL,Away,W,141.0,111.0,32.0,1.5,4.0,O,17.0,8.0,2.0,2.0,1.0,7.0,11.0,64.0,1.0,2.0,50.0,2.0,2.0,100.0,DEN,1.0,,,,,,,,
Christian Braun,12/7,24-25,WAS,Away,L,122.0,113.0,37.0,2.5,0.0,U,14.0,2.0,0.0,1.0,1.0,7.0,14.0,50.0,0.0,0.0,0.0,0.0,3.0,0.0,WAS,11.5,,,,,,,,
Christian Braun,12/5,24-25,CLE,Away,L,126.0,114.0,39.0,1.5,0.0,U,10.0,4.0,0.0,2.0,2.0,4.0,10.0,40.0,2.0,2.0,100.0,0.0,3.0,0.0,CLE,-3.5,,,,,,,,
Christian Braun,12/3,24-25,GSW,Home,W,119.0,115.0,35.0,1.5,2.0,O,11.0,6.0,0.0,1.0,0.0,3.0,7.0,43.0,5.0,7.0,71.0,0.0,2.0,0.0,GSW,5.0,,,,,,,,
Christian Braun,12/1,24-25,LAC,Away,L,126.0,122.0,35.0,1.5,2.0,O,11.0,7.0,0.0,1.0,0.0,5.0,7.0,71.0,1.0,3.0,33.0,0.0,0.0,0.0,LAC,3.0,,,,,,,,
Christian Braun,11/27,24-25,UTH,Away,W,122.0,103.0,41.0,1.5,3.0,O,18.0,7.0,2.0,0.0,1.0,6.0,8.0,75.0,4.0,4.0,100.0,2.0,3.0,67.0,DEN,-11.0,,,,,,,,
Christian Braun,11/25,24-25,NYK,Home,L,145.0,118.0,32.0,1.5,2.0,O,14.0,1.0,0.0,1.0,1.0,5.0,10.0,50.0,4.0,4.0,100.0,0.0,0.0,0.0,NYK,2.5,,,,,,,,
Christian Braun,11/23,24-25,LAL,Away,W,127.0,102.0,31.0,1.5,3.0,O,16.0,2.0,2.0,1.0,0.0,7.0,7.0,100.0,0.0,0.0,0.0,2.0,2.0,100.0,DEN,4.0,,,,,,,,
Christian Braun,11/22,24-25,DAL,Home,L,123.0,120.0,29.0,1.5,0.0,U,17.0,5.0,2.0,1.0,1.0,6.0,9.0,67.0,3.0,6.0,50.0,2.0,3.0,67.0,DAL,4.5,,,,,,,,
Christian Braun,11/19,24-25,MEM,Away,W,122.0,110.0,34.0,1.5,2.0,O,19.0,7.0,0.0,3.0,0.0,7.0,12.0,58.0,5.0,6.0,83.0,0.0,2.0,0.0,DEN,6.0,,,,,,,,
Christian Braun,11/17,24-25,MEM,Away,L,105.0,90.0,34.0,1.5,4.0,O,13.0,4.0,0.0,1.0,0.0,5.0,11.0,45.0,3.0,4.0,75.0,0.0,2.0,0.0,MEM,-6.0,,,,,,,,
Christian Braun,11/15,24-25,NOR,Away,L,101.0,94.0,37.0,1.5,3.0,O,15.0,4.0,0.0,5.0,0.0,7.0,12.0,58.0,1.0,1.0,100.0,0.0,2.0,0.0,NOR,2.0,,,,,,,,
Christian Braun,11/10,24-25,DAL,Home,W,122.0,120.0,35.0,1.5,2.0,O,14.0,6.0,1.0,0.0,0.0,5.0,10.0,50.0,3.0,4.0,75.0,1.0,2.0,50.0,PUSH,-2.0,,,,,,,,
Christian Braun,11/8,24-25,MIA,Home,W,135.0,122.0,35.0,1.5,2.0,O,21.0,6.0,3.0,0.0,1.0,7.0,9.0,78.0,4.0,6.0,67.0,3.0,4.0,75.0,DEN,-3.0,,,,,,,,
Christian Braun,11/6,24-25,OKC,Home,W,124.0,122.0,36.0,1.5,0.0,U,24.0,8.0,4.0,2.0,1.0,7.0,14.0,50.0,6.0,6.0,100.0,4.0,8.0,50.0,DEN,7.0,,,,,,,,
Christian Braun,11/4,24-25,TOR,Home,W,121.0,119.0,36.0,2.5,0.0,U,17.0,4.0,1.0,1.0,0.0,7.0,11.0,64.0,2.0,4.0,50.0,1.0,1.0,100.0,TOR,11.0,,,,,,,,
Christian Braun,11/2,24-25,UTH,Home,W,129.0,103.0,32.0,2.5,3.0,O,17.0,2.0,3.0,2.0,0.0,6.0,11.0,55.0,2.0,2.0,100.0,3.0,5.0,60.0,DEN,-11.0,,,,,,,,
Christian Braun,11/1,24-25,MIN,Away,L,119.0,116.0,35.0,1.5,2.0,O,14.0,7.0,1.0,0.0,0.0,5.0,11.0,45.0,3.0,3.0,100.0,1.0,3.0,33.0,DEN,3.5,,,,,,,,
Christian Braun,10/29,24-25,BKN,Away,W,144.0,139.0,38.0,1.5,3.0,O,12.0,3.0,2.0,0.0,2.0,3.0,7.0,43.0,4.0,6.0,67.0,2.0,3.0,67.0,BKN,5.5,,,,,,,,
Christian Braun,10/28,24-25,TOR,Away,W,127.0,125.0,39.0,1.5,2.0,O,17.0,4.0,1.0,1.0,1.0,6.0,11.0,55.0,4.0,4.0,100.0,1.0,4.0,25.0,TOR,8.5,,,,,,,,
Christian Braun,10/26,24-25,LAC,Home,L,109.0,104.0,34.0,1.5,1.0,U,11.0,7.0,1.0,1.0,2.0,4.0,6.0,67.0,2.0,2.0,100.0,1.0,1.0,100.0,LAC,7.5,,,,,,,,
Christian Braun,10/24,24-25,OKC,Home,L,102.0,87.0,29.0,,1.0,,16.0,7.0,0.0,2.0,2.0,8.0,15.0,53.0,0.0,0.0,0.0,0.0,3.0,0.0,OKC,2.0,,,,,,,,
Peyton Watson,11/17,25-26,CHI,Home,L,130.0,127.0,34.0,1.5,1.0,U,5.0,3.0,1.0,1.0,3.0,2.0,4.0,50.0,0.0,0.0,0.0,1.0,1.0,100.0,CHI,13.5,,,,,,,,
Peyton Watson,11/15,25-26,MIN,Away,W,123.0,112.0,34.0,1.5,0.0,U,12.0,3.0,0.0,2.0,1.0,5.0,11.0,45.0,2.0,4.0,50.0,0.0,1.0,0.0,DEN,1.0,,,,,,,,
Peyton Watson,11/12,25-26,LAC,Away,W,130.0,116.0,22.0,,1.0,,2.0,2.0,0.0,0.0,1.0,1.0,4.0,25.0,0.0,2.0,0.0,0.0,3.0,0.0,DEN,-4.5,,,,,,,,
Peyton Watson,11/11,25-26,SAC,Away,W,122.0,108.0,18.0,,0.0,,0.0,3.0,0.0,1.0,1.0,0.0,3.0,0.0,0.0,0.0,0.0,0.0,1.0,0.0,DEN,-6.5,,,,,,,,
Peyton Watson,11/8,25-26,IND,Home,W,117.0,100.0,27.0,1.5,1.0,U,16.0,7.0,1.0,3.0,0.0,7.0,13.0,54.0,1.0,1.0,100.0,1.0,4.0,25.0,DEN,-12.0,,,,,,,,
Peyton Watson,11/7,25-26,GSW,Home,W,129.0,104.0,24.0,,1.0,,10.0,3.0,1.0,2.0,1.0,3.0,6.0,50.0,3.0,4.0,75.0,1.0,1.0,100.0,DEN,-5.5,,,,,,,,
Peyton Watson,11/5,25-26,MIA,Home,W,122.0,112.0,17.0,,3.0,,2.0,10.0,0.0,0.0,2.0,0.0,4.0,0.0,2.0,2.0,100.0,0.0,1.0,0.0,DEN,-8.5,,,,,,,,
Peyton Watson,11/3,25-26,SAC,Home,W,130.0,124.0,16.0,1.5,1.0,U,0.0,1.0,0.0,1.0,0.0,0.0,4.0,0.0,0.0,0.0,0.0,0.0,3.0,0.0,SAC,10.5,,,,,,,,
Peyton Watson,10/31,25-26,POR,Away,L,109.0,107.0,22.0,,1.0,,10.0,4.0,0.0,2.0,1.0,3.0,7.0,43.0,4.0,6.0,67.0,0.0,2.0,0.0,POR,4.5,,,,,,,,
Peyton Watson,10/29,25-26,NOR,Home,W,122.0,88.0,22.0,,5.0,,5.0,5.0,0.0,1.0,3.0,2.0,2.0,100.0,1.0,1.0,100.0,0.0,0.0,0.0,DEN,-11.5,,,,,,,,
Peyton Watson,10/27,25-26,MIN,Away,W,127.0,114.0,24.0,,1.0,,12.0,2.0,2.0,1.0,2.0,4.0,6.0,67.0,2.0,2.0,100.0,2.0,2.0,100.0,DEN,-6.5,,,,,,,,
Peyton Watson,10/25,25-26,PHO,Home,W,133.0,111.0,19.0,,1.0,,7.0,2.0,0.0,1.0,0.0,3.0,4.0,75.0,1.0,1.0,100.0,0.0,0.0,0.0,DEN,-13.0,,,,,,,,
Peyton Watson,10/23,25-26,GSW,Away,L,137.0,131.0,15.0,0.5,1.0,O,2.0,2.0,0.0,0.0,1.0,0.0,0.0,0.0,2.0,2.0,100.0,0.0,0.0,0.0,GSW,-1.5,,,,,,,,
Peyton Watson,5/15,24-25,OKC,Home,W,119.0,107.0,13.0,0.5,0.0,U,4.0,3.0,0.0,1.0,1.0,1.0,7.0,14.0,2.0,2.0,100.0,0.0,2.0,0.0,DEN,5.0,,,,,,,,
Peyton Watson,5/13,24-25,OKC,Away,L,112.0,105.0,15.0,,0.0,,3.0,8.0,1.0,2.0,0.0,1.0,4.0,25.0,0.0,0.0,0.0,1.0,3.0,33.0,DEN,10.0,,,,,,,,
Peyton Watson,5/11,24-25,OKC,Home,L,92.0,87.0,8.0,,0.0,,2.0,0.0,0.0,0.0,0.0,1.0,3.0,33.0,0.0,2.0,0.0,0.0,2.0,0.0,DEN,7.0,,,,,,,,
Peyton Watson,5/9,24-25,OKC,Home,W,113.0,104.0,16.0,,0.0,,7.0,5.0,2.0,0.0,2.0,2.0,4.0,50.0,1.0,4.0,25.0,2.0,3.0,67.0,DEN,6.0,,,,,,,,
Peyton Watson,5/7,24-25,OKC,Away,L,149.0,106.0,14.0,,0.0,,9.0,2.0,1.0,1.0,0.0,4.0,4.0,100.0,0.0,0.0,0.0,1.0,1.0,100.0,OKC,-10.0,,,,,,,,
Peyton Watson,5/5,24-25,OKC,Away,W,121.0,119.0,14.0,,0.0,,3.0,1.0,1.0,2.0,2.0,1.0,5.0,20.0,0.0,0.0,0.0,1.0,1.0,100.0,DEN,10.5,,,,,,,,
Peyton Watson,5/3,24-25,LAC,Home,W,120.0,101.0,17.0,,0.0,,9.0,4.0,1.0,1.0,1.0,4.0,4.0,100.0,0.0,0.0,0.0,1.0,1.0,100.0,DEN,-1.5,,,,,,,,
Peyton Watson,5/1,24-25,LAC,Away,L,111.0,105.0,10.0,,0.0,,7.0,2.0,1.0,0.0,1.0,3.0,5.0,60.0,0.0,0.0,0.0,1.0,1.0,100.0,PUSH,6.0,,,,,,,,
Peyton Watson,4/29,24-25,LAC,Home,W,131.0,115.0,8.0,,1.0,,2.0,2.0,0.0,1.0,1.0,1.0,2.0,50.0,0.0,0.0,0.0,0.0,0.0,0.0,DEN,1.5,,,,,,,,
Peyton Watson,4/26,24-25,LAC,Away,W,101.0,99.0,12.0,0.5,0.0,U,2.0,2.0,0.0,1.0,0.0,1.0,3.0,33.0,0.0,0.0,0.0,0.0,1.0,0.0,DEN,6.5,,,,,,,,
Peyton Watson,4/24,24-25,LAC,Away,L,117.0,83.0,18.0,0.5,0.0,U,2.0,2.0,0.0,0.0,0.0,1.0,4.0,25.0,0.0,0.0,0.0,0.0,0.0,0.0,LAC,-5.5,,,,,,,,
Peyton Watson,4/21,24-25,LAC,Home,L,105.0,102.0,13.0,0.5,1.0,O,3.0,4.0,0.0,1.0,0.0,1.0,2.0,50.0,1.0,2.0,50.0,0.0,0.0,0.0,LAC,-1.0,,,,,,,,
Peyton Watson,4/19,24-25,LAC,Home,W,112.0,110.0,14.0,0.5,0.0,U,6.0,2.0,0.0,1.0,0.0,2.0,4.0,50.0,2.0,2.0,100.0,0.0,1.0,0.0,LAC,2.5,,,,,,,,
Peyton Watson,4/13,24-25,HOU,Away,W,126.0,111.0,17.0,0.5,0.0,U,9.0,4.0,2.0,1.0,1.0,3.0,6.0,50.0,1.0,2.0,50.0,2.0,3.0,67.0,DEN,-6.0,,,,,,,,
Peyton Watson,4/11,24-25,MEM,Home,W,117.0,109.0,19.0,1.5,1.0,U,8.0,5.0,0.0,0.0,1.0,3.0,8.0,38.0,2.0,2.0,100.0,0.0,2.0,0.0,DEN,-7.0,,,,,,,,
Peyton Watson,4/9,24-25,SAC,Away,W,124.0,116.0,25.0,1.5,1.0,U,7.0,4.0,0.0,0.0,1.0,3.0,5.0,60.0,1.0,1.0,100.0,0.0,2.0,0.0,DEN,-4.5,,,,,,,,
Peyton Watson,4/6,24-25,IND,Home,L,125.0,120.0,22.0,1.5,0.0,U,3.0,1.0,0.0,0.0,3.0,1.0,2.0,50.0,1.0,2.0,50.0,0.0,0.0,0.0,IND,6.0,,,,,,,,
Peyton Watson,4/4,24-25,GSW,Away,L,118.0,104.0,32.0,1.5,0.0,U,4.0,3.0,0.0,0.0,0.0,2.0,6.0,33.0,0.0,0.0,0.0,0.0,2.0,0.0,GSW,-3.0,,,,,,,,
Peyton Watson,4/1,24-25,MIN,Home,L,140.0,139.0,45.0,1.5,0.0,U,7.0,3.0,0.0,0.0,4.0,3.0,9.0,33.0,1.0,2.0,50.0,0.0,3.0,0.0,MIN,1.5,,,,,,,,
Peyton Watson,3/28,24-25,UTH,Home,W,129.0,93.0,27.0,2.5,4.0,O,8.0,5.0,0.0,1.0,3.0,4.0,9.0,44.0,0.0,0.0,0.0,0.0,2.0,0.0,DEN,-18.5,,,,,,,,
Peyton Watson,3/26,24-25,MIL,Home,W,127.0,117.0,34.0,1.5,2.0,O,12.0,7.0,0.0,0.0,3.0,6.0,8.0,75.0,0.0,0.0,0.0,0.0,0.0,0.0,MIL,11.5,,,,,,,,
Peyton Watson,3/24,24-25,CHI,Home,L,129.0,119.0,39.0,2.5,0.0,U,24.0,6.0,2.0,0.0,4.0,8.0,12.0,67.0,6.0,8.0,75.0,2.0,4.0,50.0,CHI,2.5,,,,,,,,
Peyton Watson,3/23,24-25,HOU,Away,W,116.0,111.0,20.0,1.5,3.0,O,9.0,5.0,1.0,1.0,2.0,3.0,8.0,38.0,2.0,3.0,67.0,1.0,2.0,50.0,DEN,7.5,,,,,,,,
Peyton Watson,3/21,24-25,POR,Away,L,128.0,109.0,27.0,1.5,0.0,U,12.0,5.0,2.0,0.0,0.0,5.0,11.0,45.0,0.0,0.0,0.0,2.0,4.0,50.0,POR,2.5,,,,,,,,
Peyton Watson,3/19,24-25,LAL,Away,L,120.0,108.0,25.0,1.5,2.0,O,12.0,2.0,1.0,0.0,1.0,5.0,8.0,63.0,1.0,4.0,25.0,1.0,2.0,50.0,LAL,-5.0,,,,,,,,
Peyton Watson,3/17,24-25,GSW,Away,W,114.0,105.0,35.0,,1.0,,13.0,5.0,1.0,1.0,4.0,5.0,8.0,63.0,2.0,6.0,33.0,1.0,2.0,50.0,DEN,10.5,,,,,,,,
Peyton Watson,3/15,24-25,WAS,Home,L,126.0,123.0,22.0,1.5,3.0,O,2.0,3.0,0.0,1.0,2.0,1.0,3.0,33.0,0.0,0.0,0.0,0.0,0.0,0.0,WAS,11.5,,,,,,,,
Peyton Watson,3/14,24-25,LAL,Home,W,131.0,126.0,16.0,0.5,1.0,O,4.0,1.0,0.0,2.0,1.0,1.0,5.0,20.0,2.0,4.0,50.0,0.0,1.0,0.0,LAL,15.0,,,,,,,,
Peyton Watson,3/12,24-25,MIN,Home,L,115.0,95.0,15.0,1.5,1.0,U,0.0,3.0,0.0,0.0,1.0,0.0,4.0,0.0,0.0,0.0,0.0,0.0,2.0,0.0,MIN,2.5,,,,,,,,
Peyton Watson,3/10,24-25,OKC,Away,W,140.0,127.0,24.0,1.5,0.0,U,16.0,1.0,4.0,0.0,2.0,6.0,7.0,86.0,0.0,0.0,0.0,4.0,4.0,100.0,DEN,8.5,,,,,,,,
Peyton Watson,3/9,24-25,OKC,Away,L,127.0,103.0,5.0,1.5,0.0,U,0.0,0.0,0.0,0.0,0.0,0.0,1.0,0.0,0.0,0.0,0.0,0.0,1.0,0.0,OKC,-7.5,,,,,,,,
Peyton Watson,3/7,24-25,PHO,Home,W,149.0,141.0,23.0,0.5,2.0,O,11.0,2.0,3.0,0.0,1.0,4.0,7.0,57.0,0.0,0.0,0.0,3.0,5.0,60.0,PHO,9.0,,,,,,,,
Peyton Watson,3/5,24-25,SAC,Home,W,116.0,110.0,16.0,1.5,1.0,U,2.0,3.0,0.0,0.0,0.0,1.0,4.0,25.0,0.0,2.0,0.0,0.0,1.0,0.0,SAC,8.5,,,,,,,,
Peyton Watson,1/31,24-25,PHI,Away,W,137.0,134.0,26.0,1.5,3.0,O,6.0,4.0,0.0,0.0,0.0,3.0,4.0,75.0,0.0,0.0,0.0,0.0,1.0,0.0,PHI,9.5,,,,,,,,
Peyton Watson,1/29,24-25,NYK,Away,L,122.0,112.0,19.0,1.5,0.0,U,4.0,1.0,0.0,0.0,0.0,1.0,2.0,50.0,2.0,2.0,100.0,0.0,0.0,0.0,NYK,-2.5,,,,,,,,
Peyton Watson,1/27,24-25,CHI,Away,L,129.0,121.0,23.0,1.5,3.0,O,4.0,5.0,0.0,3.0,1.0,2.0,6.0,33.0,0.0,0.0,0.0,0.0,1.0,0.0,CHI,9.5,,,,,,,,
Peyton Watson,1/25,24-25,MIN,Away,L,133.0,104.0,18.0,1.5,3.0,O,2.0,3.0,0.0,1.0,3.0,1.0,4.0,25.0,0.0,0.0,0.0,0.0,0.0,0.0,MIN,3.5,,,,,,,,
Peyton Watson,1/23,24-25,SAC,Home,W,132.0,123.0,25.0,1.5,1.0,U,6.0,6.0,1.0,1.0,4.0,2.0,6.0,33.0,1.0,4.0,25.0,1.0,2.0,50.0,DEN,-7.5,,,,,,,,
Peyton Watson,1/21,24-25,PHI,Home,W,144.0,109.0,18.0,1.5,1.0,U,3.0,1.0,1.0,1.0,1.0,1.0,4.0,25.0,0.0,0.0,0.0,1.0,2.0,50.0,DEN,-12.0,,,,,,,,
Peyton Watson,1/19,24-25,ORL,Away,W,113.0,100.0,11.0,1.5,1.0,U,4.0,2.0,0.0,0.0,3.0,1.0,2.0,50.0,2.0,2.0,100.0,0.0,0.0,0.0,DEN,-7.5,,,,,,,,
Peyton Watson,1/17,24-25,MIA,Away,W,133.0,113.0,17.0,1.5,2.0,O,3.0,1.0,0.0,1.0,0.0,1.0,4.0,25.0,1.0,2.0,50.0,0.0,1.0,0.0,DEN,-3.5,,,,,,,,
Peyton Watson,1/15,24-25,HOU,Home,L,128.0,108.0,22.0,1.5,0.0,U,10.0,3.0,1.0,0.0,3.0,4.0,8.0,50.0,1.0,2.0,50.0,1.0,3.0,33.0,HOU,-5.5,,,,,,,,
Peyton Watson,1/14,24-25,DAL,Away,W,118.0,99.0,26.0,1.5,1.0,U,9.0,5.0,1.0,1.0,1.0,2.0,6.0,33.0,4.0,4.0,100.0,1.0,3.0,33.0,DEN,-3.0,,,,,,,,
Peyton Watson,1/12,24-25,DAL,Away,W,112.0,101.0,32.0,1.5,1.0,U,10.0,6.0,2.0,1.0,1.0,3.0,5.0,60.0,2.0,2.0,100.0,2.0,3.0,67.0,DEN,-5.5,,,,,,,,
Peyton Watson,1/10,24-25,BKN,Home,W,124.0,105.0,34.0,1.5,5.0,O,10.0,7.0,0.0,2.0,2.0,3.0,5.0,60.0,4.0,5.0,80.0,0.0,0.0,0.0,DEN,-15.0,,,,,,,,
Peyton Watson,1/8,24-25,LAC,Home,W,126.0,103.0,24.0,1.5,1.0,U,9.0,4.0,0.0,1.0,2.0,4.0,10.0,40.0,1.0,3.0,33.0,0.0,2.0,0.0,DEN,4.0,,,,,,,,
Peyton Watson,1/7,24-25,BOS,Home,L,118.0,106.0,33.0,1.5,0.0,U,14.0,4.0,2.0,1.0,4.0,5.0,9.0,56.0,2.0,2.0,100.0,2.0,3.0,67.0,BOS,-10.5,,,,,,,,
Peyton Watson,1/4,24-25,SAS,Away,W,122.0,111.0,33.0,1.5,3.0,O,8.0,8.0,0.0,0.0,2.0,2.0,6.0,33.0,4.0,6.0,67.0,0.0,3.0,0.0,DEN,-2.5,,,,,,,,
Peyton Watson,1/3,24-25,SAS,Home,L,113.0,110.0,18.0,1.5,2.0,O,2.0,2.0,0.0,2.0,2.0,1.0,4.0,25.0,0.0,1.0,0.0,0.0,1.0,0.0,SAS,6.0,,,,,,,,
Peyton Watson,1/1,24-25,ATL,Home,W,139.0,120.0,24.0,1.5,1.0,U,11.0,0.0,1.0,2.0,1.0,4.0,10.0,40.0,2.0,2.0,100.0,1.0,4.0,25.0,DEN,-8.5,,,,,,,,
Peyton Watson,12/30,24-25,UTH,Away,W,132.0,121.0,26.0,1.5,1.0,U,13.0,4.0,1.0,0.0,1.0,6.0,9.0,67.0,0.0,0.0,0.0,1.0,3.0,33.0,DEN,-7.5,,,,,,,,
Peyton Watson,12/28,24-25,DET,Home,W,134.0,121.0,22.0,1.5,3.0,O,5.0,1.0,0.0,2.0,1.0,2.0,6.0,33.0,1.0,1.0,100.0,0.0,1.0,0.0,DEN,-6.0,,,,,,,,
Peyton Watson,12/27,24-25,CLE,Home,L,149.0,135.0,25.0,1.5,2.0,O,18.0,1.0,2.0,1.0,1.0,6.0,8.0,75.0,4.0,5.0,80.0,2.0,2.0,100.0,CLE,-3.5,,,,,,,,
Peyton Watson,12/25,24-25,PHO,Away,L,110.0,100.0,24.0,0.5,2.0,O,2.0,3.0,0.0,0.0,1.0,0.0,3.0,0.0,2.0,2.0,100.0,0.0,3.0,0.0,PHO,2.5,,,,,,,,
Peyton Watson,12/23,24-25,PHO,Home,W,117.0,90.0,21.0,1.5,1.0,U,4.0,6.0,0.0,0.0,1.0,2.0,5.0,40.0,0.0,0.0,0.0,0.0,1.0,0.0,DEN,-4.5,,,,,,,,
Peyton Watson,12/22,24-25,NOR,Away,W,132.0,129.0,17.0,0.5,5.0,O,5.0,5.0,0.0,0.0,2.0,2.0,5.0,40.0,1.0,1.0,100.0,0.0,1.0,0.0,NOR,8.5,,,,,,,,
Peyton Watson,12/19,24-25,POR,Away,L,126.0,124.0,17.0,,1.0,,8.0,2.0,0.0,0.0,0.0,2.0,3.0,67.0,4.0,5.0,80.0,0.0,1.0,0.0,POR,8.5,,,,,,,,
Peyton Watson,12/16,24-25,SAC,Away,W,130.0,129.0,17.0,0.5,1.0,O,9.0,4.0,1.0,1.0,0.0,3.0,8.0,38.0,2.0,3.0,67.0,1.0,1.0,100.0,DEN,1.0,,,,,,,,
Peyton Watson,12/13,24-25,LAC,Home,W,120.0,98.0,26.0,0.5,0.0,U,14.0,5.0,1.0,2.0,0.0,5.0,6.0,83.0,3.0,4.0,75.0,1.0,2.0,50.0,DEN,-7.0,,,,,,,,
Peyton Watson,12/8,24-25,ATL,Away,W,141.0,111.0,18.0,,0.0,,2.0,1.0,0.0,1.0,2.0,1.0,2.0,50.0,0.0,1.0,0.0,0.0,1.0,0.0,DEN,1.0,,,,,,,,
Peyton Watson,12/7,24-25,WAS,Away,L,122.0,113.0,25.0,1.5,2.0,O,4.0,2.0,0.0,1.0,1.0,2.0,5.0,40.0,0.0,0.0,0.0,0.0,1.0,0.0,WAS,11.5,,,,,,,,
Peyton Watson,12/5,24-25,CLE,Away,L,126.0,114.0,18.0,0.5,1.0,O,4.0,4.0,1.0,2.0,0.0,1.0,3.0,33.0,1.0,2.0,50.0,1.0,2.0,50.0,CLE,-3.5,,,,,,,,
Peyton Watson,12/3,24-25,GSW,Home,W,119.0,115.0,17.0,0.5,2.0,O,7.0,1.0,1.0,0.0,1.0,1.0,1.0,100.0,4.0,4.0,100.0,1.0,1.0,100.0,GSW,5.0,,,,,,,,
Peyton Watson,12/1,24-25,LAC,Away,L,126.0,122.0,28.0,1.5,2.0,O,13.0,5.0,1.0,1.0,1.0,6.0,9.0,67.0,0.0,0.0,0.0,1.0,2.0,50.0,LAC,3.0,,,,,,,,
Peyton Watson,11/27,24-25,UTH,Away,W,122.0,103.0,28.0,1.5,2.0,O,9.0,3.0,0.0,1.0,1.0,3.0,6.0,50.0,3.0,4.0,75.0,0.0,3.0,0.0,DEN,-11.0,,,,,,,,
Peyton Watson,11/25,24-25,NYK,Home,L,145.0,118.0,22.0,1.5,0.0,U,6.0,0.0,0.0,0.0,0.0,2.0,4.0,50.0,2.0,2.0,100.0,0.0,1.0,0.0,NYK,2.5,,,,,,,,
Peyton Watson,11/23,24-25,LAL,Away,W,127.0,102.0,35.0,1.5,2.0,O,11.0,5.0,1.0,0.0,1.0,5.0,8.0,63.0,0.0,0.0,0.0,1.0,1.0,100.0,DEN,4.0,,,,,,,,
Peyton Watson,11/22,24-25,DAL,Home,L,123.0,120.0,39.0,1.5,3.0,O,15.0,5.0,1.0,0.0,3.0,7.0,11.0,64.0,0.0,0.0,0.0,1.0,3.0,33.0,DAL,4.5,,,,,,,,
Peyton Watson,11/19,24-25,MEM,Away,W,122.0,110.0,24.0,1.5,2.0,O,15.0,5.0,2.0,1.0,1.0,6.0,10.0,60.0,1.0,1.0,100.0,2.0,5.0,40.0,DEN,6.0,,,,,,,,
Peyton Watson,11/17,24-25,MEM,Away,L,105.0,90.0,28.0,1.5,2.0,O,7.0,5.0,1.0,1.0,1.0,3.0,7.0,43.0,0.0,0.0,0.0,1.0,2.0,50.0,MEM,-6.0,,,,,,,,
Peyton Watson,11/15,24-25,NOR,Away,L,101.0,94.0,29.0,1.5,0.0,U,18.0,5.0,1.0,1.0,0.0,6.0,12.0,50.0,5.0,6.0,83.0,1.0,5.0,20.0,NOR,2.0,,,,,,,,
Peyton Watson,11/10,24-25,DAL,Home,W,122.0,120.0,39.0,1.5,1.0,U,16.0,5.0,4.0,0.0,1.0,6.0,9.0,67.0,0.0,0.0,0.0,4.0,4.0,100.0,PUSH,-2.0,,,,,,,,
Peyton Watson,11/8,24-25,MIA,Home,W,135.0,122.0,32.0,1.5,1.0,U,16.0,5.0,2.0,1.0,1.0,7.0,11.0,64.0,0.0,0.0,0.0,2.0,3.0,67.0,DEN,-3.0,,,,,,,,
Peyton Watson,11/6,24-25,OKC,Home,W,124.0,122.0,34.0,1.5,3.0,O,10.0,3.0,1.0,1.0,3.0,4.0,9.0,44.0,1.0,4.0,25.0,1.0,4.0,25.0,DEN,7.0,,,,,,,,
Peyton Watson,11/4,24-25,TOR,Home,W,121.0,119.0,30.0,1.5,1.0,U,16.0,3.0,1.0,2.0,2.0,4.0,7.0,57.0,7.0,9.0,78.0,1.0,2.0,50.0,TOR,11.0,,,,,,,,
Peyton Watson,11/2,24-25,UTH,Home,W,129.0,103.0,19.0,,1.0,,8.0,4.0,0.0,3.0,0.0,2.0,9.0,22.0,4.0,4.0,100.0,0.0,1.0,0.0,DEN,-11.0,,,,,,,,
Peyton Watson,11/1,24-25,MIN,Away,L,119.0,116.0,13.0,,0.0,,2.0,1.0,0.0,1.0,0.0,1.0,6.0,17.0,0.0,0.0,0.0,0.0,2.0,0.0,DEN,3.5,,,,,,,,
Peyton Watson,10/29,24-25,BKN,Away,W,144.0,139.0,19.0,0.5,0.0,U,7.0,2.0,1.0,0.0,0.0,3.0,5.0,60.0,0.0,0.0,0.0,1.0,2.0,50.0,BKN,5.5,,,,,,,,
Peyton Watson,10/28,24-25,TOR,Away,W,127.0,125.0,15.0,,2.0,,6.0,2.0,0.0,0.0,1.0,1.0,5.0,20.0,4.0,4.0,100.0,0.0,0.0,0.0,TOR,8.5,,,,,,,,
Peyton Watson,10/26,24-25,LAC,Home,L,109.0,104.0,11.0,,0.0,,1.0,0.0,0.0,1.0,0.0,0.0,3.0,0.0,1.0,2.0,50.0,0.0,1.0,0.0,LAC,7.5,,,,,,,,
Peyton Watson,10/24,24-25,OKC,Home,L,102.0,87.0,14.0,,1.0,,2.0,6.0,0.0,0.0,2.0,1.0,7.0,14.0,0.0,0.0,0.0,0.0,4.0,0.0,OKC,2.0,,,,,,,,
Julian Strawther,11/15,25-26,MIN,Away,W,123.0,112.0,6.0,,0.0,,0.0,1.0,0.0,0.0,0.0,0.0,2.0,0.0,0.0,0.0,0.0,0.0,2.0,0.0,DEN,1.0,,,,,,,,
Julian Strawther,11/12,25-26,LAC,Away,W,130.0,116.0,11.0,,0.0,,4.0,1.0,0.0,0.0,0.0,2.0,5.0,40.0,0.0,0.0,0.0,0.0,3.0,0.0,DEN,-4.5,,,,,,,,
Julian Strawther,11/11,25-26,SAC,Away,W,122.0,108.0,3.0,,0.0,,0.0,1.0,0.0,0.0,0.0,0.0,1.0,0.0,0.0,0.0,0.0,0.0,0.0,0.0,DEN,-6.5,,,,,,,,
Julian Strawther,11/8,25-26,IND,Home,W,117.0,100.0,21.0,,2.0,,12.0,6.0,0.0,0.0,0.0,5.0,10.0,50.0,2.0,3.0,67.0,0.0,3.0,0.0,DEN,-12.0,,,,,,,,
Julian Strawther,11/7,25-26,GSW,Home,W,129.0,104.0,6.0,,0.0,,4.0,1.0,0.0,0.0,1.0,0.0,2.0,0.0,4.0,4.0,100.0,0.0,2.0,0.0,DEN,-5.5,,,,,,,,
Julian Strawther,11/3,25-26,SAC,Home,W,130.0,124.0,7.0,,0.0,,4.0,0.0,1.0,0.0,0.0,1.0,2.0,50.0,1.0,2.0,50.0,1.0,1.0,100.0,SAC,10.5,,,,,,,,
Julian Strawther,10/29,25-26,NOR,Home,W,122.0,88.0,10.0,,2.0,,6.0,2.0,1.0,0.0,0.0,2.0,7.0,29.0,1.0,2.0,50.0,1.0,5.0,20.0,DEN,-11.5,,,,,,,,
Julian Strawther,10/27,25-26,MIN,Away,W,127.0,114.0,1.0,,0.0,,0.0,0.0,0.0,0.0,0.0,0.0,0.0,0.0,0.0,0.0,0.0,0.0,0.0,0.0,DEN,-6.5,,,,,,,,
Julian Strawther,10/25,25-26,PHO,Home,W,133.0,111.0,2.0,,0.0,,3.0,2.0,0.0,0.0,0.0,1.0,1.0,100.0,1.0,2.0,50.0,0.0,0.0,0.0,DEN,-13.0,,,,,,,,
Julian Strawther,5/15,24-25,OKC,Home,W,119.0,107.0,19.0,,0.0,,15.0,2.0,3.0,0.0,0.0,4.0,8.0,50.0,4.0,4.0,100.0,3.0,4.0,75.0,DEN,5.0,,,,,,,,
Julian Strawther,5/13,24-25,OKC,Away,L,112.0,105.0,9.0,,1.0,,3.0,2.0,1.0,1.0,0.0,1.0,2.0,50.0,0.0,0.0,0.0,1.0,2.0,50.0,DEN,10.0,,,,,,,,
Julian Strawther,5/11,24-25,OKC,Home,L,92.0,87.0,4.0,,0.0,,0.0,0.0,0.0,0.0,0.0,0.0,0.0,0.0,0.0,0.0,0.0,0.0,0.0,0.0,DEN,7.0,,,,,,,,
Julian Strawther,5/7,24-25,OKC,Away,L,149.0,106.0,14.0,,1.0,,9.0,0.0,1.0,0.0,0.0,3.0,7.0,43.0,2.0,3.0,67.0,1.0,3.0,33.0,OKC,-10.0,,,,,,,,
Julian Strawther,5/5,24-25,OKC,Away,W,121.0,119.0,5.0,,0.0,,2.0,1.0,0.0,0.0,0.0,1.0,1.0,100.0,0.0,0.0,0.0,0.0,0.0,0.0,DEN,10.5,,,,,,,,
Julian Strawther,5/3,24-25,LAC,Home,W,120.0,101.0,3.0,,0.0,,3.0,0.0,1.0,0.0,0.0,1.0,3.0,33.0,0.0,0.0,0.0,1.0,1.0,100.0,DEN,-1.5,,,,,,,,
Julian Strawther,4/29,24-25,LAC,Home,W,131.0,115.0,1.0,,0.0,,0.0,0.0,0.0,0.0,0.0,0.0,0.0,0.0,0.0,0.0,0.0,0.0,0.0,0.0,DEN,1.5,,,,,,,,
Julian Strawther,4/24,24-25,LAC,Away,L,117.0,83.0,10.0,,0.0,,0.0,1.0,0.0,0.0,1.0,0.0,1.0,0.0,0.0,0.0,0.0,0.0,0.0,0.0,LAC,-5.5,,,,,,,,
Julian Strawther,4/13,24-25,HOU,Away,W,126.0,111.0,9.0,,1.0,,9.0,0.0,0.0,1.0,0.0,2.0,5.0,40.0,5.0,6.0,83.0,0.0,1.0,0.0,DEN,-6.0,,,,,,,,
Julian Strawther,4/9,24-25,SAC,Away,W,124.0,116.0,11.0,,1.0,,1.0,7.0,0.0,0.0,0.0,0.0,3.0,0.0,1.0,2.0,50.0,0.0,2.0,0.0,DEN,-4.5,,,,,,,,
Julian Strawther,4/6,24-25,IND,Home,L,125.0,120.0,10.0,,0.0,,6.0,3.0,0.0,0.0,1.0,3.0,6.0,50.0,0.0,0.0,0.0,0.0,3.0,0.0,IND,6.0,,,,,,,,
Julian Strawther,3/2,24-25,BOS,Away,L,110.0,103.0,14.0,1.5,0.0,U,4.0,0.0,0.0,0.0,0.0,1.0,4.0,25.0,2.0,2.0,100.0,0.0,1.0,0.0,BOS,-5.0,,,,,,,,
Julian Strawther,2/28,24-25,DET,Away,W,134.0,119.0,26.0,1.5,1.0,U,6.0,1.0,0.0,1.0,0.0,3.0,7.0,43.0,0.0,1.0,0.0,0.0,3.0,0.0,DEN,-1.0,,,,,,,,
Julian Strawther,2/27,24-25,MIL,Away,L,121.0,112.0,19.0,0.5,0.0,U,12.0,0.0,2.0,0.0,0.0,5.0,8.0,63.0,0.0,0.0,0.0,2.0,4.0,50.0,MIL,3.5,,,,,,,,
Julian Strawther,2/24,24-25,IND,Away,W,125.0,116.0,14.0,1.5,2.0,O,4.0,1.0,0.0,0.0,0.0,1.0,4.0,25.0,2.0,2.0,100.0,0.0,3.0,0.0,DEN,-4.5,,,,,,,,
Julian Strawther,2/22,24-25,LAL,Home,L,123.0,100.0,11.0,1.5,2.0,O,2.0,0.0,0.0,0.0,0.0,1.0,4.0,25.0,0.0,0.0,0.0,0.0,3.0,0.0,LAL,6.5,,,,,,,,
Julian Strawther,2/20,24-25,CHA,Home,W,129.0,115.0,22.0,1.5,2.0,O,16.0,4.0,4.0,0.0,0.0,5.0,10.0,50.0,2.0,2.0,100.0,4.0,7.0,57.0,CHA,18.0,,,,,,,,
Julian Strawther,2/12,24-25,POR,Home,W,132.0,121.0,25.0,2.5,1.0,U,11.0,5.0,3.0,0.0,1.0,4.0,10.0,40.0,0.0,0.0,0.0,3.0,7.0,43.0,DEN,-8.0,,,,,,,,
Julian Strawther,2/10,24-25,POR,Home,W,146.0,117.0,34.0,1.5,3.0,O,18.0,4.0,2.0,1.0,0.0,8.0,14.0,57.0,0.0,0.0,0.0,2.0,6.0,33.0,DEN,-9.0,,,,,,,,
Julian Strawther,2/8,24-25,PHO,Away,W,122.0,105.0,38.0,2.5,0.0,U,18.0,6.0,4.0,1.0,0.0,6.0,15.0,40.0,2.0,2.0,100.0,4.0,10.0,40.0,DEN,-6.5,,,,,,,,
Julian Strawther,2/6,24-25,ORL,Home,W,112.0,90.0,31.0,2.5,3.0,O,2.0,3.0,0.0,1.0,0.0,1.0,8.0,13.0,0.0,0.0,0.0,0.0,4.0,0.0,DEN,-6.0,,,,,,,,
Julian Strawther,2/5,24-25,NOR,Home,W,144.0,119.0,24.0,1.5,1.0,U,10.0,2.0,2.0,0.0,0.0,4.0,10.0,40.0,0.0,0.0,0.0,2.0,6.0,33.0,DEN,-11.0,,,,,,,,
Julian Strawther,2/3,24-25,NOR,Home,W,125.0,113.0,23.0,1.5,2.0,O,15.0,3.0,1.0,2.0,0.0,6.0,10.0,60.0,2.0,4.0,50.0,1.0,5.0,20.0,DEN,-9.5,,,,,,,,
Julian Strawther,2/1,24-25,CHA,Away,W,107.0,104.0,23.0,1.5,1.0,U,5.0,1.0,1.0,0.0,1.0,2.0,8.0,25.0,0.0,0.0,0.0,1.0,6.0,17.0,CHA,12.5,,,,,,,,
Julian Strawther,1/31,24-25,PHI,Away,W,137.0,134.0,18.0,0.5,0.0,U,18.0,2.0,4.0,1.0,0.0,6.0,7.0,86.0,2.0,2.0,100.0,4.0,5.0,80.0,PHI,9.5,,,,,,,,
Julian Strawther,1/29,24-25,NYK,Away,L,122.0,112.0,19.0,1.5,0.0,U,5.0,4.0,1.0,0.0,1.0,2.0,6.0,33.0,0.0,0.0,0.0,1.0,4.0,25.0,NYK,-2.5,,,,,,,,
Julian Strawther,1/27,24-25,CHI,Away,L,129.0,121.0,15.0,1.5,0.0,U,0.0,2.0,0.0,1.0,0.0,0.0,4.0,0.0,0.0,0.0,0.0,0.0,2.0,0.0,CHI,9.5,,,,,,,,
Julian Strawther,1/25,24-25,MIN,Away,L,133.0,104.0,18.0,1.5,1.0,U,2.0,1.0,0.0,1.0,0.0,1.0,7.0,14.0,0.0,2.0,0.0,0.0,3.0,0.0,MIN,3.5,,,,,,,,
Julian Strawther,1/23,24-25,SAC,Home,W,132.0,123.0,19.0,1.5,2.0,O,9.0,0.0,2.0,1.0,0.0,3.0,9.0,33.0,1.0,1.0,100.0,2.0,6.0,33.0,DEN,-7.5,,,,,,,,
Julian Strawther,1/21,24-25,PHI,Home,W,144.0,109.0,26.0,1.5,2.0,O,23.0,2.0,5.0,0.0,0.0,8.0,14.0,57.0,2.0,2.0,100.0,5.0,9.0,56.0,DEN,-12.0,,,,,,,,
Julian Strawther,1/19,24-25,ORL,Away,W,113.0,100.0,25.0,0.5,1.0,O,7.0,3.0,1.0,2.0,0.0,2.0,8.0,25.0,2.0,2.0,100.0,1.0,4.0,25.0,DEN,-7.5,,,,,,,,
Julian Strawther,1/17,24-25,MIA,Away,W,133.0,113.0,25.0,1.5,1.0,U,14.0,1.0,4.0,0.0,0.0,5.0,9.0,56.0,0.0,1.0,0.0,4.0,7.0,57.0,DEN,-3.5,,,,,,,,
Julian Strawther,1/15,24-25,HOU,Home,L,128.0,108.0,24.0,1.5,3.0,O,10.0,1.0,2.0,0.0,0.0,3.0,9.0,33.0,2.0,2.0,100.0,2.0,6.0,33.0,HOU,-5.5,,,,,,,,
Julian Strawther,1/14,24-25,DAL,Away,W,118.0,99.0,17.0,1.5,3.0,O,3.0,3.0,1.0,0.0,0.0,1.0,3.0,33.0,0.0,0.0,0.0,1.0,3.0,33.0,DEN,-3.0,,,,,,,,
Julian Strawther,1/12,24-25,DAL,Away,W,112.0,101.0,25.0,1.5,1.0,U,5.0,0.0,1.0,1.0,0.0,2.0,9.0,22.0,0.0,0.0,0.0,1.0,5.0,20.0,DEN,-5.5,,,,,,,,
Julian Strawther,1/10,24-25,BKN,Home,W,124.0,105.0,31.0,1.5,0.0,U,12.0,1.0,2.0,0.0,0.0,4.0,9.0,44.0,2.0,2.0,100.0,2.0,5.0,40.0,DEN,-15.0,,,,,,,,
Julian Strawther,1/8,24-25,LAC,Home,W,126.0,103.0,31.0,1.5,2.0,O,16.0,4.0,4.0,0.0,0.0,5.0,10.0,50.0,2.0,2.0,100.0,4.0,8.0,50.0,DEN,4.0,,,,,,,,
Julian Strawther,1/7,24-25,BOS,Home,L,118.0,106.0,26.0,1.5,2.0,O,19.0,2.0,3.0,1.0,0.0,8.0,15.0,53.0,0.0,0.0,0.0,3.0,6.0,50.0,BOS,-10.5,,,,,,,,
Julian Strawther,1/4,24-25,SAS,Away,W,122.0,111.0,25.0,1.5,2.0,O,5.0,5.0,1.0,0.0,0.0,1.0,9.0,11.0,2.0,2.0,100.0,1.0,5.0,20.0,DEN,-2.5,,,,,,,,
Julian Strawther,1/3,24-25,SAS,Home,L,113.0,110.0,22.0,1.5,1.0,U,11.0,1.0,3.0,1.0,0.0,4.0,7.0,57.0,0.0,0.0,0.0,3.0,6.0,50.0,SAS,6.0,,,,,,,,
Julian Strawther,1/1,24-25,ATL,Home,W,139.0,120.0,30.0,1.5,2.0,O,13.0,6.0,1.0,2.0,1.0,6.0,12.0,50.0,0.0,0.0,0.0,1.0,5.0,20.0,DEN,-8.5,,,,,,,,
Julian Strawther,12/30,24-25,UTH,Away,W,132.0,121.0,17.0,1.5,1.0,U,4.0,2.0,0.0,1.0,0.0,1.0,5.0,20.0,2.0,2.0,100.0,0.0,3.0,0.0,DEN,-7.5,,,,,,,,
Julian Strawther,12/28,24-25,DET,Home,W,134.0,121.0,22.0,1.5,1.0,U,6.0,3.0,0.0,1.0,0.0,3.0,9.0,33.0,0.0,0.0,0.0,0.0,4.0,0.0,DEN,-6.0,,,,,,,,
Julian Strawther,12/27,24-25,CLE,Home,L,149.0,135.0,23.0,1.5,0.0,U,11.0,2.0,1.0,0.0,0.0,4.0,7.0,57.0,2.0,2.0,100.0,1.0,2.0,50.0,CLE,-3.5,,,,,,,,
Julian Strawther,12/25,24-25,PHO,Away,L,110.0,100.0,17.0,0.5,1.0,O,5.0,2.0,1.0,0.0,0.0,2.0,4.0,50.0,0.0,0.0,0.0,1.0,2.0,50.0,PHO,2.5,,,,,,,,
Julian Strawther,12/23,24-25,PHO,Home,W,117.0,90.0,18.0,1.5,1.0,U,9.0,2.0,3.0,1.0,0.0,3.0,9.0,33.0,0.0,0.0,0.0,3.0,7.0,43.0,DEN,-4.5,,,,,,,,
Julian Strawther,12/22,24-25,NOR,Away,W,132.0,129.0,20.0,,1.0,,13.0,1.0,1.0,0.0,1.0,4.0,8.0,50.0,4.0,4.0,100.0,1.0,5.0,20.0,NOR,8.5,,,,,,,,
Julian Strawther,12/19,24-25,POR,Away,L,126.0,124.0,9.0,1.5,1.0,U,6.0,0.0,2.0,0.0,0.0,2.0,4.0,50.0,0.0,0.0,0.0,2.0,4.0,50.0,POR,8.5,,,,,,,,
Julian Strawther,12/16,24-25,SAC,Away,W,130.0,129.0,23.0,1.5,1.0,U,13.0,4.0,1.0,0.0,1.0,6.0,12.0,50.0,0.0,0.0,0.0,1.0,4.0,25.0,DEN,1.0,,,,,,,,
Julian Strawther,12/13,24-25,LAC,Home,W,120.0,98.0,25.0,1.5,2.0,O,12.0,4.0,0.0,0.0,0.0,3.0,6.0,50.0,6.0,7.0,86.0,0.0,2.0,0.0,DEN,-7.0,,,,,,,,
Julian Strawther,12/8,24-25,ATL,Away,W,141.0,111.0,21.0,,3.0,,13.0,2.0,3.0,0.0,0.0,5.0,6.0,83.0,0.0,0.0,0.0,3.0,4.0,75.0,DEN,1.0,,,,,,,,
Julian Strawther,12/7,24-25,WAS,Away,L,122.0,113.0,32.0,1.5,2.0,O,18.0,3.0,2.0,3.0,2.0,7.0,13.0,54.0,2.0,2.0,100.0,2.0,5.0,40.0,WAS,11.5,,,,,,,,
Julian Strawther,12/5,24-25,CLE,Away,L,126.0,114.0,11.0,1.5,0.0,U,2.0,0.0,0.0,0.0,0.0,1.0,4.0,25.0,0.0,0.0,0.0,0.0,2.0,0.0,CLE,-3.5,,,,,,,,
Julian Strawther,12/3,24-25,GSW,Home,W,119.0,115.0,19.0,1.5,3.0,O,5.0,1.0,1.0,1.0,0.0,2.0,7.0,29.0,0.0,0.0,0.0,1.0,4.0,25.0,GSW,5.0,,,,,,,,
Julian Strawther,12/1,24-25,LAC,Away,L,126.0,122.0,18.0,1.5,2.0,O,15.0,2.0,2.0,0.0,0.0,6.0,7.0,86.0,1.0,1.0,100.0,2.0,3.0,67.0,LAC,3.0,,,,,,,,
Julian Strawther,11/27,24-25,UTH,Away,W,122.0,103.0,15.0,1.5,1.0,U,9.0,0.0,2.0,0.0,1.0,2.0,4.0,50.0,3.0,4.0,75.0,2.0,4.0,50.0,DEN,-11.0,,,,,,,,
Julian Strawther,11/25,24-25,NYK,Home,L,145.0,118.0,22.0,1.5,1.0,U,4.0,2.0,0.0,0.0,0.0,1.0,4.0,25.0,2.0,2.0,100.0,0.0,1.0,0.0,NYK,2.5,,,,,,,,
Julian Strawther,11/23,24-25,LAL,Away,W,127.0,102.0,19.0,1.5,1.0,U,6.0,2.0,2.0,0.0,0.0,2.0,3.0,67.0,0.0,0.0,0.0,2.0,2.0,100.0,DEN,4.0,,,,,,,,
Julian Strawther,11/22,24-25,DAL,Home,L,123.0,120.0,16.0,1.5,0.0,U,3.0,0.0,0.0,1.0,0.0,0.0,2.0,0.0,3.0,3.0,100.0,0.0,0.0,0.0,DAL,4.5,,,,,,,,
Julian Strawther,11/19,24-25,MEM,Away,W,122.0,110.0,20.0,1.5,0.0,U,6.0,5.0,1.0,2.0,1.0,2.0,7.0,29.0,1.0,2.0,50.0,1.0,4.0,25.0,DEN,6.0,,,,,,,,
Julian Strawther,11/17,24-25,MEM,Away,L,105.0,90.0,24.0,,3.0,,19.0,4.0,4.0,1.0,1.0,6.0,13.0,46.0,3.0,4.0,75.0,4.0,7.0,57.0,MEM,-6.0,,,,,,,,
Julian Strawther,11/15,24-25,NOR,Away,L,101.0,94.0,20.0,,0.0,,5.0,3.0,1.0,0.0,0.0,1.0,6.0,17.0,2.0,2.0,100.0,1.0,4.0,25.0,NOR,2.0,,,,,,,,
Julian Strawther,11/10,24-25,DAL,Home,W,122.0,120.0,23.0,1.5,1.0,U,12.0,1.0,2.0,1.0,2.0,4.0,9.0,44.0,2.0,3.0,67.0,2.0,5.0,40.0,PUSH,-2.0,,,,,,,,
Julian Strawther,11/8,24-25,MIA,Home,W,135.0,122.0,24.0,1.5,0.0,U,6.0,1.0,0.0,0.0,1.0,3.0,8.0,38.0,0.0,0.0,0.0,0.0,3.0,0.0,DEN,-3.0,,,,,,,,
Julian Strawther,11/6,24-25,OKC,Home,W,124.0,122.0,27.0,1.5,6.0,O,9.0,5.0,1.0,0.0,0.0,3.0,11.0,27.0,2.0,2.0,100.0,1.0,7.0,14.0,DEN,7.0,,,,,,,,
Julian Strawther,11/4,24-25,TOR,Home,W,121.0,119.0,25.0,1.5,3.0,O,13.0,2.0,2.0,2.0,1.0,4.0,10.0,40.0,3.0,4.0,75.0,2.0,4.0,50.0,TOR,11.0,,,,,,,,
Julian Strawther,11/2,24-25,UTH,Home,W,129.0,103.0,19.0,,0.0,,19.0,2.0,3.0,2.0,0.0,7.0,11.0,64.0,2.0,2.0,100.0,3.0,6.0,50.0,DEN,-11.0,,,,,,,,
Julian Strawther,11/1,24-25,MIN,Away,L,119.0,116.0,16.0,1.5,1.0,U,4.0,1.0,0.0,1.0,0.0,1.0,4.0,25.0,2.0,3.0,67.0,0.0,2.0,0.0,DEN,3.5,,,,,,,,
Julian Strawther,10/29,24-25,BKN,Away,W,144.0,139.0,22.0,1.5,0.0,U,7.0,4.0,1.0,1.0,0.0,3.0,6.0,50.0,0.0,0.0,0.0,1.0,3.0,33.0,BKN,5.5,,,,,,,,
Julian Strawther,10/28,24-25,TOR,Away,W,127.0,125.0,22.0,1.5,0.0,U,9.0,2.0,2.0,0.0,0.0,3.0,3.0,100.0,1.0,2.0,50.0,2.0,2.0,100.0,TOR,8.5,,,,,,,,
Julian Strawther,10/26,24-25,LAC,Home,L,109.0,104.0,16.0,,3.0,,8.0,2.0,2.0,2.0,0.0,3.0,5.0,60.0,0.0,0.0,0.0,2.0,2.0,100.0,LAC,7.5,,,,,,,,
Julian Strawther,10/24,24-25,OKC,Home,L,102.0,87.0,17.0,,1.0,,6.0,0.0,0.0,1.0,0.0,3.0,6.0,50.0,0.0,0.0,0.0,0.0,2.0,0.0,OKC,2.0,,,,,,,,
Zeke Nnaji,11/12,25-26,LAC,Away,W,130.0,116.0,3.0,,1.0,,0.0,0.0,0.0,0.0,0.0,0.0,0.0,0.0,0.0,0.0,0.0,0.0,0.0,0.0,DEN,-4.5,,,,,,,,
Zeke Nnaji,11/8,25-26,IND,Home,W,117.0,100.0,3.0,,0.0,,0.0,1.0,0.0,0.0,0.0,0.0,1.0,0.0,0.0,0.0,0.0,0.0,1.0,0.0,DEN,-12.0,,,,,,,,
Zeke Nnaji,11/7,25-26,GSW,Home,W,129.0,104.0,4.0,,0.0,,5.0,0.0,1.0,0.0,0.0,2.0,2.0,100.0,0.0,1.0,0.0,1.0,1.0,100.0,DEN,-5.5,,,,,,,,
Zeke Nnaji,10/29,25-26,NOR,Home,W,122.0,88.0,6.0,,0.0,,4.0,1.0,0.0,0.0,0.0,2.0,3.0,67.0,0.0,0.0,0.0,0.0,1.0,0.0,DEN,-11.5,,,,,,,,
Zeke Nnaji,10/27,25-26,MIN,Away,W,127.0,114.0,1.0,,0.0,,0.0,0.0,0.0,0.0,0.0,0.0,1.0,0.0,0.0,0.0,0.0,0.0,1.0,0.0,DEN,-6.5,,,,,,,,
Zeke Nnaji,10/25,25-26,PHO,Home,W,133.0,111.0,2.0,,1.0,,2.0,0.0,0.0,0.0,0.0,0.0,0.0,0.0,2.0,2.0,100.0,0.0,0.0,0.0,DEN,-13.0,,,,,,,,
Zeke Nnaji,5/9,24-25,OKC,Home,W,113.0,104.0,2.0,,0.0,,0.0,0.0,0.0,0.0,0.0,0.0,0.0,0.0,0.0,0.0,0.0,0.0,0.0,0.0,DEN,6.0,,,,,,,,
Zeke Nnaji,5/7,24-25,OKC,Away,L,149.0,106.0,13.0,,2.0,,4.0,3.0,1.0,0.0,1.0,1.0,4.0,25.0,1.0,2.0,50.0,1.0,2.0,50.0,OKC,-10.0,,,,,,,,
Zeke Nnaji,5/3,24-25,LAC,Home,W,120.0,101.0,2.0,,0.0,,0.0,1.0,0.0,0.0,0.0,0.0,0.0,0.0,0.0,0.0,0.0,0.0,0.0,0.0,DEN,-1.5,,,,,,,,
Zeke Nnaji,4/29,24-25,LAC,Home,W,131.0,115.0,1.0,,0.0,,2.0,0.0,0.0,0.0,1.0,0.0,0.0,0.0,2.0,3.0,67.0,0.0,0.0,0.0,DEN,1.5,,,,,,,,
Zeke Nnaji,4/24,24-25,LAC,Away,L,117.0,83.0,4.0,,0.0,,1.0,1.0,0.0,1.0,0.0,0.0,2.0,0.0,1.0,2.0,50.0,0.0,2.0,0.0,LAC,-5.5,,,,,,,,
Zeke Nnaji,4/13,24-25,HOU,Away,W,126.0,111.0,6.0,,0.0,,1.0,1.0,0.0,0.0,0.0,0.0,1.0,0.0,1.0,2.0,50.0,0.0,1.0,0.0,DEN,-6.0,,,,,,,,
Zeke Nnaji,4/4,24-25,GSW,Away,L,118.0,104.0,6.0,,0.0,,0.0,0.0,0.0,2.0,0.0,0.0,0.0,0.0,0.0,0.0,0.0,0.0,0.0,0.0,GSW,-3.0,,,,,,,,
Zeke Nnaji,4/2,24-25,SAS,Home,L,113.0,106.0,22.0,1.5,1.0,U,8.0,3.0,1.0,0.0,0.0,2.0,6.0,33.0,3.0,4.0,75.0,1.0,3.0,33.0,SAS,2.5,,,,,,,,
Zeke Nnaji,4/1,24-25,MIN,Home,L,140.0,139.0,11.0,,1.0,,0.0,0.0,0.0,0.0,0.0,0.0,0.0,0.0,0.0,0.0,0.0,0.0,0.0,0.0,MIN,1.5,,,,,,,,
Zeke Nnaji,3/28,24-25,UTH,Home,W,129.0,93.0,17.0,,1.0,,10.0,1.0,2.0,2.0,3.0,3.0,3.0,100.0,2.0,2.0,100.0,2.0,2.0,100.0,DEN,-18.5,,,,,,,,
Zeke Nnaji,3/24,24-25,CHI,Home,L,129.0,119.0,12.0,0.5,2.0,O,7.0,3.0,1.0,0.0,3.0,3.0,6.0,50.0,0.0,0.0,0.0,1.0,2.0,50.0,CHI,2.5,,,,,,,,
Zeke Nnaji,3/23,24-25,HOU,Away,W,116.0,111.0,11.0,,1.0,,2.0,0.0,0.0,1.0,0.0,1.0,2.0,50.0,0.0,2.0,0.0,0.0,1.0,0.0,DEN,7.5,,,,,,,,
Zeke Nnaji,3/21,24-25,POR,Away,L,128.0,109.0,12.0,,1.0,,0.0,1.0,0.0,3.0,1.0,0.0,1.0,0.0,0.0,0.0,0.0,0.0,1.0,0.0,POR,2.5,,,,,,,,
Zeke Nnaji,3/19,24-25,LAL,Away,L,120.0,108.0,9.0,0.5,0.0,U,0.0,2.0,0.0,0.0,0.0,0.0,6.0,0.0,0.0,0.0,0.0,0.0,2.0,0.0,LAL,-5.0,,,,,,,,
Zeke Nnaji,3/17,24-25,GSW,Away,W,114.0,105.0,10.0,0.5,0.0,U,7.0,3.0,1.0,1.0,0.0,2.0,2.0,100.0,2.0,2.0,100.0,1.0,1.0,100.0,DEN,10.5,,,,,,,,
Zeke Nnaji,3/15,24-25,WAS,Home,L,126.0,123.0,20.0,,2.0,,6.0,1.0,0.0,1.0,3.0,2.0,5.0,40.0,2.0,3.0,67.0,0.0,2.0,0.0,WAS,11.5,,,,,,,,
Zeke Nnaji,3/14,24-25,LAL,Home,W,131.0,126.0,16.0,,0.0,,4.0,5.0,0.0,0.0,1.0,2.0,5.0,40.0,0.0,0.0,0.0,0.0,0.0,0.0,LAL,15.0,,,,,,,,
Zeke Nnaji,3/12,24-25,MIN,Home,L,115.0,95.0,11.0,0.5,0.0,U,0.0,3.0,0.0,0.0,2.0,0.0,1.0,0.0,0.0,0.0,0.0,0.0,0.0,0.0,MIN,2.5,,,,,,,,
Zeke Nnaji,3/10,24-25,OKC,Away,W,140.0,127.0,11.0,0.5,3.0,O,0.0,3.0,0.0,1.0,0.0,0.0,0.0,0.0,0.0,0.0,0.0,0.0,0.0,0.0,DEN,8.5,,,,,,,,
Zeke Nnaji,3/9,24-25,OKC,Away,L,127.0,103.0,22.0,,0.0,,3.0,1.0,0.0,0.0,1.0,0.0,1.0,0.0,3.0,4.0,75.0,0.0,0.0,0.0,OKC,-7.5,,,,,,,,
Zeke Nnaji,3/7,24-25,PHO,Home,W,149.0,141.0,13.0,,0.0,,6.0,1.0,1.0,0.0,0.0,2.0,4.0,50.0,1.0,2.0,50.0,1.0,2.0,50.0,PHO,9.0,,,,,,,,
Zeke Nnaji,3/5,24-25,SAC,Home,W,116.0,110.0,18.0,,0.0,,10.0,3.0,1.0,1.0,3.0,4.0,7.0,57.0,1.0,2.0,50.0,1.0,3.0,33.0,SAC,8.5,,,,,,,,
Zeke Nnaji,3/2,24-25,BOS,Away,L,110.0,103.0,8.0,0.5,0.0,U,3.0,0.0,1.0,1.0,0.0,1.0,1.0,100.0,0.0,0.0,0.0,1.0,1.0,100.0,BOS,-5.0,,,,,,,,
Zeke Nnaji,2/28,24-25,DET,Away,W,134.0,119.0,20.0,,2.0,,8.0,2.0,2.0,0.0,3.0,2.0,2.0,100.0,2.0,4.0,50.0,2.0,2.0,100.0,DEN,-1.0,,,,,,,,
Zeke Nnaji,2/27,24-25,MIL,Away,L,121.0,112.0,8.0,,0.0,,2.0,2.0,0.0,1.0,1.0,1.0,1.0,100.0,0.0,0.0,0.0,0.0,0.0,0.0,MIL,3.5,,,,,,,,
Zeke Nnaji,2/24,24-25,IND,Away,W,125.0,116.0,23.0,0.5,0.0,U,14.0,3.0,1.0,0.0,2.0,6.0,8.0,75.0,1.0,2.0,50.0,1.0,1.0,100.0,DEN,-4.5,,,,,,,,
Zeke Nnaji,2/22,24-25,LAL,Home,L,123.0,100.0,14.0,,0.0,,0.0,2.0,0.0,1.0,0.0,0.0,1.0,0.0,0.0,0.0,0.0,0.0,0.0,0.0,LAL,6.5,,,,,,,,
Zeke Nnaji,2/20,24-25,CHA,Home,W,129.0,115.0,15.0,,0.0,,4.0,3.0,0.0,1.0,0.0,2.0,3.0,67.0,0.0,0.0,0.0,0.0,1.0,0.0,CHA,18.0,,,,,,,,
Zeke Nnaji,2/12,24-25,POR,Home,W,132.0,121.0,36.0,1.5,1.0,U,16.0,5.0,2.0,3.0,4.0,6.0,9.0,67.0,2.0,4.0,50.0,2.0,4.0,50.0,DEN,-8.0,,,,,,,,
Zeke Nnaji,2/10,24-25,POR,Home,W,146.0,117.0,18.0,0.5,3.0,O,11.0,5.0,1.0,1.0,0.0,4.0,5.0,80.0,2.0,2.0,100.0,1.0,1.0,100.0,DEN,-9.0,,,,,,,,
Zeke Nnaji,2/8,24-25,PHO,Away,W,122.0,105.0,20.0,0.5,1.0,O,4.0,5.0,0.0,2.0,0.0,1.0,4.0,25.0,2.0,2.0,100.0,0.0,2.0,0.0,DEN,-6.5,,,,,,,,
Zeke Nnaji,2/6,24-25,ORL,Home,W,112.0,90.0,20.0,,0.0,,3.0,6.0,1.0,1.0,1.0,1.0,7.0,14.0,0.0,0.0,0.0,1.0,4.0,25.0,DEN,-6.0,,,,,,,,
Zeke Nnaji,2/5,24-25,NOR,Home,W,144.0,119.0,9.0,,0.0,,4.0,5.0,0.0,0.0,1.0,2.0,3.0,67.0,0.0,0.0,0.0,0.0,1.0,0.0,DEN,-11.0,,,,,,,,
Zeke Nnaji,2/3,24-25,NOR,Home,W,125.0,113.0,31.0,1.5,0.0,U,12.0,5.0,2.0,0.0,1.0,5.0,9.0,56.0,0.0,0.0,0.0,2.0,4.0,50.0,DEN,-9.5,,,,,,,,
Zeke Nnaji,2/1,24-25,CHA,Away,W,107.0,104.0,22.0,,0.0,,6.0,3.0,0.0,1.0,5.0,3.0,4.0,75.0,0.0,0.0,0.0,0.0,1.0,0.0,CHA,12.5,,,,,,,,
Zeke Nnaji,1/25,24-25,MIN,Away,L,133.0,104.0,5.0,,0.0,,2.0,1.0,0.0,0.0,0.0,1.0,3.0,33.0,0.0,0.0,0.0,0.0,1.0,0.0,MIN,3.5,,,,,,,,
Zeke Nnaji,1/21,24-25,PHI,Home,W,144.0,109.0,5.0,,0.0,,0.0,2.0,0.0,0.0,1.0,0.0,0.0,0.0,0.0,0.0,0.0,0.0,0.0,0.0,DEN,-12.0,,,,,,,,
Zeke Nnaji,1/19,24-25,ORL,Away,W,113.0,100.0,2.0,,0.0,,0.0,1.0,0.0,0.0,0.0,0.0,0.0,0.0,0.0,0.0,0.0,0.0,0.0,0.0,DEN,-7.5,,,,,,,,
Zeke Nnaji,1/17,24-25,MIA,Away,W,133.0,113.0,2.0,,0.0,,0.0,0.0,0.0,0.0,0.0,0.0,0.0,0.0,0.0,0.0,0.0,0.0,0.0,0.0,DEN,-3.5,,,,,,,,
Zeke Nnaji,1/15,24-25,HOU,Home,L,128.0,108.0,5.0,,0.0,,2.0,1.0,0.0,0.0,0.0,1.0,1.0,100.0,0.0,0.0,0.0,0.0,0.0,0.0,HOU,-5.5,,,,,,,,
Zeke Nnaji,1/14,24-25,DAL,Away,W,118.0,99.0,3.0,,0.0,,4.0,1.0,0.0,0.0,0.0,1.0,1.0,100.0,2.0,2.0,100.0,0.0,0.0,0.0,DEN,-3.0,,,,,,,,
Zeke Nnaji,1/8,24-25,LAC,Home,W,126.0,103.0,4.0,,0.0,,2.0,0.0,0.0,0.0,0.0,1.0,1.0,100.0,0.0,0.0,0.0,0.0,0.0,0.0,DEN,4.0,,,,,,,,
Zeke Nnaji,1/7,24-25,BOS,Home,L,118.0,106.0,4.0,,0.0,,0.0,0.0,0.0,0.0,0.0,0.0,2.0,0.0,0.0,0.0,0.0,0.0,0.0,0.0,BOS,-10.5,,,,,,,,
Zeke Nnaji,1/1,24-25,ATL,Home,W,139.0,120.0,3.0,,0.0,,2.0,0.0,0.0,0.0,0.0,1.0,2.0,50.0,0.0,0.0,0.0,0.0,0.0,0.0,DEN,-8.5,,,,,,,,
Zeke Nnaji,12/27,24-25,CLE,Home,L,149.0,135.0,1.0,,0.0,,0.0,0.0,0.0,0.0,0.0,0.0,0.0,0.0,0.0,0.0,0.0,0.0,0.0,0.0,CLE,-3.5,,,,,,,,
Zeke Nnaji,12/23,24-25,PHO,Home,W,117.0,90.0,4.0,,0.0,,0.0,0.0,0.0,0.0,0.0,0.0,1.0,0.0,0.0,0.0,0.0,0.0,1.0,0.0,DEN,-4.5,,,,,,,,
Zeke Nnaji,12/13,24-25,LAC,Home,W,120.0,98.0,3.0,,1.0,,2.0,0.0,0.0,0.0,0.0,1.0,1.0,100.0,0.0,0.0,0.0,0.0,0.0,0.0,DEN,-7.0,,,,,,,,
Zeke Nnaji,12/8,24-25,ATL,Away,W,141.0,111.0,2.0,,0.0,,2.0,0.0,0.0,0.0,0.0,1.0,2.0,50.0,0.0,1.0,0.0,0.0,0.0,0.0,DEN,1.0,,,,,,,,
Zeke Nnaji,12/5,24-25,CLE,Away,L,126.0,114.0,2.0,,0.0,,0.0,0.0,0.0,0.0,0.0,0.0,0.0,0.0,0.0,0.0,0.0,0.0,0.0,0.0,CLE,-3.5,,,,,,,,
Zeke Nnaji,12/3,24-25,GSW,Home,W,119.0,115.0,5.0,,0.0,,2.0,0.0,0.0,0.0,0.0,1.0,1.0,100.0,0.0,0.0,0.0,0.0,0.0,0.0,GSW,5.0,,,,,,,,
Zeke Nnaji,11/27,24-25,UTH,Away,W,122.0,103.0,1.0,,0.0,,0.0,0.0,0.0,0.0,0.0,0.0,0.0,0.0,0.0,0.0,0.0,0.0,0.0,0.0,DEN,-11.0,,,,,,,,
Zeke Nnaji,11/25,24-25,NYK,Home,L,145.0,118.0,3.0,,0.0,,0.0,0.0,0.0,0.0,0.0,0.0,3.0,0.0,0.0,0.0,0.0,0.0,1.0,0.0,NYK,2.5,,,,,,,,
Zeke Nnaji,11/23,24-25,LAL,Away,W,127.0,102.0,2.0,,0.0,,0.0,0.0,0.0,0.0,0.0,0.0,1.0,0.0,0.0,0.0,0.0,0.0,1.0,0.0,DEN,4.0,,,,,,,,
Zeke Nnaji,11/19,24-25,MEM,Away,W,122.0,110.0,5.0,,0.0,,2.0,0.0,0.0,0.0,0.0,1.0,2.0,50.0,0.0,0.0,0.0,0.0,1.0,0.0,DEN,6.0,,,,,,,,
Zeke Nnaji,11/17,24-25,MEM,Away,L,105.0,90.0,1.0,,0.0,,0.0,1.0,0.0,0.0,0.0,0.0,0.0,0.0,0.0,0.0,0.0,0.0,0.0,0.0,MEM,-6.0,,,,,,,,
Zeke Nnaji,11/15,24-25,NOR,Away,L,101.0,94.0,5.0,,0.0,,0.0,0.0,0.0,1.0,0.0,0.0,2.0,0.0,0.0,0.0,0.0,0.0,1.0,0.0,NOR,2.0,,,,,,,,
Zeke Nnaji,11/10,24-25,DAL,Home,W,122.0,120.0,9.0,,1.0,,2.0,2.0,0.0,0.0,0.0,1.0,2.0,50.0,0.0,2.0,0.0,0.0,1.0,0.0,PUSH,-2.0,,,,,,,,
Zeke Nnaji,11/8,24-25,MIA,Home,W,135.0,122.0,3.0,,0.0,,0.0,1.0,0.0,0.0,0.0,0.0,0.0,0.0,0.0,0.0,0.0,0.0,0.0,0.0,DEN,-3.0,,,,,,,,
Zeke Nnaji,11/6,24-25,OKC,Home,W,124.0,122.0,10.0,,0.0,,3.0,2.0,0.0,0.0,0.0,1.0,2.0,50.0,1.0,2.0,50.0,0.0,1.0,0.0,DEN,7.0,,,,,,,,
Zeke Nnaji,11/4,24-25,TOR,Home,W,121.0,119.0,13.0,,1.0,,2.0,1.0,0.0,0.0,1.0,1.0,3.0,33.0,0.0,0.0,0.0,0.0,1.0,0.0,TOR,11.0,,,,,,,,
Zeke Nnaji,11/2,24-25,UTH,Home,W,129.0,103.0,4.0,,1.0,,6.0,0.0,0.0,0.0,1.0,3.0,3.0,100.0,0.0,0.0,0.0,0.0,0.0,0.0,DEN,-11.0,,,,,,,,
Zeke Nnaji,10/24,24-25,OKC,Home,L,102.0,87.0,1.0,,0.0,,0.0,0.0,0.0,0.0,0.0,0.0,1.0,0.0,0.0,0.0,0.0,0.0,1.0,0.0,OKC,2.0,,,,,,,,
Reggie Jackson,,25-26,,,,,,,,,,,,,,,,,,,,,,,,,,"Click to view system
P.J. Washington Jr. + Others Points Overs (0%+ Hit Rate L5)",-1.59u,115-84-3 (58%),,,,,
Reggie Jackson,,25-26,,,,,,,,,,,,,,,,,,,,,,,,,,"Click to view system
Click to go premium",,,,,,,
Reggie Jackson,,25-26,,,,,,,,,,,,,,,,,,,,,,,,,,"Click to view system
Click to go premium",,,,,,,
Reggie Jackson,,25-26,,,,,,,,,,,,,,,,,,,,,,,,,,"Click to view system
Click to go premium",,,,,,,
Reggie Jackson,2/5,24-25,MIA,Home,L,108.0,101.0,12.0,,1.0,,10.0,1.0,2.0,1.0,0.0,4.0,4.0,100.0,0.0,0.0,0.0,2.0,2.0,100.0,,,,,,,,,,
Reggie Jackson,2/4,24-25,DAL,Home,L,118.0,116.0,14.0,,1.0,,2.0,0.0,0.0,1.0,0.0,1.0,3.0,33.0,0.0,0.0,0.0,0.0,1.0,0.0,,,,,,,,,,
Reggie Jackson,2/2,24-25,BOS,Home,L,118.0,110.0,13.0,,1.0,,6.0,2.0,1.0,1.0,0.0,2.0,9.0,22.0,1.0,2.0,50.0,1.0,6.0,17.0,,,,,,,,,,
Reggie Jackson,1/31,24-25,DEN,Home,L,137.0,134.0,16.0,1.5,2.0,O,2.0,2.0,0.0,0.0,0.0,1.0,4.0,25.0,0.0,0.0,0.0,0.0,1.0,0.0,,,,,,,,,,
Reggie Jackson,1/29,24-25,SAC,Home,L,117.0,104.0,16.0,,2.0,,9.0,4.0,1.0,0.0,0.0,4.0,8.0,50.0,0.0,0.0,0.0,1.0,3.0,33.0,,,,,,,,,,
Reggie Jackson,1/28,24-25,LAL,Home,L,118.0,104.0,11.0,,1.0,,0.0,2.0,0.0,1.0,0.0,0.0,4.0,0.0,0.0,0.0,0.0,0.0,2.0,0.0,,,,,,,,,,
Reggie Jackson,1/25,24-25,CHI,Away,L,109.0,97.0,15.0,,0.0,,12.0,1.0,2.0,0.0,0.0,5.0,10.0,50.0,0.0,0.0,0.0,2.0,5.0,40.0,,,,,,,,,,
Reggie Jackson,1/21,24-25,DEN,Away,L,144.0,109.0,10.0,,0.0,,2.0,0.0,0.0,0.0,0.0,1.0,2.0,50.0,0.0,0.0,0.0,0.0,0.0,0.0,,,,,,,,,,
Reggie Jackson,1/14,24-25,OKC,Home,L,118.0,102.0,16.0,4.5,4.0,U,4.0,2.0,0.0,1.0,0.0,2.0,5.0,40.0,0.0,0.0,0.0,0.0,3.0,0.0,,,,,,,,,,
Reggie Jackson,1/12,24-25,ORL,Away,L,104.0,99.0,11.0,,1.0,,4.0,0.0,0.0,1.0,0.0,1.0,2.0,50.0,2.0,2.0,100.0,0.0,0.0,0.0,,,,,,,,,,
Reggie Jackson,1/10,24-25,NOR,Home,L,123.0,115.0,6.0,,0.0,,7.0,2.0,1.0,0.0,0.0,2.0,5.0,40.0,2.0,2.0,100.0,1.0,2.0,50.0,,,,,,,,,,
Reggie Jackson,1/8,24-25,WAS,Home,L,109.0,103.0,8.0,,1.0,,6.0,1.0,1.0,0.0,0.0,2.0,6.0,33.0,1.0,1.0,100.0,1.0,4.0,25.0,,,,,,,,,,
Reggie Jackson,1/6,24-25,PHO,Home,L,109.0,99.0,7.0,,0.0,,0.0,1.0,0.0,0.0,0.0,0.0,1.0,0.0,0.0,0.0,0.0,0.0,1.0,0.0,,,,,,,,,,
Reggie Jackson,1/4,24-25,BKN,Away,L,123.0,94.0,22.0,,1.0,,8.0,2.0,2.0,2.0,0.0,3.0,9.0,33.0,0.0,0.0,0.0,2.0,6.0,33.0,,,,,,,,,,
Reggie Jackson,1/2,24-25,GSW,Away,L,139.0,105.0,7.0,,1.0,,2.0,1.0,0.0,1.0,0.0,1.0,3.0,33.0,0.0,0.0,0.0,0.0,2.0,0.0,,,,,,,,,,
Reggie Jackson,1/1,24-25,SAC,Away,L,113.0,107.0,12.0,2.5,0.0,U,3.0,2.0,1.0,0.0,0.0,1.0,3.0,33.0,0.0,0.0,0.0,1.0,2.0,50.0,,,,,,,,,,
Reggie Jackson,12/30,24-25,POR,Away,L,125.0,103.0,17.0,,4.0,,3.0,2.0,0.0,0.0,0.0,1.0,3.0,33.0,1.0,2.0,50.0,0.0,1.0,0.0,,,,,,,,,,
Reggie Jackson,12/28,24-25,UTH,Away,L,114.0,111.0,14.0,,1.0,,8.0,4.0,2.0,0.0,0.0,3.0,5.0,60.0,0.0,0.0,0.0,2.0,3.0,67.0,,,,,,,,,,
Reggie Jackson,12/25,24-25,BOS,Away,L,118.0,114.0,16.0,,2.0,,2.0,4.0,0.0,1.0,0.0,1.0,5.0,20.0,0.0,0.0,0.0,0.0,2.0,0.0,,,,,,,,,,
Reggie Jackson,12/23,24-25,SAS,Home,L,111.0,106.0,5.0,,0.0,,0.0,0.0,0.0,0.0,0.0,0.0,1.0,0.0,0.0,0.0,0.0,0.0,1.0,0.0,,,,,,,,,,
Reggie Jackson,12/13,24-25,IND,Home,L,121.0,107.0,5.0,,1.0,,3.0,0.0,1.0,0.0,0.0,1.0,2.0,50.0,0.0,0.0,0.0,1.0,2.0,50.0,,,,,,,,,,
Reggie Jackson,12/4,24-25,ORL,Home,L,106.0,102.0,6.0,,2.0,,3.0,1.0,1.0,0.0,0.0,1.0,2.0,50.0,0.0,0.0,0.0,1.0,1.0,100.0,,,,,,,,,,
Reggie Jackson,11/27,24-25,HOU,Home,L,122.0,115.0,5.0,2.5,1.0,U,0.0,0.0,0.0,0.0,2.0,0.0,0.0,0.0,0.0,0.0,0.0,0.0,0.0,0.0,,,,,,,,,,
Reggie Jackson,11/24,24-25,LAC,Home,L,125.0,99.0,12.0,,4.0,,7.0,1.0,1.0,2.0,0.0,3.0,4.0,75.0,0.0,0.0,0.0,1.0,2.0,50.0,,,,,,,,,,
Reggie Jackson,11/22,24-25,BKN,Home,L,113.0,98.0,21.0,,2.0,,9.0,0.0,3.0,0.0,1.0,3.0,9.0,33.0,0.0,0.0,0.0,3.0,7.0,43.0,,,,,,,,,,
Reggie Jackson,11/20,24-25,MEM,Away,L,117.0,111.0,16.0,,1.0,,5.0,1.0,1.0,2.0,0.0,2.0,4.0,50.0,0.0,0.0,0.0,1.0,3.0,33.0,,,,,,,,,,
Reggie Jackson,11/13,24-25,CLE,Home,L,114.0,106.0,27.0,,4.0,,13.0,4.0,3.0,1.0,0.0,5.0,7.0,71.0,0.0,0.0,0.0,3.0,4.0,75.0,,,,,,,,,,
Reggie Jackson,11/8,24-25,LAL,Away,L,116.0,106.0,10.0,,2.0,,3.0,2.0,1.0,0.0,0.0,1.0,6.0,17.0,0.0,0.0,0.0,1.0,4.0,25.0,,,,,,,,,,
Reggie Jackson,11/6,24-25,LAC,Away,L,110.0,98.0,6.0,,2.0,,0.0,0.0,0.0,1.0,0.0,0.0,1.0,0.0,0.0,0.0,0.0,0.0,0.0,0.0,,,,,,,,,,
Reggie Jackson,11/2,24-25,MEM,Home,L,124.0,107.0,8.0,,3.0,,3.0,0.0,1.0,0.0,0.0,1.0,5.0,20.0,0.0,0.0,0.0,1.0,4.0,25.0,,,,,,,,,,
Reggie Jackson,10/25,24-25,TOR,Away,L,115.0,107.0,3.0,,0.0,,0.0,0.0,0.0,0.0,0.0,0.0,1.0,0.0,0.0,0.0,0.0,0.0,0.0,0.0,,,,,,,,,,
Justin Holiday,,25-26,,,,,,,,,,,,,,,,,,,,,,,,,,"Click to view system
Desmond Bane Assists Overs When Favored",+23.48u,60-30-5 (67%),,,,,
Justin Holiday,,25-26,,,,,,,,,,,,,,,,,,,,,,,,,,"Click to view system
Click to go premium",,,,,,,
Justin Holiday,,25-26,,,,,,,,,,,,,,,,,,,,,,,,,,"Click to view system
Click to go premium",,,,,,,
Justin Holiday,,24-25,,,,,,,,,,,,,,,,,,,,,,,,,,"Click to view system
Desmond Bane Assists Overs When Favored",+23.48u,60-30-5 (67%),,,,,
Justin Holiday,,24-25,,,,,,,,,,,,,,,,,,,,,,,,,,"Click to view system
Click to go premium",,,,,,,
Justin Holiday,,24-25,,,,,,,,,,,,,,,,,,,,,,,,,,"Click to view system
Click to go premium",,,,,,,
DeAndre Jordan,10/29,25-26,DEN,Away,L,122.0,88.0,12.0,,0.0,,2.0,5.0,0.0,0.0,0.0,1.0,1.0,100.0,0.0,0.0,0.0,0.0,0.0,0.0,DEN,-11.5,,,,,,,,
DeAndre Jordan,10/27,25-26,BOS,Home,L,122.0,90.0,10.0,,0.0,,7.0,5.0,0.0,0.0,0.0,3.0,4.0,75.0,1.0,2.0,50.0,0.0,0.0,0.0,BOS,3.5,,,,,,,,
DeAndre Jordan,5/7,24-25,OKC,Away,L,149.0,106.0,2.0,,0.0,,2.0,0.0,0.0,0.0,0.0,1.0,1.0,100.0,0.0,0.0,0.0,0.0,0.0,0.0,,,,,,,,,,
DeAndre Jordan,5/3,24-25,LAC,Home,L,120.0,101.0,6.0,,0.0,,2.0,4.0,0.0,0.0,0.0,1.0,1.0,100.0,0.0,0.0,0.0,0.0,0.0,0.0,,,,,,,,,,
DeAndre Jordan,5/1,24-25,LAC,Away,L,111.0,105.0,2.0,,0.0,,0.0,1.0,0.0,0.0,0.0,0.0,0.0,0.0,0.0,0.0,0.0,0.0,0.0,0.0,,,,,,,,,,
DeAndre Jordan,4/29,24-25,LAC,Home,L,131.0,115.0,9.0,,2.0,,0.0,2.0,0.0,0.0,1.0,0.0,0.0,0.0,0.0,0.0,0.0,0.0,0.0,0.0,,,,,,,,,,
DeAndre Jordan,4/26,24-25,LAC,Away,L,101.0,99.0,4.0,,0.0,,2.0,0.0,0.0,0.0,0.0,1.0,1.0,100.0,0.0,2.0,0.0,0.0,0.0,0.0,,,,,,,,,,
DeAndre Jordan,4/24,24-25,LAC,Away,L,117.0,83.0,4.0,,0.0,,0.0,1.0,0.0,0.0,0.0,0.0,0.0,0.0,0.0,2.0,0.0,0.0,0.0,0.0,,,,,,,,,,
DeAndre Jordan,4/21,24-25,LAC,Home,L,105.0,102.0,4.0,,0.0,,0.0,1.0,0.0,0.0,0.0,0.0,0.0,0.0,0.0,0.0,0.0,0.0,0.0,0.0,,,,,,,,,,
DeAndre Jordan,4/13,24-25,HOU,Away,L,126.0,111.0,10.0,,0.0,,4.0,5.0,0.0,0.0,0.0,2.0,3.0,67.0,0.0,0.0,0.0,0.0,0.0,0.0,,,,,,,,,,
DeAndre Jordan,4/11,24-25,MEM,Home,L,117.0,109.0,7.0,,0.0,,2.0,2.0,0.0,1.0,0.0,1.0,1.0,100.0,0.0,0.0,0.0,0.0,0.0,0.0,,,,,,,,,,
DeAndre Jordan,4/9,24-25,SAC,Away,L,124.0,116.0,10.0,,0.0,,6.0,5.0,0.0,0.0,3.0,2.0,3.0,67.0,2.0,4.0,50.0,0.0,0.0,0.0,,,,,,,,,,
DeAndre Jordan,4/6,24-25,IND,Home,L,125.0,120.0,9.0,,2.0,,0.0,5.0,0.0,0.0,1.0,0.0,2.0,0.0,0.0,2.0,0.0,0.0,0.0,0.0,,,,,,,,,,
DeAndre Jordan,4/2,24-25,SAS,Home,L,113.0,106.0,35.0,2.5,1.0,U,10.0,17.0,0.0,1.0,1.0,2.0,4.0,50.0,6.0,12.0,50.0,0.0,0.0,0.0,,,,,,,,,,
DeAndre Jordan,4/1,24-25,MIN,Home,L,140.0,139.0,5.0,,1.0,,2.0,2.0,0.0,0.0,0.0,1.0,2.0,50.0,0.0,0.0,0.0,0.0,0.0,0.0,,,,,,,,,,
DeAndre Jordan,3/28,24-25,UTH,Home,L,129.0,93.0,11.0,,1.0,,11.0,1.0,0.0,0.0,2.0,5.0,5.0,100.0,1.0,1.0,100.0,0.0,0.0,0.0,,,,,,,,,,
DeAndre Jordan,3/26,24-25,MIL,Home,L,127.0,117.0,3.0,,1.0,,0.0,1.0,0.0,0.0,0.0,0.0,1.0,0.0,0.0,0.0,0.0,0.0,0.0,0.0,,,,,,,,,,
DeAndre Jordan,3/24,24-25,CHI,Home,L,129.0,119.0,30.0,2.5,7.0,O,10.0,17.0,0.0,1.0,0.0,4.0,6.0,67.0,2.0,5.0,40.0,0.0,0.0,0.0,,,,,,,,,,
DeAndre Jordan,3/23,24-25,HOU,Away,L,116.0,111.0,38.0,1.5,4.0,O,11.0,15.0,0.0,1.0,0.0,5.0,7.0,71.0,1.0,3.0,33.0,0.0,0.0,0.0,,,,,,,,,,
DeAndre Jordan,3/2,24-25,BOS,Away,L,110.0,103.0,8.0,,0.0,,1.0,3.0,0.0,0.0,0.0,0.0,1.0,0.0,1.0,2.0,50.0,0.0,0.0,0.0,,,,,,,,,,
DeAndre Jordan,2/28,24-25,DET,Away,L,134.0,119.0,10.0,,0.0,,4.0,6.0,0.0,0.0,0.0,2.0,3.0,67.0,0.0,2.0,0.0,0.0,0.0,0.0,,,,,,,,,,
DeAndre Jordan,2/27,24-25,MIL,Away,L,121.0,112.0,10.0,,0.0,,2.0,5.0,0.0,0.0,0.0,1.0,1.0,100.0,0.0,0.0,0.0,0.0,0.0,0.0,,,,,,,,,,
DeAndre Jordan,2/24,24-25,IND,Away,L,125.0,116.0,9.0,,0.0,,1.0,5.0,0.0,1.0,1.0,0.0,1.0,0.0,1.0,2.0,50.0,0.0,0.0,0.0,,,,,,,,,,
DeAndre Jordan,2/22,24-25,LAL,Home,L,123.0,100.0,4.0,0.5,1.0,O,0.0,2.0,0.0,0.0,0.0,0.0,0.0,0.0,0.0,0.0,0.0,0.0,0.0,0.0,,,,,,,,,,
DeAndre Jordan,2/20,24-25,CHA,Home,L,129.0,115.0,11.0,,0.0,,4.0,7.0,0.0,0.0,0.0,2.0,2.0,100.0,0.0,0.0,0.0,0.0,0.0,0.0,,,,,,,,,,
DeAndre Jordan,2/12,24-25,POR,Home,L,132.0,121.0,11.0,0.5,2.0,O,0.0,5.0,0.0,0.0,1.0,0.0,1.0,0.0,0.0,0.0,0.0,0.0,0.0,0.0,,,,,,,,,,
DeAndre Jordan,2/10,24-25,POR,Home,L,146.0,117.0,13.0,0.5,2.0,O,5.0,2.0,0.0,1.0,0.0,2.0,2.0,100.0,1.0,2.0,50.0,0.0,0.0,0.0,,,,,,,,,,
DeAndre Jordan,2/8,24-25,PHO,Away,L,122.0,105.0,16.0,,1.0,,4.0,11.0,0.0,0.0,1.0,2.0,5.0,40.0,0.0,0.0,0.0,0.0,0.0,0.0,,,,,,,,,,
DeAndre Jordan,2/6,24-25,ORL,Home,L,112.0,90.0,12.0,,1.0,,8.0,7.0,0.0,0.0,0.0,4.0,4.0,100.0,0.0,0.0,0.0,0.0,0.0,0.0,,,,,,,,,,
DeAndre Jordan,2/5,24-25,NOR,Home,L,144.0,119.0,10.0,,2.0,,2.0,4.0,0.0,0.0,0.0,1.0,1.0,100.0,0.0,0.0,0.0,0.0,0.0,0.0,DEN,-11.0,,,,,,,,
DeAndre Jordan,2/3,24-25,NOR,Home,L,125.0,113.0,11.0,,0.0,,4.0,3.0,0.0,0.0,1.0,2.0,3.0,67.0,0.0,0.0,0.0,0.0,0.0,0.0,DEN,-9.5,,,,,,,,
DeAndre Jordan,1/29,24-25,NYK,Away,L,122.0,112.0,8.0,,1.0,,2.0,3.0,0.0,0.0,0.0,1.0,2.0,50.0,0.0,0.0,0.0,0.0,0.0,0.0,,,,,,,,,,
DeAndre Jordan,1/25,24-25,MIN,Away,L,133.0,104.0,5.0,0.5,0.0,U,4.0,6.0,0.0,0.0,0.0,2.0,2.0,100.0,0.0,0.0,0.0,0.0,0.0,0.0,,,,,,,,,,
DeAndre Jordan,1/23,24-25,SAC,Home,L,132.0,123.0,10.0,,0.0,,2.0,5.0,0.0,0.0,0.0,1.0,1.0,100.0,0.0,0.0,0.0,0.0,0.0,0.0,,,,,,,,,,
DeAndre Jordan,1/21,24-25,PHI,Home,L,144.0,109.0,13.0,,1.0,,4.0,6.0,0.0,0.0,1.0,1.0,1.0,100.0,2.0,2.0,100.0,0.0,0.0,0.0,,,,,,,,,,
DeAndre Jordan,1/19,24-25,ORL,Away,L,113.0,100.0,15.0,,0.0,,4.0,7.0,0.0,0.0,0.0,2.0,6.0,33.0,0.0,0.0,0.0,0.0,0.0,0.0,,,,,,,,,,
DeAndre Jordan,1/17,24-25,MIA,Away,L,133.0,113.0,14.0,,1.0,,6.0,2.0,0.0,0.0,0.0,3.0,3.0,100.0,0.0,0.0,0.0,0.0,0.0,0.0,,,,,,,,,,
DeAndre Jordan,1/15,24-25,HOU,Home,L,128.0,108.0,23.0,1.5,0.0,U,0.0,8.0,0.0,1.0,3.0,0.0,0.0,0.0,0.0,0.0,0.0,0.0,0.0,0.0,,,,,,,,,,
DeAndre Jordan,1/14,24-25,DAL,Away,L,118.0,99.0,15.0,0.5,2.0,O,8.0,6.0,0.0,0.0,1.0,3.0,4.0,75.0,2.0,4.0,50.0,0.0,0.0,0.0,,,,,,,,,,
DeAndre Jordan,1/12,24-25,DAL,Away,L,112.0,101.0,9.0,,0.0,,6.0,5.0,0.0,0.0,1.0,3.0,3.0,100.0,0.0,1.0,0.0,0.0,0.0,0.0,,,,,,,,,,
DeAndre Jordan,1/10,24-25,BKN,Home,L,124.0,105.0,9.0,,0.0,,2.0,4.0,0.0,1.0,0.0,1.0,3.0,33.0,0.0,2.0,0.0,0.0,0.0,0.0,,,,,,,,,,
DeAndre Jordan,1/8,24-25,LAC,Home,L,126.0,103.0,23.0,1.5,2.0,O,12.0,9.0,0.0,2.0,0.0,5.0,6.0,83.0,2.0,3.0,67.0,0.0,0.0,0.0,,,,,,,,,,
DeAndre Jordan,1/7,24-25,BOS,Home,L,118.0,106.0,19.0,,1.0,,1.0,5.0,0.0,0.0,0.0,0.0,1.0,0.0,1.0,2.0,50.0,0.0,0.0,0.0,,,,,,,,,,
DeAndre Jordan,1/4,24-25,SAS,Away,L,122.0,111.0,9.0,,0.0,,3.0,6.0,0.0,0.0,0.0,1.0,4.0,25.0,1.0,2.0,50.0,0.0,0.0,0.0,,,,,,,,,,
DeAndre Jordan,1/3,24-25,SAS,Home,L,113.0,110.0,4.0,0.5,0.0,U,0.0,2.0,0.0,0.0,0.0,0.0,1.0,0.0,0.0,0.0,0.0,0.0,0.0,0.0,,,,,,,,,,
DeAndre Jordan,1/1,24-25,ATL,Home,L,139.0,120.0,15.0,0.5,3.0,O,8.0,7.0,0.0,1.0,1.0,4.0,4.0,100.0,0.0,0.0,0.0,0.0,0.0,0.0,,,,,,,,,,
DeAndre Jordan,12/30,24-25,UTH,Away,L,132.0,121.0,9.0,0.5,1.0,O,2.0,1.0,0.0,0.0,0.0,1.0,2.0,50.0,0.0,0.0,0.0,0.0,0.0,0.0,,,,,,,,,,
DeAndre Jordan,12/28,24-25,DET,Home,L,134.0,121.0,10.0,,0.0,,6.0,3.0,0.0,0.0,1.0,2.0,2.0,100.0,2.0,4.0,50.0,0.0,0.0,0.0,,,,,,,,,,
DeAndre Jordan,12/27,24-25,CLE,Home,L,149.0,135.0,10.0,0.5,1.0,O,4.0,7.0,0.0,0.0,2.0,2.0,4.0,50.0,0.0,1.0,0.0,0.0,0.0,0.0,,,,,,,,,,
DeAndre Jordan,12/25,24-25,PHO,Away,L,110.0,100.0,10.0,0.5,0.0,U,4.0,2.0,0.0,0.0,0.0,2.0,2.0,100.0,0.0,0.0,0.0,0.0,0.0,0.0,,,,,,,,,,
DeAndre Jordan,12/23,24-25,PHO,Home,L,117.0,90.0,14.0,,1.0,,4.0,5.0,0.0,1.0,1.0,2.0,2.0,100.0,0.0,0.0,0.0,0.0,0.0,0.0,,,,,,,,,,
DeAndre Jordan,12/22,24-25,NOR,Away,L,132.0,129.0,10.0,,0.0,,4.0,4.0,0.0,0.0,0.0,2.0,3.0,67.0,0.0,0.0,0.0,0.0,0.0,0.0,NOR,8.5,,,,,,,,
DeAndre Jordan,12/19,24-25,POR,Away,L,126.0,124.0,11.0,,0.0,,2.0,7.0,0.0,0.0,1.0,1.0,2.0,50.0,0.0,0.0,0.0,0.0,0.0,0.0,,,,,,,,,,
DeAndre Jordan,12/16,24-25,SAC,Away,L,130.0,129.0,9.0,,3.0,,0.0,2.0,0.0,1.0,1.0,0.0,1.0,0.0,0.0,0.0,0.0,0.0,0.0,0.0,,,,,,,,,,
DeAndre Jordan,12/13,24-25,LAC,Home,L,120.0,98.0,14.0,,2.0,,4.0,9.0,0.0,1.0,1.0,2.0,2.0,100.0,0.0,0.0,0.0,0.0,0.0,0.0,,,,,,,,,,
DeAndre Jordan,12/8,24-25,ATL,Away,L,141.0,111.0,10.0,,2.0,,4.0,4.0,0.0,0.0,0.0,2.0,2.0,100.0,0.0,0.0,0.0,0.0,0.0,0.0,,,,,,,,,,
DeAndre Jordan,12/7,24-25,WAS,Away,L,122.0,113.0,9.0,,2.0,,1.0,3.0,0.0,0.0,0.0,0.0,1.0,0.0,1.0,4.0,25.0,0.0,0.0,0.0,,,,,,,,,,
DeAndre Jordan,11/27,24-25,UTH,Away,L,122.0,103.0,12.0,,0.0,,0.0,3.0,0.0,0.0,1.0,0.0,0.0,0.0,0.0,0.0,0.0,0.0,0.0,0.0,,,,,,,,,,
DeAndre Jordan,11/25,24-25,NYK,Home,L,145.0,118.0,13.0,,1.0,,0.0,5.0,0.0,0.0,0.0,0.0,0.0,0.0,0.0,0.0,0.0,0.0,0.0,0.0,,,,,,,,,,
DeAndre Jordan,11/23,24-25,LAL,Away,L,127.0,102.0,4.0,,1.0,,2.0,0.0,0.0,1.0,0.0,1.0,1.0,100.0,0.0,0.0,0.0,0.0,0.0,0.0,,,,,,,,,,
DeAndre Jordan,11/22,24-25,DAL,Home,L,123.0,120.0,4.0,,0.0,,3.0,1.0,0.0,0.0,0.0,1.0,2.0,50.0,1.0,2.0,50.0,0.0,0.0,0.0,,,,,,,,,,
DeAndre Jordan,11/19,24-25,MEM,Away,L,122.0,110.0,7.0,,0.0,,4.0,2.0,0.0,1.0,0.0,2.0,4.0,50.0,0.0,0.0,0.0,0.0,0.0,0.0,,,,,,,,,,
DeAndre Jordan,11/17,24-25,MEM,Away,L,105.0,90.0,14.0,,0.0,,4.0,2.0,0.0,0.0,0.0,2.0,3.0,67.0,0.0,0.0,0.0,0.0,0.0,0.0,,,,,,,,,,
DeAndre Jordan,11/4,24-25,TOR,Home,L,121.0,119.0,6.0,,1.0,,2.0,4.0,0.0,0.0,1.0,1.0,1.0,100.0,0.0,0.0,0.0,0.0,0.0,0.0,,,,,,,,,,
DeAndre Jordan,11/2,24-25,UTH,Home,L,129.0,103.0,14.0,,1.0,,6.0,9.0,0.0,0.0,0.0,3.0,7.0,43.0,0.0,2.0,0.0,0.0,0.0,0.0,,,,,,,,,,
Collin Gillespie,11/18,25-26,POR,Away,W,127.0,110.0,28.0,4.5,6.0,O,19.0,3.0,4.0,1.0,0.0,6.0,11.0,55.0,3.0,3.0,100.0,4.0,9.0,44.0,PHO,4.5,,,,,,,,
Collin Gillespie,11/16,25-26,ATL,Home,L,124.0,122.0,31.0,4.5,7.0,O,15.0,8.0,1.0,2.0,0.0,5.0,13.0,38.0,4.0,4.0,100.0,1.0,3.0,33.0,ATL,-1.5,,,,,,,,
Collin Gillespie,11/13,25-26,IND,Home,W,133.0,98.0,23.0,4.5,1.0,U,10.0,4.0,2.0,0.0,0.0,3.0,7.0,43.0,2.0,2.0,100.0,2.0,4.0,50.0,PHO,-4.5,,,,,,,,
Collin Gillespie,11/12,25-26,DAL,Away,W,123.0,114.0,19.0,4.5,5.0,O,4.0,6.0,1.0,0.0,0.0,1.0,5.0,20.0,1.0,2.0,50.0,1.0,4.0,25.0,PHO,-1.5,,,,,,,,
Collin Gillespie,11/10,25-26,NOR,Home,W,121.0,98.0,13.0,4.5,5.0,O,6.0,1.0,2.0,1.0,0.0,2.0,5.0,40.0,0.0,0.0,0.0,2.0,4.0,50.0,PHO,-8.5,,,,,,,,
Collin Gillespie,11/8,25-26,LAC,Away,W,114.0,103.0,26.0,3.5,4.0,O,13.0,6.0,4.0,0.0,0.0,4.0,13.0,31.0,1.0,2.0,50.0,4.0,10.0,40.0,PHO,4.5,,,,,,,,
Collin Gillespie,11/6,25-26,LAC,Home,W,115.0,102.0,25.0,3.5,7.0,O,1.0,5.0,0.0,1.0,0.0,0.0,5.0,0.0,1.0,2.0,50.0,0.0,5.0,0.0,PHO,-1.5,,,,,,,,
Collin Gillespie,11/4,25-26,GSW,Away,L,118.0,107.0,21.0,4.5,4.0,U,8.0,5.0,2.0,1.0,0.0,3.0,8.0,38.0,0.0,0.0,0.0,2.0,4.0,50.0,GSW,-10.5,,,,,,,,
Collin Gillespie,11/2,25-26,SAS,Home,W,130.0,118.0,21.0,4.5,4.0,U,15.0,2.0,3.0,1.0,1.0,5.0,10.0,50.0,2.0,2.0,100.0,3.0,7.0,43.0,PHO,5.0,,,,,,,,
Collin Gillespie,10/31,25-26,UTH,Home,W,118.0,96.0,27.0,5.5,6.0,O,12.0,3.0,4.0,1.0,1.0,4.0,8.0,50.0,0.0,0.0,0.0,4.0,7.0,57.0,PHO,-4.5,,,,,,,,
Collin Gillespie,10/29,25-26,MEM,Home,L,114.0,113.0,30.0,5.5,5.0,U,14.0,6.0,3.0,2.0,1.0,5.0,10.0,50.0,1.0,2.0,50.0,3.0,7.0,43.0,PHO,1.5,,,,,,,,
Collin Gillespie,10/27,25-26,UTH,Away,L,138.0,134.0,31.0,4.5,13.0,O,15.0,3.0,4.0,3.0,1.0,5.0,13.0,38.0,1.0,1.0,100.0,4.0,12.0,33.0,UTH,1.5,,,,,,,,
Collin Gillespie,10/25,25-26,DEN,Away,L,133.0,111.0,14.0,3.5,1.0,U,6.0,2.0,2.0,0.0,0.0,2.0,4.0,50.0,0.0,0.0,0.0,2.0,4.0,50.0,DEN,-13.0,,,,,,,,
Collin Gillespie,10/24,25-26,LAC,Away,L,129.0,102.0,28.0,3.5,5.0,O,13.0,5.0,3.0,1.0,1.0,5.0,12.0,42.0,0.0,0.0,0.0,3.0,8.0,38.0,LAC,-10.0,,,,,,,,
Collin Gillespie,10/22,25-26,SAC,Home,W,120.0,116.0,22.0,,4.0,,7.0,2.0,1.0,1.0,1.0,3.0,9.0,33.0,0.0,0.0,0.0,1.0,4.0,25.0,PHO,-3.5,,,,,,,,
Collin Gillespie,4/13,24-25,SAC,Away,L,109.0,98.0,28.0,4.5,3.0,U,12.0,3.0,3.0,2.0,0.0,4.0,7.0,57.0,1.0,2.0,50.0,3.0,6.0,50.0,PHO,14.0,,,,,,,,
Collin Gillespie,4/11,24-25,SAS,Home,W,117.0,98.0,21.0,4.5,2.0,U,13.0,7.0,3.0,1.0,1.0,4.0,13.0,31.0,2.0,2.0,100.0,3.0,9.0,33.0,PHO,-5.5,,,,,,,,
Collin Gillespie,4/9,24-25,OKC,Home,L,125.0,112.0,23.0,3.5,4.0,O,17.0,6.0,3.0,2.0,0.0,6.0,9.0,67.0,2.0,2.0,100.0,3.0,6.0,50.0,OKC,-7.5,,,,,,,,
Collin Gillespie,4/8,24-25,GSW,Home,L,133.0,95.0,24.0,,4.0,,6.0,3.0,2.0,3.0,0.0,2.0,9.0,22.0,0.0,0.0,0.0,2.0,5.0,40.0,GSW,-10.0,,,,,,,,
Collin Gillespie,4/6,24-25,NYK,Away,L,112.0,98.0,18.0,,4.0,,0.0,4.0,0.0,3.0,0.0,0.0,6.0,0.0,0.0,0.0,0.0,0.0,2.0,0.0,NYK,-9.5,,,,,,,,
Collin Gillespie,4/4,24-25,BOS,Away,L,123.0,103.0,12.0,3.5,0.0,U,8.0,2.0,2.0,0.0,0.0,3.0,6.0,50.0,0.0,0.0,0.0,2.0,4.0,50.0,BOS,-15.0,,,,,,,,
Collin Gillespie,4/1,24-25,MIL,Away,L,133.0,123.0,35.0,4.0,4.0,,18.0,2.0,4.0,2.0,0.0,6.0,12.0,50.0,2.0,3.0,67.0,4.0,8.0,50.0,MIL,-6.5,,,,,,,,
Collin Gillespie,3/30,24-25,HOU,Home,L,148.0,109.0,22.0,3.5,4.0,O,3.0,4.0,1.0,1.0,1.0,1.0,9.0,11.0,0.0,0.0,0.0,1.0,4.0,25.0,HOU,-2.5,,,,,,,,
Collin Gillespie,3/28,24-25,MIN,Away,L,124.0,109.0,26.0,,10.0,,22.0,5.0,4.0,1.0,0.0,9.0,11.0,82.0,0.0,0.0,0.0,4.0,5.0,80.0,MIN,-7.5,,,,,,,,
Collin Gillespie,3/26,24-25,BOS,Home,L,132.0,102.0,15.0,3.5,0.0,U,5.0,1.0,1.0,0.0,0.0,2.0,5.0,40.0,0.0,0.0,0.0,1.0,3.0,33.0,BOS,-4.5,,,,,,,,
Collin Gillespie,3/24,24-25,MIL,Home,W,108.0,106.0,21.0,3.5,3.0,U,6.0,5.0,2.0,0.0,0.0,2.0,6.0,33.0,0.0,0.0,0.0,2.0,5.0,40.0,MIL,3.0,,,,,,,,
Collin Gillespie,3/21,24-25,CLE,Home,W,123.0,112.0,23.0,,4.0,,13.0,2.0,3.0,1.0,0.0,5.0,6.0,83.0,0.0,0.0,0.0,3.0,3.0,100.0,PHO,8.5,,,,,,,,
Collin Gillespie,3/19,24-25,CHI,Home,W,127.0,121.0,25.0,,7.0,,4.0,5.0,0.0,1.0,0.0,1.0,6.0,17.0,2.0,2.0,100.0,0.0,3.0,0.0,PUSH,-6.0,,,,,,,,
Collin Gillespie,3/17,24-25,TOR,Home,W,129.0,89.0,16.0,,2.0,,3.0,2.0,1.0,0.0,1.0,1.0,4.0,25.0,0.0,0.0,0.0,1.0,3.0,33.0,PHO,-8.5,,,,,,,,
Collin Gillespie,3/16,24-25,LAL,Away,L,107.0,96.0,23.0,,3.0,,3.0,7.0,1.0,0.0,0.0,1.0,7.0,14.0,0.0,0.0,0.0,1.0,6.0,17.0,LAL,-2.5,,,,,,,,
Collin Gillespie,3/14,24-25,SAC,Home,W,122.0,106.0,11.0,,2.0,,5.0,1.0,1.0,1.0,0.0,1.0,3.0,33.0,2.0,2.0,100.0,1.0,1.0,100.0,PHO,-3.0,,,,,,,,
Collin Gillespie,3/12,24-25,HOU,Away,L,111.0,104.0,5.0,,2.0,,2.0,2.0,0.0,0.0,0.0,0.0,0.0,0.0,2.0,2.0,100.0,0.0,0.0,0.0,HOU,-4.5,,,,,,,,
Collin Gillespie,3/10,24-25,MEM,Away,L,120.0,118.0,12.0,,5.0,,0.0,4.0,0.0,0.0,0.0,0.0,4.0,0.0,0.0,0.0,0.0,0.0,3.0,0.0,PHO,3.5,,,,,,,,
Collin Gillespie,3/9,24-25,DAL,Away,W,125.0,116.0,2.0,,0.0,,3.0,0.0,1.0,0.0,0.0,1.0,2.0,50.0,0.0,0.0,0.0,1.0,1.0,100.0,PHO,-6.5,,,,,,,,
Collin Gillespie,3/7,24-25,DEN,Away,L,149.0,141.0,4.0,,0.0,,3.0,0.0,1.0,0.0,0.0,1.0,1.0,100.0,0.0,0.0,0.0,1.0,1.0,100.0,PHO,9.0,,,,,,,,
Collin Gillespie,3/4,24-25,LAC,Home,W,119.0,117.0,14.0,,3.0,,10.0,2.0,2.0,0.0,0.0,4.0,6.0,67.0,0.0,0.0,0.0,2.0,3.0,67.0,PHO,2.5,,,,,,,,
Collin Gillespie,3/2,24-25,MIN,Home,L,116.0,98.0,1.0,,0.0,,0.0,1.0,0.0,0.0,0.0,0.0,1.0,0.0,0.0,0.0,0.0,0.0,1.0,0.0,MIN,-1.5,,,,,,,,
Collin Gillespie,2/28,24-25,NOR,Home,W,125.0,108.0,18.0,,4.0,,9.0,2.0,1.0,1.0,0.0,4.0,5.0,80.0,0.0,0.0,0.0,1.0,2.0,50.0,PHO,-9.0,,,,,,,,
Collin Gillespie,2/27,24-25,NOR,Home,L,124.0,116.0,4.0,,1.0,,2.0,1.0,0.0,0.0,0.0,0.0,2.0,0.0,2.0,2.0,100.0,0.0,0.0,0.0,NOR,6.5,,,,,,,,
Collin Gillespie,2/23,24-25,TOR,Away,L,127.0,109.0,1.0,,0.0,,0.0,0.0,0.0,0.0,0.0,0.0,0.0,0.0,0.0,0.0,0.0,0.0,0.0,0.0,TOR,2.5,,,,,,,,
Collin Gillespie,2/12,24-25,HOU,Away,L,119.0,111.0,14.0,,3.0,,9.0,1.0,1.0,0.0,1.0,4.0,8.0,50.0,0.0,0.0,0.0,1.0,2.0,50.0,PHO,9.5,,,,,,,,
Collin Gillespie,2/8,24-25,DEN,Home,L,122.0,105.0,5.0,,1.0,,5.0,1.0,1.0,2.0,0.0,2.0,3.0,67.0,0.0,0.0,0.0,1.0,2.0,50.0,DEN,-6.5,,,,,,,,
Collin Gillespie,2/5,24-25,OKC,Away,L,140.0,109.0,8.0,,2.0,,6.0,1.0,0.0,0.0,0.0,1.0,2.0,50.0,4.0,5.0,80.0,0.0,1.0,0.0,OKC,-13.0,,,,,,,,
Collin Gillespie,2/1,24-25,POR,Away,L,127.0,108.0,4.0,,1.0,,0.0,2.0,0.0,0.0,1.0,0.0,1.0,0.0,0.0,0.0,0.0,0.0,0.0,0.0,POR,4.0,,,,,,,,
Collin Gillespie,1/31,24-25,GSW,Away,W,130.0,105.0,4.0,,0.0,,2.0,1.0,0.0,0.0,0.0,1.0,1.0,100.0,0.0,0.0,0.0,0.0,0.0,0.0,PHO,-2.5,,,,,,,,
Collin Gillespie,1/22,24-25,BKN,Away,W,108.0,84.0,2.0,,0.0,,2.0,1.0,0.0,0.0,0.0,1.0,1.0,100.0,0.0,0.0,0.0,0.0,0.0,0.0,PHO,-12.5,,,,,,,,
Collin Gillespie,10/26,24-25,DAL,Home,W,114.0,102.0,3.0,,0.0,,3.0,0.0,1.0,0.0,0.0,1.0,2.0,50.0,0.0,0.0,0.0,1.0,1.0,100.0,PHO,4.0,,,,,,,,
Jay Huff,11/17,25-26,DET,Away,L,127.0,112.0,8.0,,0.0,,5.0,0.0,1.0,0.0,1.0,2.0,4.0,50.0,0.0,0.0,0.0,1.0,3.0,33.0,DET,-8.5,,,,,,,,
Jay Huff,11/15,25-26,TOR,Home,L,129.0,111.0,15.0,0.5,0.0,U,8.0,3.0,2.0,0.0,1.0,3.0,9.0,33.0,0.0,0.0,0.0,2.0,5.0,40.0,TOR,-6.5,,,,,,,,
Jay Huff,11/13,25-26,PHO,Away,L,133.0,98.0,14.0,,1.0,,3.0,0.0,0.0,0.0,2.0,1.0,2.0,50.0,1.0,1.0,100.0,0.0,1.0,0.0,PHO,-4.5,,,,,,,,
Jay Huff,11/11,25-26,UTH,Away,L,152.0,128.0,11.0,0.5,0.0,U,3.0,3.0,1.0,0.0,2.0,1.0,5.0,20.0,0.0,2.0,0.0,1.0,5.0,20.0,UTH,2.5,,,,,,,,
Jay Huff,11/9,25-26,GSW,Away,L,114.0,83.0,21.0,1.5,2.0,O,12.0,11.0,2.0,0.0,3.0,5.0,11.0,45.0,0.0,2.0,0.0,2.0,6.0,33.0,GSW,-12.5,,,,,,,,
Jay Huff,11/8,25-26,DEN,Away,L,117.0,100.0,15.0,,1.0,,4.0,6.0,0.0,0.0,4.0,1.0,5.0,20.0,2.0,2.0,100.0,0.0,3.0,0.0,DEN,-11.5,,,,,,,,
Jay Huff,11/5,25-26,BKN,Home,L,112.0,103.0,17.0,,0.0,,16.0,2.0,4.0,0.0,2.0,5.0,10.0,50.0,2.0,2.0,100.0,4.0,9.0,44.0,BKN,6.5,,,,,,,,
Jay Huff,11/3,25-26,MIL,Home,L,117.0,115.0,13.0,,2.0,,0.0,3.0,0.0,1.0,2.0,0.0,1.0,0.0,0.0,0.0,0.0,0.0,1.0,0.0,IND,5.5,,,,,,,,
Jay Huff,11/1,25-26,GSW,Home,W,114.0,109.0,3.0,1.5,0.0,U,0.0,0.0,0.0,0.0,0.0,0.0,0.0,0.0,0.0,0.0,0.0,0.0,0.0,0.0,IND,9.5,,,,,,,,
Jay Huff,10/31,25-26,ATL,Home,L,128.0,108.0,21.0,1.5,2.0,O,8.0,5.0,0.0,0.0,2.0,2.0,8.0,25.0,4.0,4.0,100.0,0.0,4.0,0.0,ATL,-2.5,,,,,,,,
Jay Huff,10/29,25-26,DAL,Away,L,107.0,105.0,21.0,,2.0,,5.0,2.0,1.0,0.0,4.0,2.0,6.0,33.0,0.0,0.0,0.0,1.0,5.0,20.0,IND,6.0,,,,,,,,
Jay Huff,10/26,25-26,MIN,Away,L,114.0,110.0,15.0,,0.0,,5.0,0.0,1.0,0.0,0.0,2.0,5.0,40.0,0.0,0.0,0.0,1.0,4.0,25.0,IND,11.5,,,,,,,,
Jay Huff,10/25,25-26,MEM,Away,L,128.0,103.0,9.0,,0.0,,2.0,2.0,0.0,0.0,0.0,1.0,2.0,50.0,0.0,0.0,0.0,0.0,1.0,0.0,MEM,-2.0,,,,,,,,
Jay Huff,10/23,25-26,OKC,Home,L,141.0,135.0,11.0,1.5,0.0,U,5.0,3.0,1.0,0.0,2.0,2.0,4.0,50.0,0.0,0.0,0.0,1.0,2.0,50.0,IND,7.5,,,,,,,,
Jay Huff,4/26,24-25,OKC,Home,L,117.0,115.0,5.0,,1.0,,0.0,1.0,0.0,0.0,1.0,0.0,0.0,0.0,0.0,0.0,0.0,0.0,0.0,0.0,,,,,,,,,,
Jay Huff,4/20,24-25,OKC,Away,L,131.0,80.0,12.0,,0.0,,8.0,2.0,0.0,0.0,2.0,2.0,4.0,50.0,4.0,4.0,100.0,0.0,1.0,0.0,,,,,,,,,,
Jay Huff,4/13,24-25,DAL,Home,L,132.0,97.0,27.0,,2.0,,22.0,6.0,2.0,2.0,6.0,9.0,12.0,75.0,2.0,2.0,100.0,2.0,4.0,50.0,,,,,,,,,,
Jay Huff,4/10,24-25,MIN,Home,L,141.0,125.0,1.0,,0.0,,0.0,0.0,0.0,0.0,0.0,0.0,1.0,0.0,0.0,0.0,0.0,0.0,1.0,0.0,,,,,,,,,,
Jay Huff,4/8,24-25,CHA,Away,L,124.0,100.0,6.0,,0.0,,3.0,0.0,1.0,0.0,0.0,1.0,2.0,50.0,0.0,0.0,0.0,1.0,2.0,50.0,,,,,,,,,,
Jay Huff,4/5,24-25,DET,Away,L,109.0,103.0,6.0,,0.0,,0.0,0.0,0.0,0.0,0.0,0.0,4.0,0.0,0.0,0.0,0.0,0.0,3.0,0.0,,,,,,,,,,
Jay Huff,3/31,24-25,BOS,Home,L,117.0,103.0,2.0,,0.0,,0.0,0.0,0.0,0.0,0.0,0.0,1.0,0.0,0.0,0.0,0.0,0.0,1.0,0.0,,,,,,,,,,
Jay Huff,3/29,24-25,LAL,Home,L,134.0,127.0,4.0,0.5,0.0,U,0.0,0.0,0.0,0.0,0.0,0.0,0.0,0.0,0.0,0.0,0.0,0.0,0.0,0.0,,,,,,,,,,
Jay Huff,3/27,24-25,OKC,Away,L,125.0,104.0,17.0,0.5,1.0,O,8.0,2.0,2.0,0.0,1.0,3.0,5.0,60.0,0.0,0.0,0.0,2.0,3.0,67.0,,,,,,,,,,
Jay Huff,3/25,24-25,UTH,Away,L,140.0,103.0,17.0,0.5,0.0,U,15.0,6.0,1.0,0.0,1.0,6.0,13.0,46.0,2.0,2.0,100.0,1.0,6.0,17.0,,,,,,,,,,
Jay Huff,3/21,24-25,LAC,Away,L,128.0,108.0,13.0,,0.0,,13.0,1.0,3.0,0.0,0.0,5.0,7.0,71.0,0.0,0.0,0.0,3.0,5.0,60.0,,,,,,,,,,
Jay Huff,3/19,24-25,POR,Away,L,115.0,99.0,13.0,,2.0,,8.0,3.0,1.0,1.0,2.0,2.0,4.0,50.0,3.0,4.0,75.0,1.0,3.0,33.0,,,,,,,,,,
Jay Huff,3/17,24-25,SAC,Away,L,132.0,122.0,3.0,,0.0,,0.0,2.0,0.0,0.0,0.0,0.0,1.0,0.0,0.0,0.0,0.0,0.0,1.0,0.0,,,,,,,,,,
Jay Huff,3/14,24-25,CLE,Home,L,133.0,124.0,3.0,,0.0,,2.0,0.0,0.0,1.0,0.0,1.0,1.0,100.0,0.0,0.0,0.0,0.0,0.0,0.0,,,,,,,,,,
Jay Huff,3/12,24-25,UTH,Home,L,122.0,115.0,9.0,,1.0,,5.0,4.0,1.0,0.0,1.0,2.0,6.0,33.0,0.0,0.0,0.0,1.0,4.0,25.0,,,,,,,,,,
Jay Huff,3/10,24-25,PHO,Home,L,120.0,118.0,24.0,,0.0,,14.0,3.0,4.0,0.0,2.0,5.0,11.0,45.0,0.0,0.0,0.0,4.0,8.0,50.0,,,,,,,,,,
Jay Huff,3/9,24-25,NOR,Away,L,107.0,104.0,14.0,,2.0,,8.0,4.0,2.0,1.0,1.0,3.0,7.0,43.0,0.0,0.0,0.0,2.0,6.0,33.0,,,,,,,,,,
Jay Huff,3/5,24-25,OKC,Home,L,120.0,103.0,1.0,,0.0,,0.0,0.0,0.0,0.0,0.0,0.0,0.0,0.0,0.0,0.0,0.0,0.0,0.0,0.0,,,,,,,,,,
Jay Huff,3/1,24-25,SAS,Home,L,130.0,128.0,3.0,,0.0,,0.0,0.0,0.0,0.0,1.0,0.0,0.0,0.0,0.0,0.0,0.0,0.0,0.0,0.0,,,,,,,,,,
Jay Huff,2/20,24-25,IND,Away,W,127.0,113.0,1.0,,0.0,,0.0,0.0,0.0,0.0,0.0,0.0,0.0,0.0,0.0,0.0,0.0,0.0,0.0,0.0,IND,1.5,,,,,,,,
Jay Huff,2/12,24-25,LAC,Away,L,128.0,114.0,4.0,,1.0,,0.0,0.0,0.0,0.0,1.0,0.0,1.0,0.0,0.0,0.0,0.0,0.0,1.0,0.0,,,,,,,,,,
Jay Huff,2/5,24-25,TOR,Away,L,138.0,107.0,3.0,,0.0,,3.0,1.0,1.0,0.0,0.0,1.0,2.0,50.0,0.0,0.0,0.0,1.0,1.0,100.0,,,,,,,,,,
Jay Huff,1/27,24-25,NYK,Away,L,143.0,106.0,3.0,,1.0,,3.0,1.0,1.0,0.0,0.0,1.0,2.0,50.0,0.0,0.0,0.0,1.0,2.0,50.0,,,,,,,,,,
Jay Huff,1/25,24-25,UTH,Home,L,125.0,103.0,2.0,,1.0,,0.0,0.0,0.0,0.0,0.0,0.0,0.0,0.0,0.0,0.0,0.0,0.0,0.0,0.0,,,,,,,,,,
Jay Huff,1/24,24-25,NOR,Home,L,139.0,126.0,3.0,,0.0,,0.0,1.0,0.0,0.0,1.0,0.0,1.0,0.0,0.0,0.0,0.0,0.0,1.0,0.0,,,,,,,,,,
Jay Huff,1/22,24-25,CHA,Home,L,132.0,120.0,6.0,,0.0,,13.0,2.0,3.0,0.0,0.0,5.0,8.0,63.0,0.0,0.0,0.0,3.0,6.0,50.0,,,,,,,,,,
Jay Huff,1/20,24-25,MIN,Home,L,108.0,106.0,3.0,,0.0,,0.0,1.0,0.0,0.0,1.0,0.0,1.0,0.0,0.0,0.0,0.0,0.0,1.0,0.0,,,,,,,,,,
Jay Huff,1/17,24-25,SAS,Away,L,140.0,112.0,10.0,,1.0,,4.0,3.0,0.0,0.0,0.0,2.0,3.0,67.0,0.0,1.0,0.0,0.0,1.0,0.0,,,,,,,,,,
Jay Huff,1/15,24-25,SAS,Away,L,129.0,115.0,10.0,,0.0,,11.0,1.0,3.0,0.0,1.0,4.0,6.0,67.0,0.0,0.0,0.0,3.0,5.0,60.0,,,,,,,,,,
Jay Huff,1/11,24-25,MIN,Away,L,127.0,125.0,7.0,,0.0,,0.0,2.0,0.0,1.0,1.0,0.0,3.0,0.0,0.0,0.0,0.0,0.0,3.0,0.0,,,,,,,,,,
Jay Huff,1/9,24-25,HOU,Home,L,119.0,115.0,10.0,,1.0,,8.0,2.0,0.0,0.0,0.0,2.0,3.0,67.0,4.0,4.0,100.0,0.0,1.0,0.0,,,,,,,,,,
Jay Huff,1/6,24-25,DAL,Home,L,119.0,104.0,27.0,,1.0,,11.0,1.0,3.0,2.0,0.0,4.0,7.0,57.0,0.0,0.0,0.0,3.0,6.0,50.0,,,,,,,,,,
Jay Huff,1/4,24-25,GSW,Away,L,121.0,113.0,15.0,,0.0,,9.0,2.0,3.0,0.0,3.0,3.0,4.0,75.0,0.0,0.0,0.0,3.0,4.0,75.0,,,,,,,,,,
Jay Huff,1/3,24-25,SAC,Away,L,138.0,133.0,3.0,,0.0,,0.0,1.0,0.0,0.0,0.0,0.0,0.0,0.0,0.0,0.0,0.0,0.0,0.0,0.0,,,,,,,,,,
Jay Huff,12/31,24-25,PHO,Away,L,117.0,112.0,18.0,1.5,0.0,U,8.0,2.0,2.0,0.0,1.0,3.0,7.0,43.0,0.0,0.0,0.0,2.0,5.0,40.0,,,,,,,,,,
Jay Huff,12/29,24-25,OKC,Away,L,130.0,106.0,17.0,0.5,2.0,O,17.0,1.0,3.0,0.0,0.0,7.0,11.0,64.0,0.0,0.0,0.0,3.0,6.0,50.0,,,,,,,,,,
Jay Huff,12/27,24-25,NOR,Away,L,132.0,124.0,12.0,,0.0,,7.0,2.0,1.0,0.0,0.0,2.0,4.0,50.0,2.0,2.0,100.0,1.0,3.0,33.0,,,,,,,,,,
Jay Huff,12/15,24-25,LAL,Away,L,116.0,110.0,6.0,,0.0,,3.0,3.0,1.0,1.0,0.0,1.0,3.0,33.0,0.0,0.0,0.0,1.0,2.0,50.0,,,,,,,,,,
Jay Huff,12/13,24-25,BKN,Home,L,135.0,119.0,12.0,0.5,1.0,O,6.0,4.0,0.0,0.0,0.0,3.0,6.0,50.0,0.0,0.0,0.0,0.0,1.0,0.0,,,,,,,,,,
Jay Huff,12/8,24-25,WAS,Away,L,140.0,112.0,23.0,,1.0,,17.0,3.0,3.0,0.0,0.0,6.0,14.0,43.0,2.0,2.0,100.0,3.0,11.0,27.0,,,,,,,,,,
Jay Huff,12/7,24-25,BOS,Away,L,127.0,121.0,18.0,0.5,2.0,O,10.0,9.0,2.0,0.0,1.0,2.0,3.0,67.0,4.0,4.0,100.0,2.0,3.0,67.0,,,,,,,,,,
Jay Huff,12/5,24-25,SAC,Home,L,115.0,110.0,20.0,,1.0,,11.0,4.0,2.0,0.0,2.0,4.0,9.0,44.0,1.0,2.0,50.0,2.0,6.0,33.0,,,,,,,,,,
Jay Huff,12/3,24-25,DAL,Away,L,121.0,116.0,16.0,,0.0,,8.0,1.0,2.0,1.0,0.0,3.0,6.0,50.0,0.0,0.0,0.0,2.0,5.0,40.0,,,,,,,,,,
Jay Huff,12/1,24-25,IND,Home,L,136.0,121.0,6.0,,0.0,,0.0,2.0,0.0,0.0,0.0,0.0,2.0,0.0,0.0,0.0,0.0,0.0,2.0,0.0,MEM,-6.0,,,,,,,,
Jay Huff,11/29,24-25,NOR,Home,L,120.0,109.0,16.0,,0.0,,7.0,1.0,1.0,0.0,1.0,3.0,7.0,43.0,0.0,2.0,0.0,1.0,4.0,25.0,,,,,,,,,,
Jay Huff,11/27,24-25,DET,Home,L,131.0,111.0,22.0,,3.0,,13.0,2.0,2.0,0.0,1.0,3.0,7.0,43.0,5.0,6.0,83.0,2.0,5.0,40.0,,,,,,,,,,
Jay Huff,11/25,24-25,POR,Home,L,123.0,98.0,19.0,,0.0,,12.0,4.0,2.0,1.0,1.0,4.0,9.0,44.0,2.0,4.0,50.0,2.0,4.0,50.0,,,,,,,,,,
Jay Huff,11/23,24-25,CHI,Away,L,142.0,131.0,19.0,,1.0,,14.0,5.0,3.0,1.0,1.0,5.0,6.0,83.0,1.0,2.0,50.0,3.0,3.0,100.0,,,,,,,,,,
Jay Huff,11/20,24-25,PHI,Home,L,117.0,111.0,14.0,,2.0,,8.0,0.0,2.0,0.0,1.0,3.0,7.0,43.0,0.0,0.0,0.0,2.0,6.0,33.0,,,,,,,,,,
Jay Huff,11/19,24-25,DEN,Home,L,122.0,110.0,12.0,,0.0,,6.0,1.0,1.0,0.0,0.0,2.0,5.0,40.0,1.0,2.0,50.0,1.0,3.0,33.0,,,,,,,,,,
Jay Huff,11/17,24-25,DEN,Home,L,105.0,90.0,11.0,,1.0,,10.0,1.0,2.0,0.0,1.0,4.0,5.0,80.0,0.0,0.0,0.0,2.0,3.0,67.0,,,,,,,,,,
Jay Huff,11/15,24-25,GSW,Away,L,123.0,118.0,6.0,,1.0,,2.0,2.0,0.0,0.0,1.0,1.0,3.0,33.0,0.0,0.0,0.0,0.0,1.0,0.0,,,,,,,,,,
Jay Huff,11/13,24-25,LAL,Away,L,128.0,123.0,12.0,,0.0,,6.0,3.0,0.0,1.0,1.0,3.0,8.0,38.0,0.0,2.0,0.0,0.0,4.0,0.0,,,,,,,,,,
Jay Huff,11/10,24-25,POR,Away,L,134.0,89.0,19.0,,0.0,,12.0,2.0,2.0,0.0,6.0,4.0,8.0,50.0,2.0,2.0,100.0,2.0,6.0,33.0,,,,,,,,,,
Jay Huff,11/8,24-25,WAS,Home,L,128.0,104.0,14.0,,0.0,,12.0,4.0,1.0,1.0,4.0,3.0,6.0,50.0,5.0,5.0,100.0,1.0,4.0,25.0,,,,,,,,,,
Jay Huff,11/6,24-25,LAL,Home,L,131.0,114.0,13.0,,4.0,,11.0,3.0,3.0,0.0,1.0,4.0,7.0,57.0,0.0,0.0,0.0,3.0,6.0,50.0,,,,,,,,,,
Jay Huff,11/4,24-25,BKN,Away,L,106.0,104.0,8.0,,0.0,,2.0,2.0,0.0,0.0,1.0,1.0,2.0,50.0,0.0,0.0,0.0,0.0,1.0,0.0,,,,,,,,,,
Jay Huff,11/2,24-25,PHI,Away,L,124.0,107.0,14.0,,1.0,,20.0,5.0,5.0,0.0,1.0,7.0,10.0,70.0,1.0,1.0,100.0,5.0,7.0,71.0,,,,,,,,,,
Jay Huff,10/31,24-25,MIL,Home,L,122.0,99.0,16.0,,1.0,,4.0,2.0,0.0,0.0,1.0,1.0,4.0,25.0,2.0,2.0,100.0,0.0,2.0,0.0,,,,,,,,,,
Jay Huff,10/30,24-25,BKN,Home,L,119.0,106.0,9.0,,0.0,,4.0,0.0,0.0,0.0,0.0,2.0,3.0,67.0,0.0,0.0,0.0,0.0,1.0,0.0,,,,,,,,,,
Jay Huff,10/28,24-25,CHI,Home,L,126.0,123.0,18.0,,1.0,,10.0,2.0,2.0,0.0,2.0,3.0,5.0,60.0,2.0,2.0,100.0,2.0,3.0,67.0,,,,,,,,,,
Jay Huff,10/26,24-25,ORL,Home,L,124.0,111.0,19.0,,0.0,,18.0,2.0,3.0,0.0,1.0,7.0,9.0,78.0,1.0,1.0,100.0,3.0,5.0,60.0,,,,,,,,,,
Jay Huff,10/25,24-25,HOU,Away,L,128.0,108.0,15.0,,1.0,,8.0,3.0,2.0,2.0,2.0,3.0,7.0,43.0,0.0,0.0,0.0,2.0,4.0,50.0,,,,,,,,,,
Jay Huff,10/23,24-25,UTH,Away,L,126.0,124.0,22.0,,1.0,,13.0,5.0,3.0,0.0,2.0,4.0,6.0,67.0,2.0,2.0,100.0,3.0,5.0,60.0,,,,,,,,,,
Russell Westbrook,11/16,25-26,SAS,Away,L,123.0,110.0,34.0,7.5,7.0,U,14.0,9.0,3.0,2.0,0.0,4.0,11.0,36.0,3.0,6.0,50.0,3.0,6.0,50.0,SAS,-5.5,,,,,,,,
Russell Westbrook,11/14,25-26,MIN,Away,L,124.0,110.0,31.0,6.5,14.0,O,13.0,10.0,2.0,0.0,0.0,5.0,11.0,45.0,1.0,4.0,25.0,2.0,5.0,40.0,MIN,-11.5,,,,,,,,
Russell Westbrook,11/12,25-26,ATL,Home,L,133.0,100.0,22.0,5.5,3.0,U,10.0,2.0,1.0,0.0,0.0,4.0,11.0,36.0,1.0,2.0,50.0,1.0,5.0,20.0,ATL,-4.0,,,,,,,,
Russell Westbrook,11/11,25-26,DEN,Home,L,122.0,108.0,31.0,5.5,11.0,O,14.0,8.0,1.0,0.0,0.0,3.0,12.0,25.0,7.0,7.0,100.0,1.0,7.0,14.0,DEN,-6.5,,,,,,,,
Russell Westbrook,11/9,25-26,MIN,Home,L,144.0,117.0,15.0,6.5,1.0,U,6.0,0.0,2.0,1.0,1.0,2.0,7.0,29.0,0.0,0.0,0.0,2.0,5.0,40.0,MIN,-4.5,,,,,,,,
Russell Westbrook,11/7,25-26,OKC,Home,L,132.0,101.0,35.0,5.5,9.0,O,24.0,7.0,5.0,0.0,0.0,9.0,17.0,53.0,1.0,2.0,50.0,5.0,9.0,56.0,OKC,-9.0,,,,,,,,
Russell Westbrook,11/5,25-26,GSW,Home,W,121.0,116.0,35.0,4.5,10.0,O,23.0,16.0,3.0,1.0,0.0,9.0,13.0,69.0,2.0,2.0,100.0,3.0,4.0,75.0,SAC,-2.5,,,,,,,,
Russell Westbrook,11/3,25-26,DEN,Away,L,130.0,124.0,37.0,4.5,6.0,O,26.0,12.0,3.0,2.0,0.0,10.0,17.0,59.0,3.0,3.0,100.0,3.0,6.0,50.0,SAC,10.5,,,,,,,,
Russell Westbrook,11/1,25-26,MIL,Away,W,135.0,133.0,33.0,3.5,10.0,O,12.0,5.0,0.0,2.0,0.0,4.0,14.0,29.0,4.0,4.0,100.0,0.0,5.0,0.0,SAC,6.5,,,,,,,,
Russell Westbrook,10/29,25-26,CHI,Away,L,126.0,113.0,28.0,4.5,4.0,U,12.0,2.0,1.0,3.0,0.0,4.0,9.0,44.0,3.0,4.0,75.0,1.0,4.0,25.0,CHI,-4.5,,,,,,,,
Russell Westbrook,10/28,25-26,OKC,Away,L,107.0,101.0,30.0,2.5,4.0,O,16.0,9.0,4.0,1.0,0.0,6.0,16.0,38.0,0.0,0.0,0.0,4.0,8.0,50.0,SAC,11.0,,,,,,,,
Russell Westbrook,10/26,25-26,LAL,Home,L,127.0,120.0,27.0,2.5,6.0,O,18.0,6.0,4.0,1.0,0.0,6.0,12.0,50.0,2.0,6.0,33.0,4.0,6.0,67.0,LAL,3.5,,,,,,,,
Russell Westbrook,10/24,25-26,UTH,Home,W,105.0,104.0,17.0,3.5,4.0,O,7.0,1.0,1.0,1.0,0.0,3.0,5.0,60.0,0.0,0.0,0.0,1.0,2.0,50.0,UTH,5.5,,,,,,,,
Russell Westbrook,10/22,25-26,PHO,Away,L,120.0,116.0,18.0,3.5,1.0,U,6.0,6.0,0.0,0.0,1.0,2.0,8.0,25.0,2.0,3.0,67.0,0.0,2.0,0.0,PHO,-3.5,,,,,,,,
Russell Westbrook,5/15,24-25,OKC,Home,L,119.0,107.0,16.0,3.5,0.0,U,8.0,3.0,0.0,0.0,1.0,3.0,8.0,38.0,2.0,4.0,50.0,0.0,2.0,0.0,,,,,,,,,,
Russell Westbrook,5/13,24-25,OKC,Away,L,112.0,105.0,19.0,3.5,3.0,U,4.0,4.0,0.0,1.0,0.0,1.0,7.0,14.0,2.0,2.0,100.0,0.0,3.0,0.0,,,,,,,,,,
Russell Westbrook,5/11,24-25,OKC,Home,L,92.0,87.0,26.0,3.5,1.0,U,6.0,3.0,2.0,1.0,0.0,2.0,12.0,17.0,0.0,0.0,0.0,2.0,9.0,22.0,,,,,,,,,,
Russell Westbrook,5/9,24-25,OKC,Home,L,113.0,104.0,22.0,4.5,4.0,U,8.0,1.0,1.0,2.0,0.0,3.0,8.0,38.0,1.0,2.0,50.0,1.0,4.0,25.0,,,,,,,,,,
Russell Westbrook,5/7,24-25,OKC,Away,L,149.0,106.0,21.0,3.5,5.0,O,19.0,1.0,1.0,0.0,0.0,5.0,11.0,45.0,8.0,10.0,80.0,1.0,4.0,25.0,,,,,,,,,,
Russell Westbrook,5/5,24-25,OKC,Away,L,121.0,119.0,30.0,3.5,2.0,U,18.0,2.0,1.0,0.0,0.0,7.0,13.0,54.0,3.0,5.0,60.0,1.0,5.0,20.0,,,,,,,,,,
Russell Westbrook,5/3,24-25,LAC,Home,L,120.0,101.0,27.0,3.5,5.0,O,16.0,5.0,2.0,5.0,0.0,5.0,9.0,56.0,4.0,6.0,67.0,2.0,4.0,50.0,,,,,,,,,,
Russell Westbrook,5/1,24-25,LAC,Away,L,111.0,105.0,34.0,2.5,6.0,O,14.0,10.0,2.0,0.0,0.0,5.0,10.0,50.0,2.0,3.0,67.0,2.0,4.0,50.0,,,,,,,,,,
Russell Westbrook,4/29,24-25,LAC,Home,L,131.0,115.0,25.0,2.5,1.0,U,21.0,1.0,3.0,0.0,0.0,8.0,15.0,53.0,2.0,2.0,100.0,3.0,6.0,50.0,,,,,,,,,,
Russell Westbrook,4/24,24-25,LAC,Away,L,117.0,83.0,8.0,3.5,1.0,U,3.0,1.0,1.0,0.0,0.0,1.0,5.0,20.0,0.0,0.0,0.0,1.0,5.0,20.0,,,,,,,,,,
Russell Westbrook,4/21,24-25,LAC,Home,L,105.0,102.0,23.0,3.5,1.0,U,14.0,4.0,3.0,1.0,0.0,5.0,11.0,45.0,1.0,2.0,50.0,3.0,6.0,50.0,,,,,,,,,,
Russell Westbrook,4/19,24-25,LAC,Home,L,112.0,110.0,34.0,3.5,3.0,U,15.0,8.0,2.0,2.0,0.0,5.0,17.0,29.0,3.0,4.0,75.0,2.0,6.0,33.0,,,,,,,,,,
Russell Westbrook,4/13,24-25,HOU,Away,L,126.0,111.0,22.0,3.5,6.0,O,17.0,0.0,0.0,0.0,0.0,5.0,9.0,56.0,7.0,8.0,88.0,0.0,3.0,0.0,,,,,,,,,,
Russell Westbrook,4/11,24-25,MEM,Home,L,117.0,109.0,26.0,4.5,4.0,U,14.0,3.0,1.0,2.0,0.0,4.0,9.0,44.0,5.0,5.0,100.0,1.0,3.0,33.0,,,,,,,,,,
Russell Westbrook,4/9,24-25,SAC,Away,L,124.0,116.0,16.0,5.5,4.0,U,5.0,4.0,0.0,1.0,0.0,2.0,11.0,18.0,1.0,1.0,100.0,0.0,4.0,0.0,DEN,-4.5,,,,,,,,
Russell Westbrook,4/6,24-25,IND,Home,L,125.0,120.0,23.0,5.5,4.0,U,16.0,5.0,1.0,0.0,0.0,6.0,10.0,60.0,3.0,4.0,75.0,1.0,2.0,50.0,,,,,,,,,,
Russell Westbrook,4/4,24-25,GSW,Away,L,118.0,104.0,19.0,5.5,2.0,U,5.0,4.0,1.0,1.0,1.0,2.0,9.0,22.0,0.0,0.0,0.0,1.0,3.0,33.0,,,,,,,,,,
Russell Westbrook,4/2,24-25,SAS,Home,L,113.0,106.0,39.0,8.5,6.0,U,30.0,11.0,3.0,3.0,0.0,11.0,25.0,44.0,5.0,6.0,83.0,3.0,10.0,30.0,,,,,,,,,,
Russell Westbrook,4/1,24-25,MIN,Home,L,140.0,139.0,38.0,6.5,7.0,O,12.0,6.0,0.0,1.0,2.0,4.0,11.0,36.0,4.0,7.0,57.0,0.0,3.0,0.0,,,,,,,,,,
Russell Westbrook,3/28,24-25,UTH,Home,L,129.0,93.0,24.0,6.5,7.0,O,17.0,2.0,1.0,3.0,0.0,6.0,10.0,60.0,4.0,5.0,80.0,1.0,3.0,33.0,,,,,,,,,,
Russell Westbrook,3/26,24-25,MIL,Home,L,127.0,117.0,23.0,4.5,6.0,O,6.0,2.0,1.0,1.0,0.0,2.0,9.0,22.0,1.0,4.0,25.0,1.0,6.0,17.0,,,,,,,,,,
Russell Westbrook,3/24,24-25,CHI,Home,L,129.0,119.0,25.0,6.5,10.0,O,14.0,5.0,1.0,1.0,0.0,5.0,14.0,36.0,3.0,4.0,75.0,1.0,5.0,20.0,,,,,,,,,,
Russell Westbrook,3/23,24-25,HOU,Away,L,116.0,111.0,23.0,6.5,1.0,U,14.0,2.0,2.0,1.0,2.0,5.0,11.0,45.0,2.0,4.0,50.0,2.0,4.0,50.0,,,,,,,,,,
Russell Westbrook,3/21,24-25,POR,Away,L,128.0,109.0,29.0,7.5,4.0,U,18.0,4.0,0.0,3.0,0.0,6.0,13.0,46.0,6.0,8.0,75.0,0.0,1.0,0.0,,,,,,,,,,
Russell Westbrook,3/19,24-25,LAL,Away,L,120.0,108.0,28.0,9.5,9.0,U,12.0,4.0,1.0,2.0,0.0,4.0,14.0,29.0,3.0,5.0,60.0,1.0,4.0,25.0,,,,,,,,,,
Russell Westbrook,3/17,24-25,GSW,Away,L,114.0,105.0,42.0,7.5,16.0,O,12.0,12.0,2.0,3.0,2.0,5.0,18.0,28.0,0.0,0.0,0.0,2.0,9.0,22.0,,,,,,,,,,
Russell Westbrook,3/15,24-25,WAS,Home,L,126.0,123.0,36.0,6.5,11.0,O,22.0,4.0,4.0,1.0,0.0,9.0,19.0,47.0,0.0,0.0,0.0,4.0,8.0,50.0,,,,,,,,,,
Russell Westbrook,3/14,24-25,LAL,Home,L,131.0,126.0,27.0,4.5,7.0,O,17.0,6.0,3.0,1.0,0.0,7.0,16.0,44.0,0.0,0.0,0.0,3.0,6.0,50.0,,,,,,,,,,
Russell Westbrook,3/12,24-25,MIN,Home,L,115.0,95.0,33.0,5.5,1.0,U,19.0,4.0,1.0,3.0,0.0,8.0,12.0,67.0,2.0,2.0,100.0,1.0,4.0,25.0,,,,,,,,,,
Russell Westbrook,3/10,24-25,OKC,Away,L,140.0,127.0,32.0,5.5,7.0,O,16.0,5.0,3.0,0.0,1.0,6.0,10.0,60.0,1.0,2.0,50.0,3.0,5.0,60.0,,,,,,,,,,
Russell Westbrook,3/9,24-25,OKC,Away,L,127.0,103.0,30.0,4.5,5.0,O,4.0,11.0,1.0,0.0,1.0,1.0,9.0,11.0,1.0,2.0,50.0,1.0,5.0,20.0,,,,,,,,,,
Russell Westbrook,3/7,24-25,PHO,Home,L,149.0,141.0,25.0,4.5,4.0,U,14.0,3.0,1.0,1.0,0.0,6.0,11.0,55.0,1.0,1.0,100.0,1.0,2.0,50.0,,,,,,,,,,
Russell Westbrook,3/5,24-25,SAC,Home,L,116.0,110.0,35.0,5.5,3.0,U,25.0,5.0,4.0,2.0,2.0,10.0,20.0,50.0,1.0,1.0,100.0,4.0,7.0,57.0,SAC,8.5,,,,,,,,
Russell Westbrook,3/2,24-25,BOS,Away,L,110.0,103.0,35.0,4.5,6.0,O,12.0,3.0,2.0,2.0,1.0,5.0,13.0,38.0,0.0,1.0,0.0,2.0,8.0,25.0,,,,,,,,,,
Russell Westbrook,2/28,24-25,DET,Away,L,134.0,119.0,21.0,5.5,2.0,U,8.0,4.0,1.0,1.0,1.0,3.0,7.0,43.0,1.0,2.0,50.0,1.0,2.0,50.0,,,,,,,,,,
Russell Westbrook,2/27,24-25,MIL,Away,L,121.0,112.0,25.0,4.5,5.0,O,10.0,6.0,1.0,1.0,0.0,4.0,13.0,31.0,1.0,1.0,100.0,1.0,4.0,25.0,,,,,,,,,,
Russell Westbrook,2/24,24-25,IND,Away,L,125.0,116.0,23.0,4.5,5.0,O,7.0,3.0,0.0,0.0,0.0,2.0,8.0,25.0,3.0,4.0,75.0,0.0,3.0,0.0,,,,,,,,,,
Russell Westbrook,2/22,24-25,LAL,Home,L,123.0,100.0,24.0,5.5,1.0,U,17.0,4.0,3.0,0.0,0.0,7.0,17.0,41.0,0.0,2.0,0.0,3.0,7.0,43.0,,,,,,,,,,
Russell Westbrook,2/20,24-25,CHA,Home,L,129.0,115.0,25.0,5.5,7.0,O,8.0,3.0,1.0,0.0,0.0,3.0,10.0,30.0,1.0,1.0,100.0,1.0,4.0,25.0,,,,,,,,,,
Russell Westbrook,1/31,24-25,PHI,Away,L,137.0,134.0,25.0,5.5,7.0,O,4.0,0.0,0.0,2.0,0.0,2.0,3.0,67.0,0.0,0.0,0.0,0.0,1.0,0.0,,,,,,,,,,
Russell Westbrook,1/29,24-25,NYK,Away,L,122.0,112.0,37.0,6.5,4.0,U,14.0,14.0,0.0,0.0,1.0,5.0,11.0,45.0,4.0,6.0,67.0,0.0,2.0,0.0,,,,,,,,,,
Russell Westbrook,1/27,24-25,CHI,Away,L,129.0,121.0,34.0,6.5,5.0,U,14.0,3.0,0.0,1.0,0.0,6.0,10.0,60.0,2.0,2.0,100.0,0.0,1.0,0.0,,,,,,,,,,
Russell Westbrook,1/25,24-25,MIN,Away,L,133.0,104.0,27.0,5.5,4.0,U,13.0,6.0,0.0,2.0,0.0,6.0,10.0,60.0,1.0,1.0,100.0,0.0,3.0,0.0,,,,,,,,,,
Russell Westbrook,1/23,24-25,SAC,Home,L,132.0,123.0,31.0,6.5,3.0,U,18.0,5.0,2.0,1.0,0.0,7.0,10.0,70.0,2.0,6.0,33.0,2.0,4.0,50.0,DEN,-7.5,,,,,,,,
Russell Westbrook,1/21,24-25,PHI,Home,L,144.0,109.0,25.0,6.5,9.0,O,11.0,7.0,1.0,1.0,0.0,4.0,5.0,80.0,2.0,2.0,100.0,1.0,2.0,50.0,,,,,,,,,,
Russell Westbrook,1/19,24-25,ORL,Away,L,113.0,100.0,25.0,5.5,6.0,O,12.0,5.0,1.0,0.0,0.0,5.0,9.0,56.0,1.0,2.0,50.0,1.0,3.0,33.0,,,,,,,,,,
Russell Westbrook,1/17,24-25,MIA,Away,L,133.0,113.0,26.0,5.5,7.0,O,11.0,0.0,3.0,0.0,0.0,4.0,7.0,57.0,0.0,0.0,0.0,3.0,4.0,75.0,,,,,,,,,,
Russell Westbrook,1/15,24-25,HOU,Home,L,128.0,108.0,24.0,7.5,2.0,U,17.0,4.0,3.0,1.0,0.0,6.0,14.0,43.0,2.0,2.0,100.0,3.0,5.0,60.0,,,,,,,,,,
Russell Westbrook,1/14,24-25,DAL,Away,L,118.0,99.0,26.0,6.5,3.0,U,9.0,6.0,1.0,2.0,1.0,3.0,11.0,27.0,2.0,2.0,100.0,1.0,3.0,33.0,,,,,,,,,,
Russell Westbrook,1/12,24-25,DAL,Away,L,112.0,101.0,33.0,6.5,7.0,O,21.0,10.0,0.0,1.0,2.0,10.0,17.0,59.0,1.0,3.0,33.0,0.0,2.0,0.0,,,,,,,,,,
Russell Westbrook,1/10,24-25,BKN,Home,L,124.0,105.0,36.0,6.5,10.0,O,25.0,11.0,2.0,1.0,1.0,8.0,17.0,47.0,7.0,9.0,78.0,2.0,5.0,40.0,,,,,,,,,,
Russell Westbrook,1/8,24-25,LAC,Home,L,126.0,103.0,29.0,7.5,8.0,O,19.0,6.0,1.0,0.0,0.0,8.0,16.0,50.0,2.0,5.0,40.0,1.0,5.0,20.0,,,,,,,,,,
Russell Westbrook,1/7,24-25,BOS,Home,L,118.0,106.0,33.0,7.5,6.0,U,26.0,9.0,4.0,1.0,1.0,9.0,18.0,50.0,4.0,5.0,80.0,4.0,9.0,44.0,,,,,,,,,,
Russell Westbrook,1/4,24-25,SAS,Away,L,122.0,111.0,36.0,7.5,6.0,U,9.0,10.0,1.0,3.0,1.0,4.0,11.0,36.0,0.0,0.0,0.0,1.0,4.0,25.0,,,,,,,,,,
Russell Westbrook,1/3,24-25,SAS,Home,L,113.0,110.0,31.0,7.5,8.0,O,9.0,6.0,1.0,2.0,0.0,4.0,7.0,57.0,0.0,2.0,0.0,1.0,2.0,50.0,,,,,,,,,,
Russell Westbrook,1/1,24-25,ATL,Home,L,139.0,120.0,25.0,7.5,11.0,O,16.0,2.0,1.0,0.0,0.0,5.0,6.0,83.0,5.0,5.0,100.0,1.0,2.0,50.0,,,,,,,,,,
Russell Westbrook,12/30,24-25,UTH,Away,L,132.0,121.0,32.0,6.5,10.0,O,16.0,10.0,0.0,4.0,0.0,7.0,7.0,100.0,2.0,2.0,100.0,0.0,0.0,0.0,,,,,,,,,,
Russell Westbrook,12/28,24-25,DET,Home,L,134.0,121.0,30.0,6.5,8.0,O,8.0,9.0,0.0,2.0,0.0,4.0,6.0,67.0,0.0,0.0,0.0,0.0,1.0,0.0,,,,,,,,,,
Russell Westbrook,12/27,24-25,CLE,Home,L,149.0,135.0,29.0,6.5,7.0,O,11.0,4.0,1.0,1.0,0.0,5.0,13.0,38.0,0.0,0.0,0.0,1.0,5.0,20.0,,,,,,,,,,
Russell Westbrook,12/25,24-25,PHO,Away,L,110.0,100.0,27.0,5.5,2.0,U,17.0,6.0,1.0,1.0,0.0,6.0,12.0,50.0,4.0,7.0,57.0,1.0,4.0,25.0,,,,,,,,,,
Russell Westbrook,12/23,24-25,PHO,Home,L,117.0,90.0,24.0,8.5,7.0,U,11.0,5.0,1.0,2.0,0.0,5.0,12.0,42.0,0.0,0.0,0.0,1.0,5.0,20.0,,,,,,,,,,
Russell Westbrook,12/22,24-25,NOR,Away,L,132.0,129.0,35.0,6.5,5.0,U,21.0,5.0,1.0,3.0,1.0,9.0,14.0,64.0,2.0,4.0,50.0,1.0,4.0,25.0,,,,,,,,,,
Russell Westbrook,12/19,24-25,POR,Away,L,126.0,124.0,33.0,5.5,7.0,O,19.0,4.0,2.0,1.0,2.0,8.0,12.0,67.0,1.0,2.0,50.0,2.0,4.0,50.0,,,,,,,,,,
Russell Westbrook,12/16,24-25,SAC,Away,L,130.0,129.0,34.0,6.5,10.0,O,18.0,9.0,0.0,3.0,0.0,8.0,13.0,62.0,2.0,4.0,50.0,0.0,3.0,0.0,DEN,1.0,,,,,,,,
Russell Westbrook,12/13,24-25,LAC,Home,L,120.0,98.0,24.0,5.5,5.0,U,5.0,1.0,0.0,3.0,0.0,2.0,9.0,22.0,1.0,2.0,50.0,0.0,3.0,0.0,,,,,,,,,,
Russell Westbrook,12/8,24-25,ATL,Away,L,141.0,111.0,30.0,7.5,11.0,O,9.0,1.0,1.0,2.0,1.0,4.0,6.0,67.0,0.0,1.0,0.0,1.0,3.0,33.0,,,,,,,,,,
Russell Westbrook,12/7,24-25,WAS,Away,L,122.0,113.0,32.0,8.5,12.0,O,7.0,10.0,0.0,4.0,1.0,3.0,6.0,50.0,1.0,4.0,25.0,0.0,2.0,0.0,,,,,,,,,,
Russell Westbrook,12/5,24-25,CLE,Away,L,126.0,114.0,15.0,4.5,3.0,U,10.0,3.0,1.0,1.0,1.0,4.0,9.0,44.0,1.0,2.0,50.0,1.0,3.0,33.0,,,,,,,,,,
Russell Westbrook,12/3,24-25,GSW,Home,L,119.0,115.0,22.0,5.5,5.0,U,7.0,1.0,1.0,0.0,0.0,3.0,7.0,43.0,0.0,0.0,0.0,1.0,3.0,33.0,,,,,,,,,,
Russell Westbrook,12/1,24-25,LAC,Away,L,126.0,122.0,24.0,4.5,8.0,O,9.0,3.0,1.0,2.0,1.0,3.0,11.0,27.0,2.0,4.0,50.0,1.0,5.0,20.0,,,,,,,,,,
Russell Westbrook,11/27,24-25,UTH,Away,L,122.0,103.0,19.0,5.5,5.0,U,10.0,1.0,1.0,2.0,1.0,3.0,9.0,33.0,3.0,4.0,75.0,1.0,4.0,25.0,,,,,,,,,,
Russell Westbrook,11/25,24-25,NYK,Home,L,145.0,118.0,25.0,5.5,3.0,U,27.0,3.0,4.0,2.0,1.0,9.0,16.0,56.0,5.0,5.0,100.0,4.0,7.0,57.0,,,,,,,,,,
Russell Westbrook,11/23,24-25,LAL,Away,L,127.0,102.0,24.0,4.5,11.0,O,14.0,7.0,1.0,1.0,0.0,6.0,10.0,60.0,1.0,2.0,50.0,1.0,4.0,25.0,,,,,,,,,,
Russell Westbrook,11/22,24-25,DAL,Home,L,123.0,120.0,26.0,4.5,4.0,U,16.0,1.0,4.0,2.0,0.0,5.0,13.0,38.0,2.0,5.0,40.0,4.0,6.0,67.0,,,,,,,,,,
Russell Westbrook,11/19,24-25,MEM,Away,L,122.0,110.0,32.0,4.5,14.0,O,12.0,10.0,1.0,2.0,1.0,5.0,12.0,42.0,1.0,2.0,50.0,1.0,4.0,25.0,,,,,,,,,,
Russell Westbrook,11/17,24-25,MEM,Away,L,105.0,90.0,23.0,5.5,3.0,U,12.0,3.0,2.0,1.0,1.0,4.0,10.0,40.0,2.0,4.0,50.0,2.0,3.0,67.0,,,,,,,,,,
Russell Westbrook,11/15,24-25,NOR,Away,L,101.0,94.0,21.0,6.5,7.0,O,5.0,4.0,1.0,0.0,0.0,2.0,8.0,25.0,0.0,0.0,0.0,1.0,3.0,33.0,,,,,,,,,,
Russell Westbrook,11/10,24-25,DAL,Home,L,122.0,120.0,19.0,5.5,5.0,U,6.0,5.0,0.0,1.0,0.0,3.0,10.0,30.0,0.0,0.0,0.0,0.0,2.0,0.0,,,,,,,,,,
Russell Westbrook,11/8,24-25,MIA,Home,L,135.0,122.0,24.0,4.5,10.0,O,6.0,4.0,2.0,0.0,1.0,2.0,5.0,40.0,0.0,0.0,0.0,2.0,3.0,67.0,,,,,,,,,,
Russell Westbrook,11/6,24-25,OKC,Home,L,124.0,122.0,32.0,6.5,6.0,U,29.0,6.0,3.0,1.0,0.0,10.0,15.0,67.0,6.0,9.0,67.0,3.0,4.0,75.0,,,,,,,,,,
Russell Westbrook,11/4,24-25,TOR,Home,L,121.0,119.0,34.0,6.5,6.0,U,21.0,6.0,1.0,1.0,1.0,6.0,10.0,60.0,8.0,10.0,80.0,1.0,5.0,20.0,,,,,,,,,,
Russell Westbrook,11/2,24-25,UTH,Home,L,129.0,103.0,31.0,6.5,7.0,O,5.0,3.0,1.0,5.0,0.0,2.0,11.0,18.0,0.0,4.0,0.0,1.0,4.0,25.0,,,,,,,,,,
Russell Westbrook,11/1,24-25,MIN,Away,L,119.0,116.0,25.0,3.5,5.0,O,5.0,6.0,0.0,2.0,1.0,1.0,8.0,13.0,3.0,4.0,75.0,0.0,3.0,0.0,,,,,,,,,,
Russell Westbrook,10/29,24-25,BKN,Away,L,144.0,139.0,20.0,3.5,5.0,O,22.0,1.0,2.0,1.0,0.0,5.0,12.0,42.0,10.0,10.0,100.0,2.0,2.0,100.0,,,,,,,,,,
Russell Westbrook,10/28,24-25,TOR,Away,L,127.0,125.0,17.0,3.5,3.0,U,9.0,4.0,0.0,1.0,0.0,3.0,7.0,43.0,3.0,4.0,75.0,0.0,1.0,0.0,,,,,,,,,,
Russell Westbrook,10/26,24-25,LAC,Home,L,109.0,104.0,19.0,4.5,2.0,U,2.0,1.0,0.0,2.0,1.0,0.0,8.0,0.0,2.0,2.0,100.0,0.0,3.0,0.0,,,,,,,,,,
Russell Westbrook,10/24,24-25,OKC,Home,L,102.0,87.0,21.0,3.5,5.0,O,6.0,5.0,1.0,1.0,2.0,2.0,10.0,20.0,1.0,4.0,25.0,1.0,6.0,17.0,,,,,,,,,,
Dario Saric,10/26,25-26,LAL,Home,L,127.0,120.0,4.0,,0.0,,0.0,0.0,0.0,0.0,0.0,0.0,1.0,0.0,0.0,0.0,0.0,0.0,0.0,0.0,LAL,3.5,,,,,,,,
Dario Saric,10/24,25-26,UTH,Home,W,105.0,104.0,15.0,,2.0,,5.0,2.0,1.0,0.0,0.0,1.0,2.0,50.0,2.0,2.0,100.0,1.0,2.0,50.0,UTH,5.5,,,,,,,,
Dario Saric,10/22,25-26,PHO,Away,L,120.0,116.0,7.0,1.5,0.0,U,0.0,3.0,0.0,0.0,0.0,0.0,2.0,0.0,0.0,0.0,0.0,0.0,0.0,0.0,PHO,-3.5,,,,,,,,
Dario Saric,2/28,24-25,DET,Away,L,134.0,119.0,3.0,,0.0,,3.0,0.0,1.0,0.0,0.0,1.0,2.0,50.0,0.0,0.0,0.0,1.0,2.0,50.0,,,,,,,,,,
Dario Saric,2/12,24-25,POR,Home,L,132.0,121.0,7.0,,0.0,,0.0,2.0,0.0,0.0,0.0,0.0,0.0,0.0,0.0,0.0,0.0,0.0,0.0,0.0,,,,,,,,,,
Dario Saric,1/15,24-25,HOU,Home,L,128.0,108.0,18.0,,5.0,,8.0,4.0,0.0,0.0,0.0,3.0,4.0,75.0,2.0,4.0,50.0,0.0,0.0,0.0,,,,,,,,,,
Dario Saric,1/8,24-25,LAC,Home,L,126.0,103.0,20.0,,2.0,,7.0,7.0,1.0,1.0,0.0,3.0,8.0,38.0,0.0,0.0,0.0,1.0,4.0,25.0,,,,,,,,,,
Dario Saric,1/7,24-25,BOS,Home,L,118.0,106.0,16.0,,4.0,,0.0,1.0,0.0,0.0,1.0,0.0,2.0,0.0,0.0,0.0,0.0,0.0,1.0,0.0,,,,,,,,,,
Dario Saric,11/23,24-25,LAL,Away,L,127.0,102.0,3.0,,1.0,,0.0,1.0,0.0,0.0,0.0,0.0,1.0,0.0,0.0,0.0,0.0,0.0,1.0,0.0,,,,,,,,,,
Dario Saric,11/22,24-25,DAL,Home,L,123.0,120.0,3.0,,0.0,,2.0,3.0,0.0,0.0,0.0,0.0,2.0,0.0,2.0,2.0,100.0,0.0,1.0,0.0,,,,,,,,,,
Dario Saric,11/19,24-25,MEM,Away,L,122.0,110.0,18.0,,1.0,,8.0,5.0,2.0,2.0,0.0,2.0,6.0,33.0,2.0,2.0,100.0,2.0,4.0,50.0,,,,,,,,,,
Dario Saric,11/17,24-25,MEM,Away,L,105.0,90.0,32.0,,3.0,,10.0,10.0,2.0,2.0,0.0,4.0,10.0,40.0,0.0,0.0,0.0,2.0,5.0,40.0,,,,,,,,,,
Dario Saric,11/15,24-25,NOR,Away,L,101.0,94.0,33.0,,5.0,,9.0,8.0,1.0,1.0,0.0,4.0,9.0,44.0,0.0,0.0,0.0,1.0,5.0,20.0,,,,,,,,,,
Dario Saric,11/1,24-25,MIN,Away,L,119.0,116.0,4.0,,0.0,,0.0,2.0,0.0,0.0,0.0,0.0,3.0,0.0,0.0,0.0,0.0,0.0,2.0,0.0,,,,,,,,,,
Dario Saric,10/29,24-25,BKN,Away,L,144.0,139.0,12.0,,0.0,,3.0,2.0,0.0,0.0,0.0,1.0,2.0,50.0,1.0,2.0,50.0,0.0,0.0,0.0,,,,,,,,,,
Dario Saric,10/28,24-25,TOR,Away,L,127.0,125.0,4.0,,1.0,,0.0,1.0,0.0,0.0,0.0,0.0,3.0,0.0,0.0,0.0,0.0,0.0,0.0,0.0,,,,,,,,,,
Dario Saric,10/26,24-25,LAC,Home,L,109.0,104.0,11.0,,0.0,,0.0,2.0,0.0,0.0,0.0,0.0,2.0,0.0,0.0,0.0,0.0,0.0,0.0,0.0,,,,,,,,,,
Dario Saric,10/24,24-25,OKC,Home,L,102.0,87.0,11.0,2.5,0.0,U,2.0,1.0,0.0,1.0,0.0,1.0,2.0,50.0,0.0,0.0,0.0,0.0,1.0,0.0,,,,,,,,,,
Vlatko Cancar,,25-26,,,,,,,,,,,,,,,,,,,,,,,,,,"Click to view system
Desmond Bane Assists Overs When Favored",+23.48u,60-30-5 (67%),,,,,
Vlatko Cancar,,25-26,,,,,,,,,,,,,,,,,,,,,,,,,,"Click to view system
Click to go premium",,,,,,,
Vlatko Cancar,,25-26,,,,,,,,,,,,,,,,,,,,,,,,,,"Click to view system
Click to go premium",,,,,,,
Vlatko Cancar,4/29,24-25,LAC,Home,L,131.0,115.0,1.0,,0.0,,0.0,0.0,0.0,0.0,0.0,0.0,0.0,0.0,0.0,0.0,0.0,0.0,0.0,0.0,,,,,,,,,,
Vlatko Cancar,4/26,24-25,LAC,Away,L,101.0,99.0,2.0,,0.0,,0.0,0.0,0.0,0.0,0.0,0.0,0.0,0.0,0.0,0.0,0.0,0.0,0.0,0.0,,,,,,,,,,
Vlatko Cancar,4/4,24-25,GSW,Away,L,118.0,104.0,4.0,,0.0,,0.0,0.0,0.0,0.0,0.0,0.0,0.0,0.0,0.0,0.0,0.0,0.0,0.0,0.0,,,,,,,,,,
Vlatko Cancar,4/2,24-25,SAS,Home,L,113.0,106.0,25.0,2.5,2.0,U,8.0,3.0,2.0,2.0,1.0,3.0,7.0,43.0,0.0,0.0,0.0,2.0,6.0,33.0,,,,,,,,,,
Vlatko Cancar,3/24,24-25,CHI,Home,L,129.0,119.0,12.0,,0.0,,0.0,3.0,0.0,0.0,0.0,0.0,3.0,0.0,0.0,0.0,0.0,0.0,2.0,0.0,,,,,,,,,,
Vlatko Cancar,3/21,24-25,POR,Away,L,128.0,109.0,4.0,,2.0,,0.0,0.0,0.0,0.0,0.0,0.0,0.0,0.0,0.0,0.0,0.0,0.0,0.0,0.0,,,,,,,,,,
Vlatko Cancar,3/19,24-25,LAL,Away,L,120.0,108.0,22.0,,3.0,,2.0,8.0,0.0,0.0,0.0,1.0,4.0,25.0,0.0,0.0,0.0,0.0,2.0,0.0,,,,,,,,,,
Vlatko Cancar,3/17,24-25,GSW,Away,L,114.0,105.0,23.0,,2.0,,5.0,8.0,1.0,1.0,0.0,2.0,4.0,50.0,0.0,0.0,0.0,1.0,2.0,50.0,,,,,,,,,,
Vlatko Cancar,3/15,24-25,WAS,Home,L,126.0,123.0,2.0,,0.0,,0.0,0.0,0.0,0.0,0.0,0.0,1.0,0.0,0.0,0.0,0.0,0.0,1.0,0.0,,,,,,,,,,
Vlatko Cancar,3/12,24-25,MIN,Home,L,115.0,95.0,5.0,,0.0,,0.0,2.0,0.0,0.0,0.0,0.0,0.0,0.0,0.0,0.0,0.0,0.0,0.0,0.0,,,,,,,,,,
Vlatko Cancar,3/9,24-25,OKC,Away,L,127.0,103.0,1.0,,0.0,,0.0,0.0,0.0,0.0,0.0,0.0,0.0,0.0,0.0,0.0,0.0,0.0,0.0,0.0,,,,,,,,,,
Vlatko Cancar,11/19,24-25,MEM,Away,L,122.0,110.0,11.0,,0.0,,5.0,4.0,1.0,0.0,0.0,2.0,3.0,67.0,0.0,0.0,0.0,1.0,1.0,100.0,,,,,,,,,,
Vlatko Cancar,11/17,24-25,MEM,Away,L,105.0,90.0,13.0,,0.0,,2.0,1.0,0.0,0.0,0.0,1.0,2.0,50.0,0.0,0.0,0.0,0.0,1.0,0.0,,,,,,,,,,
Vlatko Cancar,11/15,24-25,NOR,Away,L,101.0,94.0,8.0,,0.0,,2.0,2.0,0.0,0.0,1.0,1.0,2.0,50.0,0.0,0.0,0.0,0.0,0.0,0.0,,,,,,,,,,
Vlatko Cancar,10/24,24-25,OKC,Home,L,102.0,87.0,1.0,,0.0,,0.0,1.0,0.0,0.0,0.0,0.0,0.0,0.0,0.0,0.0,0.0,0.0,0.0,0.0,,,,,,,,,,
Jalen Pickett,11/17,25-26,CHI,Home,L,130.0,127.0,10.0,,0.0,,3.0,1.0,1.0,0.0,0.0,1.0,3.0,33.0,0.0,0.0,0.0,1.0,1.0,100.0,CHI,13.5,,,,,,,,
Jalen Pickett,11/12,25-26,LAC,Away,W,130.0,116.0,3.0,,1.0,,3.0,1.0,1.0,0.0,0.0,1.0,1.0,100.0,0.0,0.0,0.0,1.0,1.0,100.0,DEN,-4.5,,,,,,,,
Jalen Pickett,11/8,25-26,IND,Home,W,117.0,100.0,17.0,,0.0,,2.0,1.0,0.0,0.0,0.0,1.0,4.0,25.0,0.0,0.0,0.0,0.0,1.0,0.0,DEN,-12.0,,,,,,,,
Jalen Pickett,11/7,25-26,GSW,Home,W,129.0,104.0,4.0,,3.0,,0.0,2.0,0.0,0.0,0.0,0.0,0.0,0.0,0.0,0.0,0.0,0.0,0.0,0.0,DEN,-5.5,,,,,,,,
Jalen Pickett,10/29,25-26,NOR,Home,W,122.0,88.0,12.0,,3.0,,8.0,2.0,1.0,0.0,0.0,3.0,6.0,50.0,1.0,1.0,100.0,1.0,4.0,25.0,DEN,-11.5,,,,,,,,
Jalen Pickett,10/27,25-26,MIN,Away,W,127.0,114.0,1.0,,0.0,,0.0,0.0,0.0,0.0,0.0,0.0,0.0,0.0,0.0,0.0,0.0,0.0,0.0,0.0,DEN,-6.5,,,,,,,,
Jalen Pickett,10/25,25-26,PHO,Home,W,133.0,111.0,2.0,,0.0,,2.0,0.0,0.0,0.0,0.0,1.0,1.0,100.0,0.0,0.0,0.0,0.0,0.0,0.0,DEN,-13.0,,,,,,,,
Jalen Pickett,5/7,24-25,OKC,Away,L,149.0,106.0,13.0,,1.0,,3.0,2.0,1.0,0.0,1.0,1.0,3.0,33.0,0.0,0.0,0.0,1.0,2.0,50.0,OKC,-10.0,,,,,,,,
Jalen Pickett,5/3,24-25,LAC,Home,W,120.0,101.0,3.0,,0.0,,0.0,1.0,0.0,0.0,0.0,0.0,1.0,0.0,0.0,0.0,0.0,0.0,1.0,0.0,DEN,-1.5,,,,,,,,
Jalen Pickett,4/29,24-25,LAC,Home,W,131.0,115.0,1.0,,0.0,,0.0,0.0,0.0,0.0,0.0,0.0,0.0,0.0,0.0,0.0,0.0,0.0,0.0,0.0,DEN,1.5,,,,,,,,
Jalen Pickett,4/26,24-25,LAC,Away,W,101.0,99.0,6.0,,1.0,,0.0,0.0,0.0,0.0,0.0,0.0,2.0,0.0,0.0,0.0,0.0,0.0,0.0,0.0,DEN,6.5,,,,,,,,
Jalen Pickett,4/24,24-25,LAC,Away,L,117.0,83.0,10.0,,0.0,,0.0,0.0,0.0,0.0,0.0,0.0,1.0,0.0,0.0,0.0,0.0,0.0,0.0,0.0,LAC,-5.5,,,,,,,,
Jalen Pickett,4/21,24-25,LAC,Home,L,105.0,102.0,7.0,,1.0,,2.0,0.0,0.0,0.0,0.0,1.0,2.0,50.0,0.0,0.0,0.0,0.0,1.0,0.0,LAC,-1.0,,,,,,,,
Jalen Pickett,4/19,24-25,LAC,Home,W,112.0,110.0,4.0,,0.0,,2.0,2.0,0.0,0.0,0.0,1.0,1.0,100.0,0.0,0.0,0.0,0.0,0.0,0.0,LAC,2.5,,,,,,,,
Jalen Pickett,4/13,24-25,HOU,Away,W,126.0,111.0,19.0,,1.0,,0.0,1.0,0.0,0.0,1.0,0.0,4.0,0.0,0.0,0.0,0.0,0.0,2.0,0.0,DEN,-6.0,,,,,,,,
Jalen Pickett,4/11,24-25,MEM,Home,W,117.0,109.0,9.0,2.5,2.0,U,0.0,2.0,0.0,2.0,0.0,0.0,2.0,0.0,0.0,0.0,0.0,0.0,2.0,0.0,DEN,-7.0,,,,,,,,
Jalen Pickett,4/9,24-25,SAC,Away,W,124.0,116.0,31.0,3.5,4.0,O,18.0,1.0,5.0,1.0,0.0,6.0,10.0,60.0,1.0,2.0,50.0,5.0,7.0,71.0,DEN,-4.5,,,,,,,,
Jalen Pickett,4/6,24-25,IND,Home,L,125.0,120.0,24.0,4.5,2.0,U,4.0,1.0,0.0,0.0,0.0,2.0,5.0,40.0,0.0,0.0,0.0,0.0,2.0,0.0,IND,6.0,,,,,,,,
Jalen Pickett,4/4,24-25,GSW,Away,L,118.0,104.0,23.0,2.5,3.0,O,8.0,1.0,2.0,0.0,1.0,3.0,7.0,43.0,0.0,0.0,0.0,2.0,6.0,33.0,GSW,-3.0,,,,,,,,
Jalen Pickett,4/2,24-25,SAS,Home,L,113.0,106.0,35.0,5.5,10.0,O,17.0,11.0,3.0,1.0,0.0,6.0,13.0,46.0,2.0,2.0,100.0,3.0,6.0,50.0,SAS,2.5,,,,,,,,
Jalen Pickett,4/1,24-25,MIN,Home,L,140.0,139.0,32.0,3.5,5.0,O,9.0,4.0,1.0,0.0,0.0,4.0,6.0,67.0,0.0,0.0,0.0,1.0,3.0,33.0,MIN,1.5,,,,,,,,
Jalen Pickett,3/28,24-25,UTH,Home,W,129.0,93.0,20.0,2.5,4.0,O,0.0,4.0,0.0,1.0,0.0,0.0,2.0,0.0,0.0,0.0,0.0,0.0,1.0,0.0,DEN,-18.5,,,,,,,,
Jalen Pickett,3/26,24-25,MIL,Home,W,127.0,117.0,14.0,,0.0,,4.0,0.0,1.0,0.0,0.0,1.0,2.0,50.0,1.0,2.0,50.0,1.0,2.0,50.0,MIL,11.5,,,,,,,,
Jalen Pickett,3/24,24-25,CHI,Home,L,129.0,119.0,11.0,,3.0,,2.0,2.0,0.0,0.0,0.0,1.0,3.0,33.0,0.0,0.0,0.0,0.0,1.0,0.0,CHI,2.5,,,,,,,,
Jalen Pickett,3/23,24-25,HOU,Away,W,116.0,111.0,3.0,2.5,0.0,U,0.0,0.0,0.0,0.0,0.0,0.0,0.0,0.0,0.0,0.0,0.0,0.0,0.0,0.0,DEN,7.5,,,,,,,,
Jalen Pickett,3/21,24-25,POR,Away,L,128.0,109.0,23.0,,5.0,,5.0,0.0,1.0,1.0,0.0,2.0,6.0,33.0,0.0,0.0,0.0,1.0,2.0,50.0,POR,2.5,,,,,,,,
Jalen Pickett,3/19,24-25,LAL,Away,L,120.0,108.0,19.0,2.5,5.0,O,14.0,4.0,4.0,2.0,0.0,5.0,9.0,56.0,0.0,0.0,0.0,4.0,6.0,67.0,LAL,-5.0,,,,,,,,
Jalen Pickett,3/17,24-25,GSW,Away,W,114.0,105.0,10.0,3.5,2.0,U,3.0,1.0,1.0,1.0,0.0,1.0,6.0,17.0,0.0,0.0,0.0,1.0,4.0,25.0,DEN,10.5,,,,,,,,
Jalen Pickett,3/15,24-25,WAS,Home,L,126.0,123.0,9.0,2.5,3.0,O,0.0,1.0,0.0,0.0,0.0,0.0,1.0,0.0,0.0,0.0,0.0,0.0,0.0,0.0,WAS,11.5,,,,,,,,
Jalen Pickett,3/14,24-25,LAL,Home,W,131.0,126.0,2.0,,0.0,,0.0,0.0,0.0,0.0,0.0,0.0,0.0,0.0,0.0,0.0,0.0,0.0,0.0,0.0,LAL,15.0,,,,,,,,
Jalen Pickett,3/12,24-25,MIN,Home,L,115.0,95.0,16.0,2.5,2.0,U,3.0,2.0,1.0,2.0,0.0,1.0,5.0,20.0,0.0,0.0,0.0,1.0,4.0,25.0,MIN,2.5,,,,,,,,
Jalen Pickett,3/10,24-25,OKC,Away,W,140.0,127.0,17.0,,1.0,,8.0,1.0,2.0,1.0,0.0,3.0,4.0,75.0,0.0,0.0,0.0,2.0,3.0,67.0,DEN,8.5,,,,,,,,
Jalen Pickett,3/9,24-25,OKC,Away,L,127.0,103.0,16.0,,2.0,,7.0,1.0,1.0,0.0,0.0,3.0,8.0,38.0,0.0,0.0,0.0,1.0,4.0,25.0,OKC,-7.5,,,,,,,,
Jalen Pickett,3/5,24-25,SAC,Home,W,116.0,110.0,17.0,,3.0,,5.0,2.0,1.0,0.0,0.0,2.0,5.0,40.0,0.0,0.0,0.0,1.0,3.0,33.0,SAC,8.5,,,,,,,,
Jalen Pickett,3/2,24-25,BOS,Away,L,110.0,103.0,7.0,,0.0,,3.0,1.0,1.0,0.0,0.0,1.0,1.0,100.0,0.0,0.0,0.0,1.0,1.0,100.0,BOS,-5.0,,,,,,,,
Jalen Pickett,2/28,24-25,DET,Away,W,134.0,119.0,7.0,,1.0,,0.0,1.0,0.0,0.0,0.0,0.0,0.0,0.0,0.0,0.0,0.0,0.0,0.0,0.0,DEN,-1.0,,,,,,,,
Jalen Pickett,2/24,24-25,IND,Away,W,125.0,116.0,3.0,,1.0,,4.0,0.0,0.0,0.0,0.0,2.0,3.0,67.0,0.0,0.0,0.0,0.0,1.0,0.0,DEN,-4.5,,,,,,,,
Jalen Pickett,2/22,24-25,LAL,Home,L,123.0,100.0,4.0,,0.0,,3.0,1.0,1.0,0.0,0.0,1.0,2.0,50.0,0.0,0.0,0.0,1.0,2.0,50.0,LAL,6.5,,,,,,,,
Jalen Pickett,2/12,24-25,POR,Home,W,132.0,121.0,28.0,4.5,1.0,U,3.0,3.0,1.0,0.0,0.0,1.0,5.0,20.0,0.0,0.0,0.0,1.0,4.0,25.0,DEN,-8.0,,,,,,,,
Jalen Pickett,2/10,24-25,POR,Home,W,146.0,117.0,29.0,3.5,9.0,O,14.0,3.0,1.0,2.0,0.0,6.0,10.0,60.0,1.0,1.0,100.0,1.0,4.0,25.0,DEN,-9.0,,,,,,,,
Jalen Pickett,2/8,24-25,PHO,Away,W,122.0,105.0,17.0,,1.0,,6.0,1.0,2.0,0.0,1.0,2.0,6.0,33.0,0.0,0.0,0.0,2.0,3.0,67.0,DEN,-6.5,,,,,,,,
Jalen Pickett,2/6,24-25,ORL,Home,W,112.0,90.0,31.0,3.5,5.0,O,5.0,3.0,1.0,0.0,1.0,2.0,6.0,33.0,0.0,0.0,0.0,1.0,3.0,33.0,DEN,-6.0,,,,,,,,
Jalen Pickett,2/5,24-25,NOR,Home,W,144.0,119.0,12.0,,2.0,,4.0,2.0,0.0,1.0,0.0,2.0,3.0,67.0,0.0,0.0,0.0,0.0,1.0,0.0,DEN,-11.0,,,,,,,,
Jalen Pickett,2/3,24-25,NOR,Home,W,125.0,113.0,12.0,,2.0,,0.0,1.0,0.0,1.0,0.0,0.0,4.0,0.0,0.0,0.0,0.0,0.0,1.0,0.0,DEN,-9.5,,,,,,,,
Jalen Pickett,2/1,24-25,CHA,Away,W,107.0,104.0,14.0,,0.0,,3.0,1.0,1.0,1.0,0.0,1.0,4.0,25.0,0.0,0.0,0.0,1.0,2.0,50.0,CHA,12.5,,,,,,,,
Jalen Pickett,1/25,24-25,MIN,Away,L,133.0,104.0,5.0,,1.0,,0.0,0.0,0.0,0.0,0.0,0.0,1.0,0.0,0.0,0.0,0.0,0.0,0.0,0.0,MIN,3.5,,,,,,,,
Jalen Pickett,1/21,24-25,PHI,Home,W,144.0,109.0,6.0,,1.0,,2.0,1.0,0.0,0.0,0.0,1.0,2.0,50.0,0.0,0.0,0.0,0.0,0.0,0.0,DEN,-12.0,,,,,,,,
Jalen Pickett,1/19,24-25,ORL,Away,W,113.0,100.0,2.0,,0.0,,2.0,1.0,0.0,0.0,0.0,1.0,2.0,50.0,0.0,0.0,0.0,0.0,1.0,0.0,DEN,-7.5,,,,,,,,
Jalen Pickett,1/17,24-25,MIA,Away,W,133.0,113.0,2.0,,0.0,,0.0,0.0,0.0,0.0,0.0,0.0,1.0,0.0,0.0,0.0,0.0,0.0,1.0,0.0,DEN,-3.5,,,,,,,,
Jalen Pickett,1/15,24-25,HOU,Home,L,128.0,108.0,18.0,,5.0,,2.0,1.0,0.0,1.0,0.0,1.0,3.0,33.0,0.0,0.0,0.0,0.0,1.0,0.0,HOU,-5.5,,,,,,,,
Jalen Pickett,1/14,24-25,DAL,Away,W,118.0,99.0,4.0,,0.0,,3.0,0.0,1.0,0.0,0.0,1.0,1.0,100.0,0.0,0.0,0.0,1.0,1.0,100.0,DEN,-3.0,,,,,,,,
Jalen Pickett,1/10,24-25,BKN,Home,W,124.0,105.0,9.0,,0.0,,5.0,1.0,0.0,0.0,0.0,2.0,4.0,50.0,1.0,1.0,100.0,0.0,1.0,0.0,DEN,-15.0,,,,,,,,
Jalen Pickett,1/8,24-25,LAC,Home,W,126.0,103.0,4.0,,0.0,,6.0,0.0,2.0,0.0,0.0,2.0,2.0,100.0,0.0,0.0,0.0,2.0,2.0,100.0,DEN,4.0,,,,,,,,
Jalen Pickett,1/4,24-25,SAS,Away,W,122.0,111.0,3.0,,0.0,,2.0,2.0,0.0,0.0,0.0,1.0,1.0,100.0,0.0,0.0,0.0,0.0,0.0,0.0,DEN,-2.5,,,,,,,,
Jalen Pickett,1/1,24-25,ATL,Home,W,139.0,120.0,13.0,,4.0,,7.0,1.0,1.0,0.0,0.0,3.0,5.0,60.0,0.0,0.0,0.0,1.0,2.0,50.0,DEN,-8.5,,,,,,,,
Jalen Pickett,12/27,24-25,CLE,Home,L,149.0,135.0,1.0,,1.0,,0.0,0.0,0.0,0.0,0.0,0.0,0.0,0.0,0.0,0.0,0.0,0.0,0.0,0.0,CLE,-3.5,,,,,,,,
Jalen Pickett,12/23,24-25,PHO,Home,W,117.0,90.0,23.0,,8.0,,11.0,3.0,3.0,0.0,1.0,4.0,11.0,36.0,0.0,0.0,0.0,3.0,8.0,38.0,DEN,-4.5,,,,,,,,
Jalen Pickett,12/13,24-25,LAC,Home,W,120.0,98.0,4.0,,1.0,,3.0,0.0,1.0,0.0,0.0,1.0,1.0,100.0,0.0,0.0,0.0,1.0,1.0,100.0,DEN,-7.0,,,,,,,,
Jalen Pickett,12/8,24-25,ATL,Away,W,141.0,111.0,17.0,,5.0,,5.0,2.0,1.0,1.0,0.0,2.0,2.0,100.0,0.0,0.0,0.0,1.0,1.0,100.0,DEN,1.0,,,,,,,,
Jalen Pickett,12/7,24-25,WAS,Away,L,122.0,113.0,15.0,,2.0,,0.0,3.0,0.0,0.0,0.0,0.0,1.0,0.0,0.0,0.0,0.0,0.0,1.0,0.0,WAS,11.5,,,,,,,,
Jalen Pickett,11/2,24-25,UTH,Home,W,129.0,103.0,2.0,,0.0,,0.0,0.0,0.0,0.0,0.0,0.0,0.0,0.0,0.0,0.0,0.0,0.0,0.0,0.0,DEN,-11.0,,,,,,,,
Jalen Pickett,10/24,24-25,OKC,Home,L,102.0,87.0,1.0,,0.0,,0.0,0.0,0.0,0.0,0.0,0.0,1.0,0.0,0.0,0.0,0.0,0.0,1.0,0.0,OKC,2.0,,,,,,,,
Spencer Jones,11/17,25-26,CHI,Home,L,130.0,127.0,6.0,,0.0,,0.0,0.0,0.0,0.0,0.0,0.0,0.0,0.0,0.0,0.0,0.0,0.0,0.0,0.0,CHI,13.5,,,,,,,,
Spencer Jones,11/15,25-26,MIN,Away,W,123.0,112.0,17.0,1.5,1.0,U,2.0,0.0,0.0,2.0,0.0,0.0,0.0,0.0,2.0,2.0,100.0,0.0,0.0,0.0,DEN,1.0,,,,,,,,
Spencer Jones,11/12,25-26,LAC,Away,W,130.0,116.0,15.0,,1.0,,3.0,0.0,1.0,1.0,0.0,1.0,1.0,100.0,0.0,0.0,0.0,1.0,1.0,100.0,DEN,-4.5,,,,,,,,
Spencer Jones,11/8,25-26,IND,Home,W,117.0,100.0,19.0,,2.0,,6.0,1.0,1.0,0.0,1.0,2.0,4.0,50.0,1.0,2.0,50.0,1.0,2.0,50.0,DEN,-12.0,,,,,,,,
Spencer Jones,11/7,25-26,GSW,Home,W,129.0,104.0,4.0,,0.0,,2.0,0.0,0.0,1.0,0.0,1.0,1.0,100.0,0.0,0.0,0.0,0.0,0.0,0.0,DEN,-5.5,,,,,,,,
Spencer Jones,10/29,25-26,NOR,Home,W,122.0,88.0,5.0,,0.0,,2.0,1.0,0.0,0.0,0.0,1.0,3.0,33.0,0.0,0.0,0.0,0.0,2.0,0.0,DEN,-11.5,,,,,,,,
Spencer Jones,10/25,25-26,PHO,Home,W,133.0,111.0,3.0,,0.0,,0.0,0.0,0.0,1.0,0.0,0.0,0.0,0.0,0.0,0.0,0.0,0.0,0.0,0.0,DEN,-13.0,,,,,,,,
Spencer Jones,10/23,25-26,GSW,Away,L,137.0,131.0,5.0,,0.0,,0.0,0.0,0.0,1.0,0.0,0.0,0.0,0.0,0.0,0.0,0.0,0.0,0.0,0.0,GSW,-1.5,,,,,,,,
Spencer Jones,4/2,24-25,SAS,Home,L,113.0,106.0,23.0,,2.0,,4.0,4.0,0.0,0.0,2.0,2.0,8.0,25.0,0.0,0.0,0.0,0.0,4.0,0.0,SAS,2.5,,,,,,,,
Spencer Jones,3/28,24-25,UTH,Home,W,129.0,93.0,6.0,,1.0,,0.0,1.0,0.0,0.0,0.0,0.0,1.0,0.0,0.0,0.0,0.0,0.0,1.0,0.0,DEN,-18.5,,,,,,,,
Spencer Jones,3/21,24-25,POR,Away,L,128.0,109.0,6.0,,0.0,,2.0,1.0,0.0,0.0,0.0,0.0,2.0,0.0,2.0,2.0,100.0,0.0,1.0,0.0,POR,2.5,,,,,,,,
Spencer Jones,3/19,24-25,LAL,Away,L,120.0,108.0,29.0,,0.0,,9.0,3.0,0.0,0.0,1.0,4.0,8.0,50.0,1.0,1.0,100.0,0.0,3.0,0.0,LAL,-5.0,,,,,,,,
Spencer Jones,3/17,24-25,GSW,Away,W,114.0,105.0,18.0,,1.0,,6.0,1.0,0.0,1.0,1.0,3.0,4.0,75.0,0.0,0.0,0.0,0.0,1.0,0.0,DEN,10.5,,,,,,,,
Spencer Jones,3/12,24-25,MIN,Home,L,115.0,95.0,5.0,,1.0,,0.0,1.0,0.0,1.0,1.0,0.0,1.0,0.0,0.0,0.0,0.0,0.0,0.0,0.0,MIN,2.5,,,,,,,,
Spencer Jones,3/9,24-25,OKC,Away,L,127.0,103.0,1.0,,0.0,,0.0,0.0,0.0,0.0,0.0,0.0,1.0,0.0,0.0,0.0,0.0,0.0,1.0,0.0,OKC,-7.5,,,,,,,,
Spencer Jones,2/28,24-25,DET,Away,W,134.0,119.0,3.0,,0.0,,0.0,1.0,0.0,0.0,0.0,0.0,0.0,0.0,0.0,0.0,0.0,0.0,0.0,0.0,DEN,-1.0,,,,,,,,
Spencer Jones,2/22,24-25,LAL,Home,L,123.0,100.0,3.0,,0.0,,0.0,1.0,0.0,0.0,0.0,0.0,1.0,0.0,0.0,0.0,0.0,0.0,0.0,0.0,LAL,6.5,,,,,,,,
Spencer Jones,2/10,24-25,POR,Home,W,146.0,117.0,4.0,,0.0,,0.0,0.0,0.0,1.0,0.0,0.0,1.0,0.0,0.0,0.0,0.0,0.0,1.0,0.0,DEN,-9.0,,,,,,,,
Spencer Jones,2/8,24-25,PHO,Away,W,122.0,105.0,2.0,,0.0,,0.0,0.0,0.0,0.0,0.0,0.0,0.0,0.0,0.0,0.0,0.0,0.0,0.0,0.0,DEN,-6.5,,,,,,,,
Spencer Jones,2/6,24-25,ORL,Home,W,112.0,90.0,4.0,,0.0,,0.0,1.0,0.0,0.0,0.0,0.0,1.0,0.0,0.0,0.0,0.0,0.0,0.0,0.0,DEN,-6.0,,,,,,,,
Spencer Jones,2/5,24-25,NOR,Home,W,144.0,119.0,2.0,,0.0,,3.0,0.0,1.0,0.0,0.0,1.0,2.0,50.0,0.0,0.0,0.0,1.0,2.0,50.0,DEN,-11.0,,,,,,,,
Spencer Jones,1/1,24-25,ATL,Home,W,139.0,120.0,3.0,,0.0,,2.0,0.0,0.0,0.0,0.0,1.0,2.0,50.0,0.0,0.0,0.0,0.0,1.0,0.0,DEN,-8.5,,,,,,,,
Spencer Jones,12/27,24-25,CLE,Home,L,149.0,135.0,1.0,,0.0,,0.0,0.0,0.0,0.0,0.0,0.0,0.0,0.0,0.0,0.0,0.0,0.0,0.0,0.0,CLE,-3.5,,,,,,,,
Spencer Jones,12/23,24-25,PHO,Home,W,117.0,90.0,4.0,,0.0,,0.0,2.0,0.0,0.0,0.0,0.0,1.0,0.0,0.0,0.0,0.0,0.0,1.0,0.0,DEN,-4.5,,,,,,,,
Spencer Jones,11/27,24-25,UTH,Away,W,122.0,103.0,1.0,,0.0,,0.0,0.0,0.0,1.0,0.0,0.0,1.0,0.0,0.0,0.0,0.0,0.0,1.0,0.0,DEN,-11.0,,,,,,,,
Spencer Jones,11/2,24-25,UTH,Home,W,129.0,103.0,2.0,,0.0,,0.0,1.0,0.0,1.0,0.0,0.0,0.0,0.0,0.0,0.0,0.0,0.0,0.0,0.0,DEN,-11.0,,,,,,,,
Trey Alexander,,25-26,,,,,,,,6.0,,,,,,,,,,,,,,,,,,,,,,11/17,"Josh Giddey
G - CHI",9.5,Under
Trey Alexander,,25-26,,,,,,,,6.0,,,,,,,,,,,,,,,,,,,,,,11/15,"Anthony Edwards
G - MIN",4.5,Over
Trey Alexander,,25-26,,,,,,,,5.0,,,,,,,,,,,,,,,,,,,,,,11/12,"James Harden
G - LAC",9.5,Under
Trey Alexander,,25-26,,,,,,,,11.0,,,,,,,,,,,,,,,,,,,,,,11/11,"Russell Westbrook III
G - SAC",5.5,Over
Trey Alexander,,25-26,,,,,,,,6.0,,,,,,,,,,,,,,,,,,,,,,11/8,"Andrew Nembhard
G - IND",3.5,Over
Trey Alexander,,25-26,,,,,,,,3.0,,,,,,,,,,,,,,,,,,,,,,11/7,"Moses Moody
G - GSW",1.5,Over
Trey Alexander,,25-26,,,,,,,,9.0,,,,,,,,,,,,,,,,,,,,,,11/5,"Davion Mitchell
G - MIA",5.5,Over
Trey Alexander,,25-26,,,,,,,,9.0,,,,,,,,,,,,,,,,,,,,,,11/3,"Dennis Schroder
G - SAC",4.5,Over
Trey Alexander,,25-26,,,,,,,,13.0,,,,,,,,,,,,,,,,,,,,,,10/31,"Jrue Holiday
G - POR",6.5,Over
Trey Alexander,,25-26,,,,,,,,4.0,,,,,,,,,,,,,,,,,,,,,,10/27,"Mike Conley
G - MIN",4.5,Under
Trey Alexander,4/2,24-25,SAS,Home,L,113.0,106.0,19.0,,1.0,,7.0,2.0,1.0,0.0,0.0,3.0,11.0,27.0,0.0,0.0,0.0,1.0,6.0,17.0,,,,,,,,,,
Trey Alexander,3/28,24-25,UTH,Home,L,129.0,93.0,4.0,,2.0,,4.0,0.0,0.0,0.0,0.0,2.0,3.0,67.0,0.0,0.0,0.0,0.0,1.0,0.0,,,,,,,,,,
Trey Alexander,3/12,24-25,MIN,Home,L,115.0,95.0,5.0,,1.0,,1.0,0.0,0.0,0.0,0.0,0.0,2.0,0.0,1.0,2.0,50.0,0.0,0.0,0.0,,,,,,,,,,
Trey Alexander,2/10,24-25,POR,Home,L,146.0,117.0,4.0,,0.0,,4.0,4.0,0.0,0.0,0.0,2.0,4.0,50.0,0.0,0.0,0.0,0.0,0.0,0.0,,,,,,,,,,
Trey Alexander,2/8,24-25,PHO,Away,L,122.0,105.0,5.0,,1.0,,0.0,1.0,0.0,0.0,0.0,0.0,1.0,0.0,0.0,0.0,0.0,0.0,1.0,0.0,,,,,,,,,,
Trey Alexander,2/6,24-25,ORL,Home,L,112.0,90.0,4.0,,0.0,,2.0,0.0,0.0,0.0,0.0,1.0,1.0,100.0,0.0,0.0,0.0,0.0,0.0,0.0,,,,,,,,,,
Trey Alexander,2/5,24-25,NOR,Home,L,144.0,119.0,2.0,,0.0,,0.0,0.0,0.0,0.0,0.0,0.0,0.0,0.0,0.0,0.0,0.0,0.0,0.0,0.0,DEN,-11.0,,,,,,,,
Trey Alexander,1/15,24-25,HOU,Home,L,128.0,108.0,5.0,,1.0,,3.0,1.0,1.0,1.0,0.0,1.0,4.0,25.0,0.0,0.0,0.0,1.0,2.0,50.0,,,,,,,,,,
Trey Alexander,1/14,24-25,DAL,Away,L,118.0,99.0,3.0,,0.0,,0.0,1.0,0.0,0.0,0.0,0.0,0.0,0.0,0.0,0.0,0.0,0.0,0.0,0.0,,,,,,,,,,
Trey Alexander,1/8,24-25,LAC,Home,L,126.0,103.0,4.0,,2.0,,0.0,1.0,0.0,0.0,0.0,0.0,2.0,0.0,0.0,0.0,0.0,0.0,1.0,0.0,,,,,,,,,,
Trey Alexander,12/23,24-25,PHO,Home,L,117.0,90.0,4.0,,1.0,,0.0,0.0,0.0,0.0,0.0,0.0,0.0,0.0,0.0,0.0,0.0,0.0,0.0,0.0,,,,,,,,,,
Trey Alexander,12/8,24-25,ATL,Away,L,141.0,111.0,2.0,,0.0,,2.0,0.0,0.0,0.0,0.0,1.0,2.0,50.0,0.0,0.0,0.0,0.0,0.0,0.0,,,,,,,,,,
Trey Alexander,11/27,24-25,UTH,Away,L,122.0,103.0,1.0,,0.0,,0.0,0.0,0.0,0.0,0.0,0.0,0.0,0.0,0.0,0.0,0.0,0.0,0.0,0.0,,,,,,,,,,
Trey Alexander,11/25,24-25,NYK,Home,L,145.0,118.0,10.0,,1.0,,2.0,0.0,0.0,0.0,1.0,0.0,2.0,0.0,2.0,2.0,100.0,0.0,2.0,0.0,,,,,,,,,,
Trey Alexander,11/23,24-25,LAL,Away,L,127.0,102.0,10.0,,0.0,,3.0,0.0,1.0,0.0,0.0,1.0,2.0,50.0,0.0,0.0,0.0,1.0,2.0,50.0,,,,,,,,,,
Trey Alexander,11/22,24-25,DAL,Home,L,123.0,120.0,2.0,,0.0,,0.0,0.0,0.0,0.0,0.0,0.0,0.0,0.0,0.0,0.0,0.0,0.0,0.0,0.0,,,,,,,,,,
Trey Alexander,11/19,24-25,MEM,Away,L,122.0,110.0,9.0,,1.0,,0.0,0.0,0.0,0.0,0.0,0.0,3.0,0.0,0.0,0.0,0.0,0.0,1.0,0.0,,,,,,,,,,
Trey Alexander,11/17,24-25,MEM,Away,L,105.0,90.0,1.0,,0.0,,0.0,0.0,0.0,0.0,0.0,0.0,0.0,0.0,0.0,0.0,0.0,0.0,0.0,0.0,,,,,,,,,,
Trey Alexander,11/2,24-25,UTH,Home,L,129.0,103.0,4.0,,0.0,,2.0,0.0,0.0,0.0,0.0,1.0,3.0,33.0,0.0,0.0,0.0,0.0,1.0,0.0,,,,,,,,,,
Trey Alexander,10/24,24-25,OKC,Home,L,102.0,87.0,1.0,,0.0,,0.0,1.0,0.0,0.0,0.0,0.0,0.0,0.0,0.0,0.0,0.0,0.0,0.0,0.0,,,,,,,,,,
PJ Hall,,25-26,,,,,,,,,,,,,,,,,,,,,,,,,,"Click to view system
Desmond Bane Assists Overs When Favored",+23.48u,60-30-5 (67%),,,,,
PJ Hall,,25-26,,,,,,,,,,,,,,,,,,,,,,,,,,"Click to view system
Click to go premium",,,,,,,
PJ Hall,,25-26,,,,,,,,,,,,,,,,,,,,,,,,,,"Click to view system
Click to go premium",,,,,,,
PJ Hall,3/28,24-25,UTH,Home,L,129.0,93.0,4.0,,0.0,,7.0,3.0,1.0,0.0,0.0,3.0,4.0,75.0,0.0,0.0,0.0,1.0,1.0,100.0,,,,,,,,,,
PJ Hall,3/21,24-25,POR,Away,L,128.0,109.0,4.0,,0.0,,4.0,0.0,0.0,0.0,0.0,2.0,3.0,67.0,0.0,0.0,0.0,0.0,1.0,0.0,,,,,,,,,,
PJ Hall,3/19,24-25,LAL,Away,L,120.0,108.0,8.0,,1.0,,5.0,2.0,1.0,0.0,2.0,2.0,2.0,100.0,0.0,0.0,0.0,1.0,1.0,100.0,,,,,,,,,,
PJ Hall,3/12,24-25,MIN,Home,L,115.0,95.0,3.0,,0.0,,2.0,1.0,0.0,0.0,0.0,1.0,1.0,100.0,0.0,0.0,0.0,0.0,0.0,0.0,,,,,,,,,,
PJ Hall,2/22,24-25,LAL,Home,L,123.0,100.0,4.0,,0.0,,0.0,2.0,0.0,0.0,1.0,0.0,2.0,0.0,0.0,0.0,0.0,0.0,1.0,0.0,,,,,,,,,,
PJ Hall,2/10,24-25,POR,Home,L,146.0,117.0,4.0,,1.0,,2.0,0.0,0.0,0.0,0.0,1.0,1.0,100.0,0.0,0.0,0.0,0.0,0.0,0.0,,,,,,,,,,
PJ Hall,2/8,24-25,PHO,Away,L,122.0,105.0,2.0,,0.0,,2.0,1.0,0.0,0.0,0.0,1.0,1.0,100.0,0.0,0.0,0.0,0.0,0.0,0.0,,,,,,,,,,
PJ Hall,2/6,24-25,ORL,Home,L,112.0,90.0,4.0,,0.0,,0.0,2.0,0.0,0.0,0.0,0.0,2.0,0.0,0.0,0.0,0.0,0.0,1.0,0.0,,,,,,,,,,
PJ Hall,2/5,24-25,NOR,Home,L,144.0,119.0,2.0,,0.0,,0.0,1.0,0.0,0.0,0.0,0.0,0.0,0.0,0.0,0.0,0.0,0.0,0.0,0.0,,,,,,,,,,
PJ Hall,1/25,24-25,MIN,Away,L,133.0,104.0,5.0,,0.0,,2.0,2.0,0.0,0.0,0.0,0.0,1.0,0.0,2.0,2.0,100.0,0.0,1.0,0.0,,,,,,,,,,
PJ Hall,1/21,24-25,PHI,Home,L,144.0,109.0,4.0,,1.0,,4.0,3.0,0.0,0.0,0.0,2.0,2.0,100.0,0.0,0.0,0.0,0.0,0.0,0.0,,,,,,,,,,
PJ Hall,1/19,24-25,ORL,Away,L,113.0,100.0,2.0,,0.0,,1.0,1.0,0.0,0.0,0.0,0.0,0.0,0.0,1.0,2.0,50.0,0.0,0.0,0.0,,,,,,,,,,
PJ Hall,1/17,24-25,MIA,Away,L,133.0,113.0,2.0,,1.0,,0.0,1.0,0.0,0.0,0.0,0.0,0.0,0.0,0.0,0.0,0.0,0.0,0.0,0.0,,,,,,,,,,
PJ Hall,12/23,24-25,PHO,Home,L,117.0,90.0,2.0,,0.0,,0.0,2.0,0.0,0.0,1.0,0.0,0.0,0.0,0.0,0.0,0.0,0.0,0.0,0.0,,,,,,,,,,
PJ Hall,12/8,24-25,ATL,Away,L,141.0,111.0,2.0,,0.0,,2.0,1.0,0.0,0.0,0.0,1.0,2.0,50.0,0.0,0.0,0.0,0.0,0.0,0.0,,,,,,,,,,
PJ Hall,11/27,24-25,UTH,Away,L,122.0,103.0,1.0,,0.0,,0.0,0.0,0.0,0.0,0.0,0.0,1.0,0.0,0.0,0.0,0.0,0.0,1.0,0.0,,,,,,,,,,
PJ Hall,11/25,24-25,NYK,Home,L,145.0,118.0,2.0,,0.0,,0.0,0.0,0.0,0.0,0.0,0.0,0.0,0.0,0.0,0.0,0.0,0.0,0.0,0.0,,,,,,,,,,
PJ Hall,11/23,24-25,LAL,Away,L,127.0,102.0,2.0,,0.0,,2.0,0.0,0.0,0.0,0.0,1.0,2.0,50.0,0.0,0.0,0.0,0.0,1.0,0.0,,,,,,,,,,
PJ Hall,11/17,24-25,MEM,Away,L,105.0,90.0,1.0,,0.0,,0.0,0.0,0.0,0.0,0.0,0.0,0.0,0.0,0.0,0.0,0.0,0.0,0.0,0.0,,,,,,,,,,
Hunter Tyson,11/12,25-26,LAC,Away,W,130.0,116.0,3.0,,0.0,,0.0,1.0,0.0,1.0,0.0,0.0,2.0,0.0,0.0,0.0,0.0,0.0,1.0,0.0,DEN,-4.5,,,,,,,,
Hunter Tyson,11/8,25-26,IND,Home,W,117.0,100.0,3.0,,0.0,,0.0,3.0,0.0,0.0,0.0,0.0,2.0,0.0,0.0,0.0,0.0,0.0,0.0,0.0,DEN,-12.0,,,,,,,,
Hunter Tyson,11/7,25-26,GSW,Home,W,129.0,104.0,3.0,,0.0,,0.0,1.0,0.0,0.0,0.0,0.0,1.0,0.0,0.0,0.0,0.0,0.0,1.0,0.0,DEN,-5.5,,,,,,,,
Hunter Tyson,10/29,25-26,NOR,Home,W,122.0,88.0,5.0,,0.0,,0.0,4.0,0.0,0.0,0.0,0.0,2.0,0.0,0.0,0.0,0.0,0.0,2.0,0.0,DEN,-11.5,,,,,,,,
Hunter Tyson,10/27,25-26,MIN,Away,W,127.0,114.0,1.0,,0.0,,0.0,1.0,0.0,0.0,0.0,0.0,0.0,0.0,0.0,0.0,0.0,0.0,0.0,0.0,DEN,-6.5,,,,,,,,
Hunter Tyson,5/7,24-25,OKC,Away,L,149.0,106.0,12.0,,1.0,,8.0,4.0,0.0,1.0,0.0,2.0,4.0,50.0,4.0,4.0,100.0,0.0,1.0,0.0,OKC,-10.0,,,,,,,,
Hunter Tyson,5/3,24-25,LAC,Home,W,120.0,101.0,2.0,,0.0,,0.0,1.0,0.0,0.0,0.0,0.0,1.0,0.0,0.0,0.0,0.0,0.0,1.0,0.0,DEN,-1.5,,,,,,,,
Hunter Tyson,4/29,24-25,LAC,Home,W,131.0,115.0,1.0,,0.0,,2.0,0.0,0.0,0.0,0.0,1.0,1.0,100.0,0.0,0.0,0.0,0.0,0.0,0.0,DEN,1.5,,,,,,,,
Hunter Tyson,4/24,24-25,LAC,Away,L,117.0,83.0,4.0,,0.0,,0.0,0.0,0.0,0.0,0.0,0.0,1.0,0.0,0.0,0.0,0.0,0.0,1.0,0.0,LAC,-5.5,,,,,,,,
Hunter Tyson,4/13,24-25,HOU,Away,W,126.0,111.0,4.0,,1.0,,2.0,0.0,0.0,0.0,0.0,0.0,1.0,0.0,2.0,2.0,100.0,0.0,0.0,0.0,DEN,-6.0,,,,,,,,
Hunter Tyson,4/2,24-25,SAS,Home,L,113.0,106.0,29.0,1.5,0.0,U,18.0,6.0,3.0,0.0,0.0,7.0,20.0,35.0,1.0,1.0,100.0,3.0,9.0,33.0,SAS,2.5,,,,,,,,
Hunter Tyson,4/1,24-25,MIN,Home,L,140.0,139.0,5.0,,0.0,,0.0,0.0,0.0,1.0,0.0,0.0,0.0,0.0,0.0,0.0,0.0,0.0,0.0,0.0,MIN,1.5,,,,,,,,
Hunter Tyson,3/28,24-25,UTH,Home,W,129.0,93.0,6.0,,1.0,,3.0,1.0,1.0,0.0,1.0,1.0,3.0,33.0,0.0,0.0,0.0,1.0,3.0,33.0,DEN,-18.5,,,,,,,,
Hunter Tyson,3/21,24-25,POR,Away,L,128.0,109.0,4.0,,1.0,,3.0,3.0,1.0,0.0,0.0,1.0,2.0,50.0,0.0,0.0,0.0,1.0,1.0,100.0,POR,2.5,,,,,,,,
Hunter Tyson,3/19,24-25,LAL,Away,L,120.0,108.0,12.0,,1.0,,6.0,1.0,0.0,0.0,0.0,2.0,6.0,33.0,2.0,2.0,100.0,0.0,4.0,0.0,LAL,-5.0,,,,,,,,
Hunter Tyson,3/17,24-25,GSW,Away,W,114.0,105.0,19.0,,2.0,,9.0,7.0,1.0,2.0,0.0,4.0,9.0,44.0,0.0,0.0,0.0,1.0,4.0,25.0,DEN,10.5,,,,,,,,
Hunter Tyson,3/12,24-25,MIN,Home,L,115.0,95.0,5.0,,0.0,,8.0,0.0,2.0,1.0,0.0,3.0,5.0,60.0,0.0,0.0,0.0,2.0,4.0,50.0,MIN,2.5,,,,,,,,
Hunter Tyson,3/9,24-25,OKC,Away,L,127.0,103.0,1.0,,0.0,,0.0,0.0,0.0,0.0,0.0,0.0,0.0,0.0,0.0,0.0,0.0,0.0,0.0,0.0,OKC,-7.5,,,,,,,,
Hunter Tyson,2/28,24-25,DET,Away,W,134.0,119.0,3.0,,0.0,,0.0,0.0,0.0,0.0,0.0,0.0,0.0,0.0,0.0,0.0,0.0,0.0,0.0,0.0,DEN,-1.0,,,,,,,,
Hunter Tyson,2/22,24-25,LAL,Home,L,123.0,100.0,7.0,,0.0,,0.0,1.0,0.0,0.0,0.0,0.0,2.0,0.0,0.0,0.0,0.0,0.0,2.0,0.0,LAL,6.5,,,,,,,,
Hunter Tyson,2/12,24-25,POR,Home,W,132.0,121.0,6.0,,0.0,,0.0,0.0,0.0,0.0,0.0,0.0,2.0,0.0,0.0,0.0,0.0,0.0,1.0,0.0,DEN,-8.0,,,,,,,,
Hunter Tyson,2/10,24-25,POR,Home,W,146.0,117.0,9.0,,1.0,,0.0,3.0,0.0,0.0,0.0,0.0,3.0,0.0,0.0,0.0,0.0,0.0,3.0,0.0,DEN,-9.0,,,,,,,,
Hunter Tyson,2/8,24-25,PHO,Away,W,122.0,105.0,6.0,,0.0,,5.0,0.0,1.0,0.0,0.0,2.0,2.0,100.0,0.0,0.0,0.0,1.0,1.0,100.0,DEN,-6.5,,,,,,,,
Hunter Tyson,2/6,24-25,ORL,Home,W,112.0,90.0,10.0,,0.0,,7.0,2.0,2.0,0.0,0.0,2.0,4.0,50.0,1.0,2.0,50.0,2.0,4.0,50.0,DEN,-6.0,,,,,,,,
Hunter Tyson,2/5,24-25,NOR,Home,W,144.0,119.0,10.0,,0.0,,4.0,2.0,1.0,0.0,0.0,1.0,2.0,50.0,1.0,2.0,50.0,1.0,2.0,50.0,DEN,-11.0,,,,,,,,
Hunter Tyson,2/3,24-25,NOR,Home,W,125.0,113.0,8.0,,0.0,,0.0,2.0,0.0,0.0,1.0,0.0,0.0,0.0,0.0,0.0,0.0,0.0,0.0,0.0,DEN,-9.5,,,,,,,,
Hunter Tyson,1/25,24-25,MIN,Away,L,133.0,104.0,5.0,,0.0,,0.0,4.0,0.0,1.0,0.0,0.0,3.0,0.0,0.0,2.0,0.0,0.0,2.0,0.0,MIN,3.5,,,,,,,,
Hunter Tyson,1/21,24-25,PHI,Home,W,144.0,109.0,6.0,,1.0,,3.0,2.0,1.0,0.0,0.0,1.0,4.0,25.0,0.0,0.0,0.0,1.0,3.0,33.0,DEN,-12.0,,,,,,,,
Hunter Tyson,1/19,24-25,ORL,Away,W,113.0,100.0,2.0,,0.0,,0.0,0.0,0.0,0.0,0.0,0.0,2.0,0.0,0.0,0.0,0.0,0.0,2.0,0.0,DEN,-7.5,,,,,,,,
Hunter Tyson,1/17,24-25,MIA,Away,W,133.0,113.0,2.0,,0.0,,3.0,0.0,1.0,0.0,0.0,1.0,1.0,100.0,0.0,0.0,0.0,1.0,1.0,100.0,DEN,-3.5,,,,,,,,
Hunter Tyson,1/15,24-25,HOU,Home,L,128.0,108.0,7.0,,0.0,,4.0,2.0,1.0,0.0,0.0,1.0,3.0,33.0,1.0,2.0,50.0,1.0,2.0,50.0,HOU,-5.5,,,,,,,,
Hunter Tyson,1/14,24-25,DAL,Away,W,118.0,99.0,3.0,,1.0,,0.0,1.0,0.0,0.0,0.0,0.0,0.0,0.0,0.0,0.0,0.0,0.0,0.0,0.0,DEN,-3.0,,,,,,,,
Hunter Tyson,1/8,24-25,LAC,Home,W,126.0,103.0,8.0,,0.0,,0.0,1.0,0.0,0.0,0.0,0.0,1.0,0.0,0.0,0.0,0.0,0.0,0.0,0.0,DEN,4.0,,,,,,,,
Hunter Tyson,1/3,24-25,SAS,Home,L,113.0,110.0,5.0,,0.0,,0.0,1.0,0.0,0.0,1.0,0.0,1.0,0.0,0.0,0.0,0.0,0.0,1.0,0.0,SAS,6.0,,,,,,,,
Hunter Tyson,1/1,24-25,ATL,Home,W,139.0,120.0,4.0,,0.0,,0.0,0.0,0.0,0.0,0.0,0.0,0.0,0.0,0.0,0.0,0.0,0.0,0.0,0.0,DEN,-8.5,,,,,,,,
Hunter Tyson,12/30,24-25,UTH,Away,W,132.0,121.0,6.0,,0.0,,0.0,0.0,0.0,0.0,0.0,0.0,2.0,0.0,0.0,0.0,0.0,0.0,2.0,0.0,DEN,-7.5,,,,,,,,
Hunter Tyson,12/28,24-25,DET,Home,W,134.0,121.0,13.0,,2.0,,2.0,3.0,0.0,0.0,0.0,1.0,3.0,33.0,0.0,0.0,0.0,0.0,1.0,0.0,DEN,-6.0,,,,,,,,
Hunter Tyson,12/27,24-25,CLE,Home,L,149.0,135.0,6.0,,0.0,,3.0,1.0,1.0,0.0,0.0,1.0,3.0,33.0,0.0,0.0,0.0,1.0,1.0,100.0,CLE,-3.5,,,,,,,,
Hunter Tyson,12/23,24-25,PHO,Home,W,117.0,90.0,15.0,,0.0,,6.0,4.0,1.0,1.0,0.0,2.0,4.0,50.0,1.0,2.0,50.0,1.0,2.0,50.0,DEN,-4.5,,,,,,,,
Hunter Tyson,12/19,24-25,POR,Away,L,126.0,124.0,5.0,,1.0,,0.0,2.0,0.0,0.0,0.0,0.0,2.0,0.0,0.0,0.0,0.0,0.0,1.0,0.0,POR,8.5,,,,,,,,
Hunter Tyson,12/16,24-25,SAC,Away,W,130.0,129.0,17.0,,1.0,,7.0,3.0,1.0,1.0,0.0,2.0,2.0,100.0,2.0,2.0,100.0,1.0,1.0,100.0,DEN,1.0,,,,,,,,
Hunter Tyson,12/13,24-25,LAC,Home,W,120.0,98.0,4.0,,0.0,,5.0,1.0,1.0,0.0,0.0,1.0,1.0,100.0,2.0,2.0,100.0,1.0,1.0,100.0,DEN,-7.0,,,,,,,,
Hunter Tyson,12/8,24-25,ATL,Away,W,141.0,111.0,7.0,,1.0,,5.0,1.0,1.0,0.0,0.0,2.0,2.0,100.0,0.0,0.0,0.0,1.0,1.0,100.0,DEN,1.0,,,,,,,,
Hunter Tyson,12/7,24-25,WAS,Away,L,122.0,113.0,11.0,,0.0,,2.0,4.0,0.0,0.0,0.0,0.0,2.0,0.0,2.0,2.0,100.0,0.0,2.0,0.0,WAS,11.5,,,,,,,,
Hunter Tyson,11/27,24-25,UTH,Away,W,122.0,103.0,15.0,,0.0,,5.0,4.0,1.0,0.0,2.0,1.0,3.0,33.0,2.0,2.0,100.0,1.0,2.0,50.0,DEN,-11.0,,,,,,,,
Hunter Tyson,11/25,24-25,NYK,Home,L,145.0,118.0,10.0,,1.0,,5.0,1.0,1.0,0.0,0.0,2.0,3.0,67.0,0.0,0.0,0.0,1.0,2.0,50.0,NYK,2.5,,,,,,,,
Hunter Tyson,11/23,24-25,LAL,Away,W,127.0,102.0,2.0,,1.0,,1.0,2.0,0.0,0.0,0.0,0.0,0.0,0.0,1.0,2.0,50.0,0.0,0.0,0.0,DEN,4.0,,,,,,,,
Hunter Tyson,11/22,24-25,DAL,Home,L,123.0,120.0,1.0,,0.0,,0.0,0.0,0.0,0.0,0.0,0.0,1.0,0.0,0.0,0.0,0.0,0.0,0.0,0.0,DAL,4.5,,,,,,,,
Hunter Tyson,11/17,24-25,MEM,Away,L,105.0,90.0,1.0,,0.0,,0.0,0.0,0.0,0.0,0.0,0.0,1.0,0.0,0.0,0.0,0.0,0.0,1.0,0.0,MEM,-6.0,,,,,,,,
Hunter Tyson,11/15,24-25,NOR,Away,L,101.0,94.0,2.0,,0.0,,0.0,0.0,0.0,0.0,0.0,0.0,2.0,0.0,0.0,0.0,0.0,0.0,2.0,0.0,NOR,2.0,,,,,,,,
Hunter Tyson,11/8,24-25,MIA,Home,W,135.0,122.0,9.0,,0.0,,7.0,2.0,1.0,0.0,0.0,3.0,3.0,100.0,0.0,0.0,0.0,1.0,1.0,100.0,DEN,-3.0,,,,,,,,
Hunter Tyson,11/6,24-25,OKC,Home,W,124.0,122.0,18.0,,0.0,,2.0,4.0,0.0,1.0,0.0,1.0,2.0,50.0,0.0,0.0,0.0,0.0,1.0,0.0,DEN,7.0,,,,,,,,
Hunter Tyson,11/4,24-25,TOR,Home,W,121.0,119.0,15.0,,0.0,,0.0,1.0,0.0,1.0,1.0,0.0,1.0,0.0,0.0,0.0,0.0,0.0,1.0,0.0,TOR,11.0,,,,,,,,
Hunter Tyson,11/2,24-25,UTH,Home,W,129.0,103.0,25.0,,4.0,,7.0,4.0,0.0,0.0,0.0,2.0,5.0,40.0,3.0,3.0,100.0,0.0,2.0,0.0,DEN,-11.0,,,,,,,,
Hunter Tyson,11/1,24-25,MIN,Away,L,119.0,116.0,5.0,,0.0,,2.0,1.0,0.0,0.0,0.0,1.0,1.0,100.0,0.0,0.0,0.0,0.0,0.0,0.0,DEN,3.5,,,,,,,,
Hunter Tyson,10/24,24-25,OKC,Home,L,102.0,87.0,1.0,,0.0,,0.0,1.0,0.0,0.0,0.0,0.0,1.0,0.0,0.0,0.0,0.0,0.0,1.0,0.0,OKC,2.0,,,,,,,,
